ファイル名,相対パス,図鑑番号,ポケモン名,姿違い,寝顔ID,寝顔名,元画像,注記,状態,確認理由,切り抜き範囲,元試作状態,実sleepStyleId,納品相対パス,source_sha256,枠に接する色領域画素,再生ボタン領域画素,内部透明穴数,構図,一覧番号,欠損判定,再生ボタン判定
フシギソウ_寝顔4_おなかのうえ寝.webp,フシギソウ/フシギソウ_寝顔4_おなかのうえ寝.webp,0002,フシギソウ,通常,4,おなかのうえ寝,IMG_1606.png,カビゴンは元画像に見える範囲のみ。再生ボタンの重なり部分は補描なし。,加工済み・実装後確認,再生ボタン残り：身体の欠損とは別,"(95, 1838, 513, 2117)",構図要確認,未照合,画像/フシギソウ/フシギソウ_寝顔4_おなかのうえ寝.webp,7e77f9af2500781a3f4def636d754648752df3660766bed986cb53763f5981f8,2049,1723,0,寝顔中心・上下直線・左右16%曲線・枠外透過,7,一次一覧確認で確定なし（細部は実装後確認）,枠内に残る可能性
ヒトカゲ_寝顔4_おなかのうえ寝.webp,ヒトカゲ/ヒトカゲ_寝顔4_おなかのうえ寝.webp,0004,ヒトカゲ,通常,4,おなかのうえ寝,IMG_1608.png,カビゴンは元画像に見える範囲のみ。再生ボタンの重なり部分は補描なし。,加工済み・実装後確認,再生ボタン残り：身体の欠損とは別,"(95, 1819, 499, 2098)",構図要確認,未照合,画像/ヒトカゲ/ヒトカゲ_寝顔4_おなかのうえ寝.webp,2259f20ad79e1a757c43d389636329afe61760930637a026871b914c2018fadf,901,1352,0,寝顔中心・上下直線・左右16%曲線・枠外透過,15,一次一覧確認で確定なし（細部は実装後確認）,枠内に残る可能性
リザード_寝顔4_おなかのうえ寝.webp,リザード/リザード_寝顔4_おなかのうえ寝.webp,0005,リザード,通常,4,おなかのうえ寝,IMG_1609.png,カビゴンは元画像に見える範囲のみ。再生ボタンの重なり部分は補描なし。,加工済み・実装後確認,再生ボタン残り：身体の欠損とは別,"(95, 1815, 525, 2095)",構図要確認,未照合,画像/リザード/リザード_寝顔4_おなかのうえ寝.webp,664c0ca8fb11c72ae6ec86f83957762940f16c6c9a8e8a801216dc9123fe00a9,143,1768,0,寝顔中心・上下直線・左右16%曲線・枠外透過,19,一次一覧確認で確定なし（細部は実装後確認）,枠内に残る可能性
ゼニガメ_寝顔4_おなかのうえ寝.webp,ゼニガメ/ゼニガメ_寝顔4_おなかのうえ寝.webp,0007,ゼニガメ,通常,4,おなかのうえ寝,IMG_1611.png,カビゴンは元画像に見える範囲のみ。再生ボタンの重なり部分は補描なし。,加工済み・実装後確認,再生ボタン残り：身体の欠損とは別,"(95, 1854, 525, 2132)",構図要確認,未照合,画像/ゼニガメ/ゼニガメ_寝顔4_おなかのうえ寝.webp,f4baf776eac6480328109cad5ffc8e9cd2e5514ddc7f317902d1bacacb95b10d,3781,1768,0,寝顔中心・上下直線・左右16%曲線・枠外透過,27,一次一覧確認で確定なし（細部は実装後確認）,枠内に残る可能性
カメール_寝顔4_おなかのうえ寝.webp,カメール/カメール_寝顔4_おなかのうえ寝.webp,0008,カメール,通常,4,おなかのうえ寝,IMG_1612.png,カビゴンは元画像に見える範囲のみ。再生ボタンの重なり部分は補描なし。,加工済み・実装後確認,再生ボタン残り：身体の欠損とは別,"(99, 1835, 523, 2115)",構図要確認,未照合,画像/カメール/カメール_寝顔4_おなかのうえ寝.webp,70c5db2311bec788211bce3b77894034281a05d75277a17bdcdd8be454e2748b,1365,1768,0,寝顔中心・上下直線・左右16%曲線・枠外透過,31,一次一覧確認で確定なし（細部は実装後確認）,枠内に残る可能性
キャタピー_寝顔4_おなかのうえ寝.webp,キャタピー/キャタピー_寝顔4_おなかのうえ寝.webp,0010,キャタピー,通常,4,おなかのうえ寝,IMG_1616.png,カビゴンは元画像に見える範囲のみ。再生ボタンの重なり部分は補描なし。,加工済み・実装後確認,再生ボタン残り：身体の欠損とは別,"(95, 1834, 525, 2111)",構図要確認,未照合,画像/キャタピー/キャタピー_寝顔4_おなかのうえ寝.webp,dc3315bb57e2180785ecdea107a839c33b0d4cae82aadba50b4db40b2136ac8a,3970,1768,0,寝顔中心・上下直線・左右16%曲線・枠外透過,39,一次一覧確認で確定なし（細部は実装後確認）,枠内に残る可能性
トランセル_寝顔4_おなかのうえ寝.webp,トランセル/トランセル_寝顔4_おなかのうえ寝.webp,0011,トランセル,通常,4,おなかのうえ寝,IMG_1617.png,カビゴンは元画像に見える範囲のみ。再生ボタンの重なり部分は補描なし。,加工済み・実装後確認,再生ボタン残り：身体の欠損とは別,"(95, 1797, 525, 2076)",構図要確認,未照合,画像/トランセル/トランセル_寝顔4_おなかのうえ寝.webp,844a0ce5802848a42417bc06b4d077c00ad143dc26e8baee2c01df116c6592be,3323,1768,0,寝顔中心・上下直線・左右16%曲線・枠外透過,43,一次一覧確認で確定なし（細部は実装後確認）,枠内に残る可能性
バタフリー_寝顔4_おなかのうえ寝.webp,バタフリー/バタフリー_寝顔4_おなかのうえ寝.webp,0012,バタフリー,通常,4,おなかのうえ寝,IMG_1618.png,カビゴンは元画像に見える範囲のみ。再生ボタンの重なり部分は補描なし。,加工済み・実装後確認,再生ボタン残り：身体の欠損とは別,"(95, 1787, 488, 2066)",構図要確認,未照合,画像/バタフリー/バタフリー_寝顔4_おなかのうえ寝.webp,468afc8235ae29c95aa662985cf9d3de2e5c2107556a70b59173842d7098b5ff,93,1001,0,寝顔中心・上下直線・左右16%曲線・枠外透過,47,一次一覧確認で確定なし（細部は実装後確認）,枠内に残る可能性
コラッタ_寝顔4_おなかのうえ寝.webp,コラッタ/コラッタ_寝顔4_おなかのうえ寝.webp,0019,コラッタ,通常,4,おなかのうえ寝,IMG_1619.png,カビゴンは元画像に見える範囲のみ。再生ボタンの重なり部分は補描なし。,加工済み・実装後確認,再生ボタン残り：身体の欠損とは別,"(95, 1795, 525, 2075)",構図要確認,未照合,画像/コラッタ/コラッタ_寝顔4_おなかのうえ寝.webp,be6b9b760f4a5a80d541ebfdc0a09490d20d5d7ab5b262ced9ea3b0d796586ac,3904,1768,0,寝顔中心・上下直線・左右16%曲線・枠外透過,51,一次一覧確認で確定なし（細部は実装後確認）,枠内に残る可能性
ラッタ_寝顔4_おなかのうえ寝.webp,ラッタ/ラッタ_寝顔4_おなかのうえ寝.webp,0020,ラッタ,通常,4,おなかのうえ寝,IMG_1620.png,カビゴンは元画像に見える範囲のみ。再生ボタンの重なり部分は補描なし。,加工済み・実装後確認,再生ボタン残り：身体の欠損とは別,"(97, 1800, 525, 2080)",構図要確認,未照合,画像/ラッタ/ラッタ_寝顔4_おなかのうえ寝.webp,88353a1f2d753817b878c024134661ab01fda632357f9f718b73a49996adac0b,1084,1768,0,寝顔中心・上下直線・左右16%曲線・枠外透過,55,一次一覧確認で確定なし（細部は実装後確認）,枠内に残る可能性
アーボ_寝顔4_おなかのうえ寝.webp,アーボ/アーボ_寝顔4_おなかのうえ寝.webp,0023,アーボ,通常,4,おなかのうえ寝,IMG_1621.png,カビゴンは元画像に見える範囲のみ。再生ボタンの重なり部分は補描なし。,加工済み・実装後確認,再生ボタン残り：身体の欠損とは別,"(95, 1827, 525, 2106)",構図要確認,未照合,画像/アーボ/アーボ_寝顔4_おなかのうえ寝.webp,7586c4476907bb126506d38af70b5c073d60b0766c3160ab7d36b9ca2d4bc025,1140,1768,0,寝顔中心・上下直線・左右16%曲線・枠外透過,59,一次一覧確認で確定なし（細部は実装後確認）,枠内に残る可能性
アーボック_寝顔4_おなかのうえ寝.webp,アーボック/アーボック_寝顔4_おなかのうえ寝.webp,0024,アーボック,通常,4,おなかのうえ寝,IMG_1622.png,カビゴンは元画像に見える範囲のみ。再生ボタンの重なり部分は補描なし。,加工済み・実装後確認,再生ボタン残り：身体の欠損とは別,"(130, 1798, 489, 2077)",構図要確認,未照合,画像/アーボック/アーボック_寝顔4_おなかのうえ寝.webp,f78c83a13ddd986a3357bb2234b2a37a83a2834374513088474c665f7f46f909,1576,1080,0,寝顔中心・上下直線・左右16%曲線・枠外透過,63,一次一覧確認で確定なし（細部は実装後確認）,枠内に残る可能性
ピカチュウ_寝顔4_おなかのうえ寝.webp,ピカチュウ/ピカチュウ_寝顔4_おなかのうえ寝.webp,0025,ピカチュウ,通常,4,おなかのうえ寝,IMG_1623.png,カビゴンは元画像に見える範囲のみ。再生ボタンの重なり部分は補描なし。,加工済み・実装後確認,再生ボタン残り：身体の欠損とは別,"(95, 1800, 503, 2080)",構図要確認,未照合,画像/ピカチュウ/ピカチュウ_寝顔4_おなかのうえ寝.webp,2619b687e563bf32adb80abe428f6287c511146aee901a7edc11b8deb43283f9,1074,1491,0,寝顔中心・上下直線・左右16%曲線・枠外透過,67,一次一覧確認で確定なし（細部は実装後確認）,枠内に残る可能性
ライチュウ_寝顔4_おなかのうえ寝.webp,ライチュウ/ライチュウ_寝顔4_おなかのうえ寝.webp,0026,ライチュウ,通常,4,おなかのうえ寝,IMG_1628.png,カビゴンは元画像に見える範囲のみ。再生ボタンの重なり部分は補描なし。,加工済み・実装後確認,再生ボタン残り：身体の欠損とは別,"(95, 1888, 525, 2167)",構図要確認,未照合,画像/ライチュウ/ライチュウ_寝顔4_おなかのうえ寝.webp,2bd79d75013fd89498262ea1ff5ec3662b41320aff4335884d536e58dda1af43,126,1768,0,寝顔中心・上下直線・左右16%曲線・枠外透過,78,一次一覧確認で確定なし（細部は実装後確認）,枠内に残る可能性
サンド_寝顔4_おなかのうえ寝.webp,サンド/サンド_寝顔4_おなかのうえ寝.webp,0027,サンド,通常,4,おなかのうえ寝,IMG_1629.png,カビゴンは元画像に見える範囲のみ。再生ボタンの重なり部分は補描なし。,加工済み・実装後確認,再生ボタン残り：身体の欠損とは別,"(95, 1873, 525, 2152)",構図要確認,未照合,画像/サンド/サンド_寝顔4_おなかのうえ寝.webp,1dce7ff5397476bc192f5f6453a7ed75e19856cd84ab98ec664b6aa8a57f5a16,868,1768,0,寝顔中心・上下直線・左右16%曲線・枠外透過,82,一次一覧確認で確定なし（細部は実装後確認）,枠内に残る可能性
サンドパン_寝顔4_おなかのうえ寝.webp,サンドパン/サンドパン_寝顔4_おなかのうえ寝.webp,0028,サンドパン,通常,4,おなかのうえ寝,IMG_1630.png,カビゴンは元画像に見える範囲のみ。再生ボタンの重なり部分は補描なし。,加工済み・実装後確認,再生ボタン残り：身体の欠損とは別,"(95, 1803, 525, 2082)",構図要確認,未照合,画像/サンドパン/サンドパン_寝顔4_おなかのうえ寝.webp,ea791bae70a3818aa008f290d7d205d68b34c85aab07eb4beb3d503276ea3f45,3840,1768,0,寝顔中心・上下直線・左右16%曲線・枠外透過,86,一次一覧確認で確定なし（細部は実装後確認）,枠内に残る可能性
ピッピ_寝顔4_おなかのうえ寝.webp,ピッピ/ピッピ_寝顔4_おなかのうえ寝.webp,0035,ピッピ,通常,4,おなかのうえ寝,IMG_1631.png,カビゴンは元画像に見える範囲のみ。再生ボタンの重なり部分は補描なし。,加工済み・実装後確認,再生ボタン残り：身体の欠損とは別,"(101, 1804, 517, 2084)",構図要確認,未照合,画像/ピッピ/ピッピ_寝顔4_おなかのうえ寝.webp,3961ee6753f579518b48d60e8fd8f74ad97824a27b0ce19557470518122fa1af,456,1762,0,寝顔中心・上下直線・左右16%曲線・枠外透過,90,一次一覧確認で確定なし（細部は実装後確認）,枠内に残る可能性
ピクシー_寝顔4_おなかのうえ寝.webp,ピクシー/ピクシー_寝顔4_おなかのうえ寝.webp,0036,ピクシー,通常,4,おなかのうえ寝,IMG_1632.png,カビゴンは元画像に見える範囲のみ。再生ボタンの重なり部分は補描なし。,加工済み・実装後確認,再生ボタン残り：身体の欠損とは別,"(95, 1822, 525, 2101)",構図要確認,未照合,画像/ピクシー/ピクシー_寝顔4_おなかのうえ寝.webp,67edb10f8bc7acba8215f06690ea2bd1e4ef8c27111e63a014c4b720153b64d0,3777,1768,0,寝顔中心・上下直線・左右16%曲線・枠外透過,94,一次一覧確認で確定なし（細部は実装後確認）,枠内に残る可能性
ロコン_寝顔4_おなかのうえ寝.webp,ロコン/ロコン_寝顔4_おなかのうえ寝.webp,0037,ロコン,通常,4,おなかのうえ寝,IMG_1633.png,カビゴンは元画像に見える範囲のみ。再生ボタンの重なり部分は補描なし。,加工済み・実装後確認,再生ボタン残り：身体の欠損とは別,"(95, 1805, 525, 2085)",構図要確認,未照合,画像/ロコン/ロコン_寝顔4_おなかのうえ寝.webp,3cc20a73e3c62212dd81120a1ae0ef7f09187ca029c14c6dce112cd2f82eff04,3329,1768,0,寝顔中心・上下直線・左右16%曲線・枠外透過,98,一次一覧確認で確定なし（細部は実装後確認）,枠内に残る可能性
ロコン_アローラ_寝顔4_おなかのうえ寝.webp,ロコン_アローラ/ロコン_アローラ_寝顔4_おなかのうえ寝.webp,0037,ロコン,アローラ,4,おなかのうえ寝,IMG_1634.png,カビゴンは元画像に見える範囲のみ。再生ボタンの重なり部分は補描なし。,加工済み・実装後確認,再生ボタン残り：身体の欠損とは別,"(95, 1860, 525, 2140)",構図要確認,未照合,画像/ロコン_アローラ/ロコン_アローラ_寝顔4_おなかのうえ寝.webp,f9be124184d011c88e3942812c9b8f13033ec54c6677afbae9a71bb8693080cb,3788,1768,0,寝顔中心・上下直線・左右16%曲線・枠外透過,102,一次一覧確認で確定なし（細部は実装後確認）,枠内に残る可能性
プリン_寝顔4_おなかのうえ寝.webp,プリン/プリン_寝顔4_おなかのうえ寝.webp,0039,プリン,通常,4,おなかのうえ寝,IMG_1637.png,カビゴンは元画像に見える範囲のみ。再生ボタンの重なり部分は補描なし。,加工済み・実装後確認,再生ボタン残り：身体の欠損とは別,"(95, 1851, 525, 2131)",構図要確認,未照合,画像/プリン/プリン_寝顔4_おなかのうえ寝.webp,5089ec5a15588508440cc01833af0996b08c6372231d28ae57f1ffda2576e19e,791,1768,0,寝顔中心・上下直線・左右16%曲線・枠外透過,114,一次一覧確認で確定なし（細部は実装後確認）,枠内に残る可能性
プクリン_寝顔4_おなかのうえ寝.webp,プクリン/プクリン_寝顔4_おなかのうえ寝.webp,0040,プクリン,通常,4,おなかのうえ寝,IMG_1638.png,カビゴンは元画像に見える範囲のみ。再生ボタンの重なり部分は補描なし。,加工済み・実装後確認,再生ボタン残り：身体の欠損とは別,"(95, 1876, 525, 2156)",構図要確認,未照合,画像/プクリン/プクリン_寝顔4_おなかのうえ寝.webp,df28539bc38ae792926b77298a2465e29895ed01d46f2ebfd729b60d8c174951,126,1768,0,寝顔中心・上下直線・左右16%曲線・枠外透過,118,一次一覧確認で確定なし（細部は実装後確認）,枠内に残る可能性
ニャース_寝顔4_おなかのうえ寝.webp,ニャース/ニャース_寝顔4_おなかのうえ寝.webp,0052,ニャース,通常,4,おなかのうえ寝,IMG_1641.png,カビゴンは元画像に見える範囲のみ。再生ボタンの重なり部分は補描なし。,加工済み・実装後確認,再生ボタン残り：身体の欠損とは別,"(176, 1906, 525, 2186)",構図要確認,未照合,画像/ニャース/ニャース_寝顔4_おなかのうえ寝.webp,fd28bb4320d2d0552af0698e06598bfa232151d9ad611ad1d986a5ba1308fdd0,3460,1768,0,寝顔中心・上下直線・左右16%曲線・枠外透過,128,一次一覧確認で確定なし（細部は実装後確認）,枠内に残る可能性
ペルシアン_寝顔4_おなかのうえ寝.webp,ペルシアン/ペルシアン_寝顔4_おなかのうえ寝.webp,0053,ペルシアン,通常,4,おなかのうえ寝,IMG_1642.png,カビゴンは元画像に見える範囲のみ。再生ボタンの重なり部分は補描なし。,加工済み・実装後確認,再生ボタン残り：身体の欠損とは別,"(95, 1886, 525, 2166)",構図要確認,未照合,画像/ペルシアン/ペルシアン_寝顔4_おなかのうえ寝.webp,b8d6f7a565a6fa7371fe857f4f983b8ebd0b8add0ec42538361b6118cbdb8b13,806,1768,0,寝顔中心・上下直線・左右16%曲線・枠外透過,132,一次一覧確認で確定なし（細部は実装後確認）,枠内に残る可能性
コダック_寝顔4_おなかのうえ寝.webp,コダック/コダック_寝顔4_おなかのうえ寝.webp,0054,コダック,通常,4,おなかのうえ寝,IMG_1643(1).png,カビゴンは元画像に見える範囲のみ。再生ボタンの重なり部分は補描なし。,加工済み・実装後確認,再生ボタン残り：身体の欠損とは別,"(95, 1898, 525, 2177)",構図要確認,未照合,画像/コダック/コダック_寝顔4_おなかのうえ寝.webp,b108dee0961fd00754fd2485ea176e0a9b495a16a6d61a33bdbf622939c30200,503,1768,0,寝顔中心・上下直線・左右16%曲線・枠外透過,136,一次一覧確認で確定なし（細部は実装後確認）,枠内に残る可能性
ゴルダック_寝顔4_おなかのうえ寝.webp,ゴルダック/ゴルダック_寝顔4_おなかのうえ寝.webp,0055,ゴルダック,通常,4,おなかのうえ寝,IMG_1644(1).png,カビゴンは元画像に見える範囲のみ。再生ボタンの重なり部分は補描なし。,加工済み・実装後確認,再生ボタン残り：身体の欠損とは別,"(120, 1792, 498, 2071)",構図要確認,未照合,画像/ゴルダック/ゴルダック_寝顔4_おなかのうえ寝.webp,cde9d55568d49faad764c89c3c80b3006eef18e2b7169d03a84e4c48238239bb,1708,1361,0,寝顔中心・上下直線・左右16%曲線・枠外透過,140,一次一覧確認で確定なし（細部は実装後確認）,枠内に残る可能性
マンキー_寝顔4_おなかのうえ寝.webp,マンキー/マンキー_寝顔4_おなかのうえ寝.webp,0056,マンキー,通常,4,おなかのうえ寝,IMG_1645(1).png,カビゴンは元画像に見える範囲のみ。再生ボタンの重なり部分は補描なし。,加工済み・実装後確認,再生ボタン残り：身体の欠損とは別,"(132, 1846, 489, 2126)",構図要確認,未照合,画像/マンキー/マンキー_寝顔4_おなかのうえ寝.webp,b05cab15888d51a3b7cf9d4a5b426a71109bf4a0db75ec218bc16d7110668d85,1211,1104,0,寝顔中心・上下直線・左右16%曲線・枠外透過,144,一次一覧確認で確定なし（細部は実装後確認）,枠内に残る可能性
オコリザル_寝顔4_おなかのうえ寝.webp,オコリザル/オコリザル_寝顔4_おなかのうえ寝.webp,0057,オコリザル,通常,4,おなかのうえ寝,IMG_1646(1).png,カビゴンは元画像に見える範囲のみ。再生ボタンの重なり部分は補描なし。,加工済み・実装後確認,再生ボタン残り：身体の欠損とは別,"(95, 1868, 525, 2147)",構図要確認,未照合,画像/オコリザル/オコリザル_寝顔4_おなかのうえ寝.webp,e035ad89a9ef0f6129ce9aad7e14270bbb617bc8f0b2cdac7478ed18e127d2b6,2128,1768,0,寝顔中心・上下直線・左右16%曲線・枠外透過,148,一次一覧確認で確定なし（細部は実装後確認）,枠内に残る可能性
ガーディ_寝顔4_おなかのうえ寝.webp,ガーディ/ガーディ_寝顔4_おなかのうえ寝.webp,0058,ガーディ,通常,4,おなかのうえ寝,IMG_1647(1).png,カビゴンは元画像に見える範囲のみ。再生ボタンの重なり部分は補描なし。,加工済み・実装後確認,再生ボタン残り：身体の欠損とは別,"(111, 1863, 510, 2142)",構図要確認,未照合,画像/ガーディ/ガーディ_寝顔4_おなかのうえ寝.webp,e03fb9c0cec980a81e0ae30a79fe97636ee5466e9e2de9ae49f297f41acfb552,112,1703,0,寝顔中心・上下直線・左右16%曲線・枠外透過,152,一次一覧確認で確定なし（細部は実装後確認）,枠内に残る可能性
ウインディ_寝顔4_おなかのうえ寝.webp,ウインディ/ウインディ_寝顔4_おなかのうえ寝.webp,0059,ウインディ,通常,4,おなかのうえ寝,IMG_1648(1).png,カビゴンは元画像に見える範囲のみ。再生ボタンの重なり部分は補描なし。,加工済み・実装後確認,再生ボタン残り：身体の欠損とは別,"(112, 1840, 503, 2120)",構図要確認,未照合,画像/ウインディ/ウインディ_寝顔4_おなかのうえ寝.webp,61eba665107687ff4d335ae36219a92dba213a0fa97f1382be70bbba1b84f3a4,373,1516,0,寝顔中心・上下直線・左右16%曲線・枠外透過,156,一次一覧確認で確定なし（細部は実装後確認）,枠内に残る可能性
マダツボミ_寝顔4_おなかのうえ寝.webp,マダツボミ/マダツボミ_寝顔4_おなかのうえ寝.webp,0069,マダツボミ,通常,4,おなかのうえ寝,IMG_1649(1).png,カビゴンは元画像に見える範囲のみ。再生ボタンの重なり部分は補描なし。,加工済み・実装後確認,再生ボタン残り：身体の欠損とは別,"(95, 1812, 525, 2091)",構図要確認,未照合,画像/マダツボミ/マダツボミ_寝顔4_おなかのうえ寝.webp,511da615f10dbf43bcd521996a8e4f3ff6b167858fd3ebb51dd491cfc62cc228,3591,1768,0,寝顔中心・上下直線・左右16%曲線・枠外透過,160,一次一覧確認で確定なし（細部は実装後確認）,枠内に残る可能性
ウツドン_寝顔4_おなかのうえ寝.webp,ウツドン/ウツドン_寝顔4_おなかのうえ寝.webp,0070,ウツドン,通常,4,おなかのうえ寝,IMG_1650(1).png,カビゴンは元画像に見える範囲のみ。再生ボタンの重なり部分は補描なし。,加工済み・実装後確認,再生ボタン残り：身体の欠損とは別,"(95, 1817, 525, 2096)",構図要確認,未照合,画像/ウツドン/ウツドン_寝顔4_おなかのうえ寝.webp,00d0d107bcc17a36338a0c110c357e9a7393d002f38dbfe5f36abbd7bb6afac8,231,1768,0,寝顔中心・上下直線・左右16%曲線・枠外透過,164,一次一覧確認で確定なし（細部は実装後確認）,枠内に残る可能性
ウツボット_寝顔4_おなかのうえ寝.webp,ウツボット/ウツボット_寝顔4_おなかのうえ寝.webp,0071,ウツボット,通常,4,おなかのうえ寝,IMG_1651(1).png,カビゴンは元画像に見える範囲のみ。再生ボタンの重なり部分は補描なし。,加工済み・実装後確認,再生ボタン残り：身体の欠損とは別,"(95, 1802, 525, 2081)",構図要確認,未照合,画像/ウツボット/ウツボット_寝顔4_おなかのうえ寝.webp,737beeddf81ff442406e7ba17aa28043af33fb06d1abb55a158425913abb9660,2909,1768,0,寝顔中心・上下直線・左右16%曲線・枠外透過,168,一次一覧確認で確定なし（細部は実装後確認）,枠内に残る可能性
イシツブテ_寝顔4_おなかのうえ寝.webp,イシツブテ/イシツブテ_寝顔4_おなかのうえ寝.webp,0074,イシツブテ,通常,4,おなかのうえ寝,IMG_1652(1).png,カビゴンは元画像に見える範囲のみ。再生ボタンの重なり部分は補描なし。,加工済み・実装後確認,再生ボタン残り：身体の欠損とは別,"(95, 1814, 525, 2094)",構図要確認,未照合,画像/イシツブテ/イシツブテ_寝顔4_おなかのうえ寝.webp,b7c768a70b17316460aa1f5beec7b91d087bfc8239c8fdba658513266dee5650,1000,1768,0,寝顔中心・上下直線・左右16%曲線・枠外透過,172,一次一覧確認で確定なし（細部は実装後確認）,枠内に残る可能性
ゴローン_寝顔4_おなかのうえ寝.webp,ゴローン/ゴローン_寝顔4_おなかのうえ寝.webp,0075,ゴローン,通常,4,おなかのうえ寝,IMG_1653.png,カビゴンは元画像に見える範囲のみ。再生ボタンの重なり部分は補描なし。,加工済み・実装後確認,再生ボタン残り：身体の欠損とは別,"(120, 1792, 498, 2071)",構図要確認,未照合,画像/ゴローン/ゴローン_寝顔4_おなかのうえ寝.webp,66e4b9c258a60acfd43d45b6c054f9b4e52644248d878fa46f55330251c03c11,1734,1361,0,寝顔中心・上下直線・左右16%曲線・枠外透過,176,一次一覧確認で確定なし（細部は実装後確認）,枠内に残る可能性
ゴローニャ_寝顔4_おなかのうえ寝.webp,ゴローニャ/ゴローニャ_寝顔4_おなかのうえ寝.webp,0076,ゴローニャ,通常,4,おなかのうえ寝,IMG_1654.png,カビゴンは元画像に見える範囲のみ。再生ボタンの重なり部分は補描なし。,加工済み・実装後確認,再生ボタン残り：身体の欠損とは別,"(133, 1868, 494, 2147)",構図要確認,未照合,画像/ゴローニャ/ゴローニャ_寝顔4_おなかのうえ寝.webp,a47663582f8a409c745f3f2833625c1dfd2b08894772ba9caef22a71ed88a94d,1391,1249,0,寝顔中心・上下直線・左右16%曲線・枠外透過,180,一次一覧確認で確定なし（細部は実装後確認）,枠内に残る可能性
ヤドン_寝顔4_おなかのうえ寝.webp,ヤドン/ヤドン_寝顔4_おなかのうえ寝.webp,0079,ヤドン,通常,4,おなかのうえ寝,IMG_1655.png,カビゴンは元画像に見える範囲のみ。再生ボタンの重なり部分は補描なし。,加工済み・実装後確認,再生ボタン残り：身体の欠損とは別,"(95, 1874, 525, 2153)",構図要確認,未照合,画像/ヤドン/ヤドン_寝顔4_おなかのうえ寝.webp,ca1382980a140ae46750889748c9b22dbc06acc969da7ace5a2a08524e8d6472,811,1768,0,寝顔中心・上下直線・左右16%曲線・枠外透過,184,一次一覧確認で確定なし（細部は実装後確認）,枠内に残る可能性
ヤドラン_寝顔4_おなかのうえ寝.webp,ヤドラン/ヤドラン_寝顔4_おなかのうえ寝.webp,0080,ヤドラン,通常,4,おなかのうえ寝,IMG_1656.png,カビゴンは元画像に見える範囲のみ。再生ボタンの重なり部分は補描なし。,加工済み・実装後確認,再生ボタン残り：身体の欠損とは別,"(95, 1864, 525, 2143)",構図要確認,未照合,画像/ヤドラン/ヤドラン_寝顔4_おなかのうえ寝.webp,a250c37cf72b2f9084620c49d0b7563ad5b8c2090b09c66d94ed25aadcaf5674,1091,1768,0,寝顔中心・上下直線・左右16%曲線・枠外透過,188,一次一覧確認で確定なし（細部は実装後確認）,枠内に残る可能性
カモネギ_寝顔4_おなかのうえ寝.webp,カモネギ/カモネギ_寝顔4_おなかのうえ寝.webp,0083,カモネギ,通常,4,おなかのうえ寝,IMG_1659.png,カビゴンは元画像に見える範囲のみ。再生ボタンの重なり部分は補描なし。,加工済み・実装後確認,再生ボタン残り：身体の欠損とは別,"(95, 1893, 498, 2172)",構図要確認,未照合,画像/カモネギ/カモネギ_寝顔4_おなかのうえ寝.webp,7ec01aeaa61b85b694bdfd9fc9f9b7675284115f78dcba4a7f71f2cd71912325,2780,1324,0,寝顔中心・上下直線・左右16%曲線・枠外透過,198,一次一覧確認で確定なし（細部は実装後確認）,枠内に残る可能性
ドードー_寝顔4_おなかのうえ寝.webp,ドードー/ドードー_寝顔4_おなかのうえ寝.webp,0084,ドードー,通常,4,おなかのうえ寝,IMG_1660.png,カビゴンは元画像に見える範囲のみ。再生ボタンの重なり部分は補描なし。,加工済み・実装後確認,再生ボタン残り：身体の欠損とは別,"(135, 1890, 483, 2168)",構図要確認,未照合,画像/ドードー/ドードー_寝顔4_おなかのうえ寝.webp,6ccb19a88fa38869b90a7f432bed513762f19012c14dc2868b2f04f0eedb89de,802,895,0,寝顔中心・上下直線・左右16%曲線・枠外透過,202,一次一覧確認で確定なし（細部は実装後確認）,枠内に残る可能性
ドードリオ_寝顔4_おなかのうえ寝.webp,ドードリオ/ドードリオ_寝顔4_おなかのうえ寝.webp,0085,ドードリオ,通常,4,おなかのうえ寝,IMG_1661.png,カビゴンは元画像に見える範囲のみ。再生ボタンの重なり部分は補描なし。,加工済み・実装後確認,再生ボタン残り：身体の欠損とは別,"(133, 1880, 492, 2160)",構図要確認,未照合,画像/ドードリオ/ドードリオ_寝顔4_おなかのうえ寝.webp,84f84ec6d933dd484e0f0d1fe64867750e87a4a3b84de208a749edcc220aaf8f,331,1191,0,寝顔中心・上下直線・左右16%曲線・枠外透過,206,一次一覧確認で確定なし（細部は実装後確認）,枠内に残る可能性
ゲンガー_寝顔4_おなかのうえ寝.webp,ゲンガー/ゲンガー_寝顔4_おなかのうえ寝.webp,0094,ゲンガー,通常,4,おなかのうえ寝,IMG_1664.png,カビゴンは元画像に見える範囲のみ。再生ボタンの重なり部分は補描なし。,加工済み・実装後確認,再生ボタン残り：身体の欠損とは別,"(99, 1898, 523, 2177)",構図要確認,未照合,画像/ゲンガー/ゲンガー_寝顔4_おなかのうえ寝.webp,86deb719e5dcf8c80eff8c8d76f848be0c0295068cecc8b778b5b72ea0e410af,403,1768,0,寝顔中心・上下直線・左右16%曲線・枠外透過,216,一次一覧確認で確定なし（細部は実装後確認）,枠内に残る可能性
カラカラ_寝顔4_おなかのうえ寝.webp,カラカラ/カラカラ_寝顔4_おなかのうえ寝.webp,0104,カラカラ,通常,4,おなかのうえ寝,IMG_1666.png,カビゴンは元画像に見える範囲のみ。再生ボタンの重なり部分は補描なし。,加工済み・実装後確認,再生ボタン残り：身体の欠損とは別,"(95, 1893, 525, 2172)",構図要確認,未照合,画像/カラカラ/カラカラ_寝顔4_おなかのうえ寝.webp,0f159818ddf8fd3cc25dc68df449d4c4e24e5486888a8b9d6d34e1b0f2b1241a,1146,1768,0,寝顔中心・上下直線・左右16%曲線・枠外透過,223,一次一覧確認で確定なし（細部は実装後確認）,枠内に残る可能性
ガラガラ_寝顔4_おなかのうえ寝.webp,ガラガラ/ガラガラ_寝顔4_おなかのうえ寝.webp,0105,ガラガラ,通常,4,おなかのうえ寝,IMG_1667.png,カビゴンは元画像に見える範囲のみ。再生ボタンの重なり部分は補描なし。,加工済み・実装後確認,再生ボタン残り：身体の欠損とは別,"(131, 1865, 492, 2145)",構図要確認,未照合,画像/ガラガラ/ガラガラ_寝顔4_おなかのうえ寝.webp,5c85910ba131135e1a1eaf406a6b4194a91f3d08e16ee3f1e889d0e446672847,125,1186,0,寝顔中心・上下直線・左右16%曲線・枠外透過,227,一次一覧確認で確定なし（細部は実装後確認）,枠内に残る可能性
ラッキー_寝顔4_おなかのうえ寝.webp,ラッキー/ラッキー_寝顔4_おなかのうえ寝.webp,0113,ラッキー,通常,4,おなかのうえ寝,IMG_1668.png,カビゴンは元画像に見える範囲のみ。再生ボタンの重なり部分は補描なし。,加工済み・実装後確認,再生ボタン残り：身体の欠損とは別,"(95, 1873, 525, 2152)",構図要確認,未照合,画像/ラッキー/ラッキー_寝顔4_おなかのうえ寝.webp,a6173ab33d855b645305570c39f47808870d39a5ae2c0d8c086658ac2119f0ab,2432,1768,0,寝顔中心・上下直線・左右16%曲線・枠外透過,231,一次一覧確認で確定なし（細部は実装後確認）,枠内に残る可能性
ガルーラ_寝顔4_おなかのうえ寝.webp,ガルーラ/ガルーラ_寝顔4_おなかのうえ寝.webp,0115,ガルーラ,通常,4,おなかのうえ寝,IMG_1669.png,カビゴンは元画像に見える範囲のみ。再生ボタンの重なり部分は補描なし。,加工済み・実装後確認,再生ボタン残り：身体の欠損とは別,"(135, 1849, 513, 2127)",構図要確認,未照合,画像/ガルーラ/ガルーラ_寝顔4_おなかのうえ寝.webp,7b0216ec3908ad2c782c7c5f32cc02c83067d44057011df35eebfcf39dcd413d,1532,1748,0,寝顔中心・上下直線・左右16%曲線・枠外透過,235,一次一覧確認で確定なし（細部は実装後確認）,枠内に残る可能性
バリヤード_寝顔4_おなかのうえ寝.webp,バリヤード/バリヤード_寝顔4_おなかのうえ寝.webp,0122,バリヤード,通常,4,おなかのうえ寝,IMG_1670.png,カビゴンは元画像に見える範囲のみ。再生ボタンの重なり部分は補描なし。,加工済み・実装後確認,再生ボタン残り：身体の欠損とは別,"(100, 1879, 517, 2158)",構図要確認,未照合,画像/バリヤード/バリヤード_寝顔4_おなかのうえ寝.webp,d9a7d21319ea7e9ec914a2dbb2aa8009ca30af48cc522a20e9520b71bb1dde96,348,1759,0,寝顔中心・上下直線・左右16%曲線・枠外透過,239,一次一覧確認で確定なし（細部は実装後確認）,枠内に残る可能性
カイロス_寝顔4_おなかのうえ寝.webp,カイロス/カイロス_寝顔4_おなかのうえ寝.webp,0127,カイロス,通常,4,おなかのうえ寝,IMG_1671.png,カビゴンは元画像に見える範囲のみ。再生ボタンの重なり部分は補描なし。,加工済み・実装後確認,再生ボタン残り：身体の欠損とは別,"(127, 1827, 492, 2106)",構図要確認,未照合,画像/カイロス/カイロス_寝顔4_おなかのうえ寝.webp,bb6ec461594eb4aa155ab4e712ab265a9fd33d0e4a97b30a7711797044a74186,102,1180,0,寝顔中心・上下直線・左右16%曲線・枠外透過,243,一次一覧確認で確定なし（細部は実装後確認）,枠内に残る可能性
メタモン_寝顔4_おなかのうえ寝.webp,メタモン/メタモン_寝顔4_おなかのうえ寝.webp,0132,メタモン,通常,4,おなかのうえ寝,IMG_1672.png,カビゴンは元画像に見える範囲のみ。再生ボタンの重なり部分は補描なし。,加工済み・実装後確認,再生ボタン残り：身体の欠損とは別,"(95, 1851, 508, 2131)",構図要確認,未照合,画像/メタモン/メタモン_寝顔4_おなかのうえ寝.webp,262bf601a12f8103ef5b67b38cf208d37f0bf902bf07dde426d6f9e2eba0bac1,2558,1651,0,寝顔中心・上下直線・左右16%曲線・枠外透過,247,一次一覧確認で確定なし（細部は実装後確認）,枠内に残る可能性
イーブイ_寝顔4_おなかのうえ寝.webp,イーブイ/イーブイ_寝顔4_おなかのうえ寝.webp,0133,イーブイ,通常,4,おなかのうえ寝,IMG_1675.png,カビゴンは元画像に見える範囲のみ。再生ボタンの重なり部分は補描なし。,加工済み・実装後確認,再生ボタン残り：身体の欠損とは別,"(122, 1836, 472, 2116)",構図要確認,未照合,画像/イーブイ/イーブイ_寝顔4_おなかのうえ寝.webp,2961b77a2d719ccaba3f5549f566cd6f4745bc8956251143c15259fa749cc074,1556,521,0,寝顔中心・上下直線・左右16%曲線・枠外透過,259,一次一覧確認で確定なし（細部は実装後確認）,枠内に残る可能性
サンダース_寝顔4_おなかのうえ寝.webp,サンダース/サンダース_寝顔4_おなかのうえ寝.webp,0135,サンダース,通常,4,おなかのうえ寝,IMG_1677.png,カビゴンは元画像に見える範囲のみ。再生ボタンの重なり部分は補描なし。,加工済み・実装後確認,再生ボタン残り：身体の欠損とは別,"(122, 1844, 499, 2123)",構図要確認,未照合,画像/サンダース/サンダース_寝顔4_おなかのうえ寝.webp,04d37e3930499e4f251e9d047f0b5e77900d7f93dd189738363c92fd13ed245d,231,1393,0,寝顔中心・上下直線・左右16%曲線・枠外透過,266,一次一覧確認で確定なし（細部は実装後確認）,枠内に残る可能性
ブースター_寝顔4_おなかのうえ寝.webp,ブースター/ブースター_寝顔4_おなかのうえ寝.webp,0136,ブースター,通常,4,おなかのうえ寝,IMG_1678.png,カビゴンは元画像に見える範囲のみ。再生ボタンの重なり部分は補描なし。,加工済み・実装後確認,再生ボタン残り：身体の欠損とは別,"(95, 1822, 467, 2101)",構図要確認,未照合,画像/ブースター/ブースター_寝顔4_おなかのうえ寝.webp,6eb95fceb785682b257a01edcd5001a0488dc2ac3cbf9aef3bccdf480d5088bf,71,318,0,寝顔中心・上下直線・左右16%曲線・枠外透過,270,一次一覧確認で確定なし（細部は実装後確認）,枠内に残る可能性
ミニリュウ_寝顔4_おなかのうえ寝.webp,ミニリュウ/ミニリュウ_寝顔4_おなかのうえ寝.webp,0147,ミニリュウ,通常,4,おなかのうえ寝,IMG_1679.png,カビゴンは元画像に見える範囲のみ。再生ボタンの重なり部分は補描なし。,加工済み・実装後確認,再生ボタン残り：身体の欠損とは別,"(95, 1820, 520, 2100)",構図要確認,未照合,画像/ミニリュウ/ミニリュウ_寝顔4_おなかのうえ寝.webp,ebf576f74253a742caaf281b26a8d7541b8ad5df6af2c8cb4f66df4555a171f4,348,1768,0,寝顔中心・上下直線・左右16%曲線・枠外透過,274,一次一覧確認で確定なし（細部は実装後確認）,枠内に残る可能性
ハクリュー_寝顔4_おなかのうえ寝.webp,ハクリュー/ハクリュー_寝顔4_おなかのうえ寝.webp,0148,ハクリュー,通常,4,おなかのうえ寝,IMG_1680.png,カビゴンは元画像に見える範囲のみ。再生ボタンの重なり部分は補描なし。,加工済み・実装後確認,再生ボタン残り：身体の欠損とは別,"(107, 1924, 508, 2203)",構図要確認,未照合,画像/ハクリュー/ハクリュー_寝顔4_おなかのうえ寝.webp,54aaba01bc4d184b138ddaaff7762131e44763d182c4baa92c5573d778f862ae,2102,1645,0,寝顔中心・上下直線・左右16%曲線・枠外透過,278,一次一覧確認で確定なし（細部は実装後確認）,枠内に残る可能性
ミュウツー_寝顔5_こころやすらぎ寝.webp,ミュウツー/ミュウツー_寝顔5_こころやすらぎ寝.webp,0150,ミュウツー,通常,5,こころやすらぎ寝,IMG_1683(1).png,洞窟背景と地面の影は分離できないため、ポケモン本体のみ切り出し。補描なし。,加工済み・実装後確認,再生ボタン残り：身体の欠損とは別,"(95, 1623, 525, 1903)",撮り直し候補,未照合,画像/ミュウツー/ミュウツー_寝顔5_こころやすらぎ寝.webp,5cb37f1793034c99ed33d89878ae1fc81892192ffc0cd821cadf8574a5622cb8,6251,1768,0,寝顔中心・上下直線・左右16%曲線・枠外透過,286,一次一覧確認で確定なし（細部は実装後確認）,枠内に残る可能性
チコリータ_寝顔4_おなかのうえ寝.webp,チコリータ/チコリータ_寝顔4_おなかのうえ寝.webp,0152,チコリータ,通常,4,おなかのうえ寝,IMG_1685(1).png,カビゴンは元画像に見える範囲のみ。再生ボタンの重なり部分は補描なし。,加工済み・実装後確認,再生ボタン残り：身体の欠損とは別,"(95, 1854, 478, 2121)",構図要確認,未照合,画像/チコリータ/チコリータ_寝顔4_おなかのうえ寝.webp,86c5fc1a0e475bdd6955180cd4b81a19c2e52cf783560566385e662768c07b40,2315,704,0,寝顔中心・上下直線・左右16%曲線・枠外透過,292,一次一覧確認で確定なし（細部は実装後確認）,枠内に残る可能性
ベイリーフ_寝顔1_のび寝.webp,ベイリーフ/ベイリーフ_寝顔1_のび寝.webp,0153,ベイリーフ,通常,1,のび寝,IMG_1686.png,,加工済み・実装後確認,再生ボタン残り：身体の欠損とは別,"(95, 508, 525, 786)",撮り直し候補,未照合,画像/ベイリーフ/ベイリーフ_寝顔1_のび寝.webp,db43e7b645b814a28267b339b07029519c7c75c52ce179ac255607515bc4140b,246,1768,0,寝顔中心・上下直線・左右16%曲線・枠外透過,293,一次一覧確認で確定なし（細部は実装後確認）,枠内に残る可能性
ベイリーフ_寝顔2_つぼみふり寝.webp,ベイリーフ/ベイリーフ_寝顔2_つぼみふり寝.webp,0153,ベイリーフ,通常,2,つぼみふり寝,IMG_1686.png,,加工済み・実装後確認,再生ボタン残り：身体の欠損とは別,"(95, 963, 525, 1243)",撮り直し候補,未照合,画像/ベイリーフ/ベイリーフ_寝顔2_つぼみふり寝.webp,db43e7b645b814a28267b339b07029519c7c75c52ce179ac255607515bc4140b,244,1768,0,寝顔中心・上下直線・左右16%曲線・枠外透過,294,一次一覧確認で確定なし（細部は実装後確認）,枠内に残る可能性
ベイリーフ_寝顔4_おなかのうえ寝.webp,ベイリーフ/ベイリーフ_寝顔4_おなかのうえ寝.webp,0153,ベイリーフ,通常,4,おなかのうえ寝,IMG_1686.png,カビゴンは元画像に見える範囲のみ。再生ボタンの重なり部分は補描なし。,加工済み・実装後確認,再生ボタン残り：身体の欠損とは別,"(95, 1876, 525, 2156)",構図要確認,未照合,画像/ベイリーフ/ベイリーフ_寝顔4_おなかのうえ寝.webp,db43e7b645b814a28267b339b07029519c7c75c52ce179ac255607515bc4140b,311,1768,0,寝顔中心・上下直線・左右16%曲線・枠外透過,296,一次一覧確認で確定なし（細部は実装後確認）,枠内に残る可能性
メガニウム_寝顔1_おだやか寝.webp,メガニウム/メガニウム_寝顔1_おだやか寝.webp,0154,メガニウム,通常,1,おだやか寝,IMG_1687.png,,加工済み・実装後確認,再生ボタン残り：身体の欠損とは別,"(158, 488, 458, 739)",撮り直し候補,未照合,画像/メガニウム/メガニウム_寝顔1_おだやか寝.webp,7b3b870570598d2f710ca9642f65fa566415d22caca9fd2386a92f0ba58ce794,0,97,0,寝顔中心・上下直線・左右16%曲線・枠外透過,297,一次一覧確認で確定なし（細部は実装後確認）,枠内に残る可能性
メガニウム_寝顔2_くびふり寝.webp,メガニウム/メガニウム_寝顔2_くびふり寝.webp,0154,メガニウム,通常,2,くびふり寝,IMG_1687.png,,加工済み・実装後確認,再生ボタン残り：身体の欠損とは別,"(95, 924, 525, 1204)",撮り直し候補,未照合,画像/メガニウム/メガニウム_寝顔2_くびふり寝.webp,7b3b870570598d2f710ca9642f65fa566415d22caca9fd2386a92f0ba58ce794,254,1768,0,寝顔中心・上下直線・左右16%曲線・枠外透過,298,一次一覧確認で確定なし（細部は実装後確認）,枠内に残る可能性
メガニウム_寝顔3_はながさいた寝.webp,メガニウム/メガニウム_寝顔3_はながさいた寝.webp,0154,メガニウム,通常,3,はながさいた寝,IMG_1687.png,,加工済み・実装後確認,再生ボタン残り：身体の欠損とは別,"(127, 1384, 477, 1636)",撮り直し候補,未照合,画像/メガニウム/メガニウム_寝顔3_はながさいた寝.webp,7b3b870570598d2f710ca9642f65fa566415d22caca9fd2386a92f0ba58ce794,0,328,0,寝顔中心・上下直線・左右16%曲線・枠外透過,299,一次一覧確認で確定なし（細部は実装後確認）,枠内に残る可能性
メガニウム_寝顔4_おなかのうえ寝.webp,メガニウム/メガニウム_寝顔4_おなかのうえ寝.webp,0154,メガニウム,通常,4,おなかのうえ寝,IMG_1687.png,カビゴンは元画像に見える範囲のみ。再生ボタンの重なり部分は補描なし。,加工済み・実装後確認,再生ボタン残り：身体の欠損とは別,"(95, 1839, 525, 2118)",構図要確認,未照合,画像/メガニウム/メガニウム_寝顔4_おなかのうえ寝.webp,7b3b870570598d2f710ca9642f65fa566415d22caca9fd2386a92f0ba58ce794,1094,1768,0,寝顔中心・上下直線・左右16%曲線・枠外透過,300,一次一覧確認で確定なし（細部は実装後確認）,枠内に残る可能性
ヒノアラシ_寝顔4_おなかのうえ寝.webp,ヒノアラシ/ヒノアラシ_寝顔4_おなかのうえ寝.webp,0155,ヒノアラシ,通常,4,おなかのうえ寝,IMG_1689.png,カビゴンは元画像に見える範囲のみ。再生ボタンの重なり部分は補描なし。,加工済み・実装後確認,再生ボタン残り：身体の欠損とは別,"(95, 1794, 525, 2074)",構図要確認,未照合,画像/ヒノアラシ/ヒノアラシ_寝顔4_おなかのうえ寝.webp,f4ee8cf1425530b180c022557a4efa81fafe975ef9588f926f57fe76a5e74b41,1400,1768,0,寝顔中心・上下直線・左右16%曲線・枠外透過,304,一次一覧確認で確定なし（細部は実装後確認）,枠内に残る可能性
マグマラシ_寝顔3_ほのおふきあげ寝.webp,マグマラシ/マグマラシ_寝顔3_ほのおふきあげ寝.webp,0156,マグマラシ,通常,3,ほのおふきあげ寝,IMG_1690.png,,加工済み・実装後確認,再生ボタン残り：身体の欠損とは別,"(157, 1431, 482, 1702)",撮り直し候補,未照合,画像/マグマラシ/マグマラシ_寝顔3_ほのおふきあげ寝.webp,7bf7571b689dc4737488e41399946257cc2d9fbde2126d70ea2c23c7edf00b63,0,803,0,寝顔中心・上下直線・左右16%曲線・枠外透過,307,一次一覧確認で確定なし（細部は実装後確認）,枠内に残る可能性
マグマラシ_寝顔4_おなかのうえ寝.webp,マグマラシ/マグマラシ_寝顔4_おなかのうえ寝.webp,0156,マグマラシ,通常,4,おなかのうえ寝,IMG_1690.png,カビゴンは元画像に見える範囲のみ。再生ボタンの重なり部分は補描なし。,加工済み・実装後確認,再生ボタン残り：身体の欠損とは別,"(135, 1888, 488, 2167)",構図要確認,未照合,画像/マグマラシ/マグマラシ_寝顔4_おなかのうえ寝.webp,7bf7571b689dc4737488e41399946257cc2d9fbde2126d70ea2c23c7edf00b63,1208,1059,0,寝顔中心・上下直線・左右16%曲線・枠外透過,308,一次一覧確認で確定なし（細部は実装後確認）,枠内に残る可能性
バクフーン_寝顔1_うでまくら寝.webp,バクフーン/バクフーン_寝顔1_うでまくら寝.webp,0157,バクフーン,通常,1,うでまくら寝,IMG_1691.png,,加工済み・実装後確認,再生ボタン残り：身体の欠損とは別,"(95, 450, 525, 724)",撮り直し候補,未照合,画像/バクフーン/バクフーン_寝顔1_うでまくら寝.webp,d34210d07c6ac310650c5f0b05b1af9ca6f35ddaee7ca1f008d161969a9bde94,126,1768,0,寝顔中心・上下直線・左右16%曲線・枠外透過,309,一次一覧確認で確定なし（細部は実装後確認）,枠内に残る可能性
バクフーン_寝顔2_けづくろい寝.webp,バクフーン/バクフーン_寝顔2_けづくろい寝.webp,0157,バクフーン,通常,2,けづくろい寝,IMG_1691.png,,加工済み・実装後確認,再生ボタン残り：身体の欠損とは別,"(95, 901, 525, 1180)",撮り直し候補,未照合,画像/バクフーン/バクフーン_寝顔2_けづくろい寝.webp,d34210d07c6ac310650c5f0b05b1af9ca6f35ddaee7ca1f008d161969a9bde94,126,1768,0,寝顔中心・上下直線・左右16%曲線・枠外透過,310,一次一覧確認で確定なし（細部は実装後確認）,枠内に残る可能性
バクフーン_寝顔3_ほのおふきあげ寝.webp,バクフーン/バクフーン_寝顔3_ほのおふきあげ寝.webp,0157,バクフーン,通常,3,ほのおふきあげ寝,IMG_1691.png,,加工済み・実装後確認,再生ボタン残り：身体の欠損とは別,"(148, 1372, 475, 1613)",撮り直し候補,未照合,画像/バクフーン/バクフーン_寝顔3_ほのおふきあげ寝.webp,d34210d07c6ac310650c5f0b05b1af9ca6f35ddaee7ca1f008d161969a9bde94,0,348,0,寝顔中心・上下直線・左右16%曲線・枠外透過,311,一次一覧確認で確定なし（細部は実装後確認）,枠内に残る可能性
バクフーン_寝顔4_おなかのうえ寝.webp,バクフーン/バクフーン_寝顔4_おなかのうえ寝.webp,0157,バクフーン,通常,4,おなかのうえ寝,IMG_1691.png,カビゴンは元画像に見える範囲のみ。再生ボタンの重なり部分は補描なし。,加工済み・実装後確認,再生ボタン残り：身体の欠損とは別,"(95, 1815, 525, 2095)",構図要確認,未照合,画像/バクフーン/バクフーン_寝顔4_おなかのうえ寝.webp,d34210d07c6ac310650c5f0b05b1af9ca6f35ddaee7ca1f008d161969a9bde94,2583,1768,0,寝顔中心・上下直線・左右16%曲線・枠外透過,312,一次一覧確認で確定なし（細部は実装後確認）,枠内に残る可能性
ワニノコ_寝顔4_おなかのうえ寝.webp,ワニノコ/ワニノコ_寝顔4_おなかのうえ寝.webp,0158,ワニノコ,通常,4,おなかのうえ寝,IMG_1692.png,カビゴンは元画像に見える範囲のみ。再生ボタンの重なり部分は補描なし。,加工済み・実装後確認,再生ボタン残り：身体の欠損とは別,"(97, 1836, 520, 2116)",構図要確認,未照合,画像/ワニノコ/ワニノコ_寝顔4_おなかのうえ寝.webp,89a44decf2af7d1c7c4e2f5c9b26b712f0707d62accfa3875394602181c88b58,3056,1768,0,寝顔中心・上下直線・左右16%曲線・枠外透過,316,一次一覧確認で確定なし（細部は実装後確認）,枠内に残る可能性
アリゲイツ_寝顔4_おなかのうえ寝.webp,アリゲイツ/アリゲイツ_寝顔4_おなかのうえ寝.webp,0159,アリゲイツ,通常,4,おなかのうえ寝,IMG_1693.png,カビゴンは元画像に見える範囲のみ。再生ボタンの重なり部分は補描なし。,加工済み・実装後確認,再生ボタン残り：身体の欠損とは別,"(135, 1849, 477, 2122)",構図要確認,未照合,画像/アリゲイツ/アリゲイツ_寝顔4_おなかのうえ寝.webp,1f2e0879979c87039ff5eb9dac54ad00754f03ba2b1b5e2eccaea8f2a7479d9a,0,697,0,寝顔中心・上下直線・左右16%曲線・枠外透過,320,一次一覧確認で確定なし（細部は実装後確認）,枠内に残る可能性
オーダイル_寝顔1_はんきゅう寝.webp,オーダイル/オーダイル_寝顔1_はんきゅう寝.webp,0160,オーダイル,通常,1,はんきゅう寝,IMG_1694.png,,加工済み・実装後確認,再生ボタン残り：身体の欠損とは別,"(153, 526, 478, 791)",撮り直し候補,未照合,画像/オーダイル/オーダイル_寝顔1_はんきゅう寝.webp,86e600b8a609d5edf97c04830659d6cb1d947b9fc68f6f45fe6cab46d2f8a6b6,0,674,0,寝顔中心・上下直線・左右16%曲線・枠外透過,321,一次一覧確認で確定なし（細部は実装後確認）,枠内に残る可能性
オーダイル_寝顔3_おおぐちあけ寝.webp,オーダイル/オーダイル_寝顔3_おおぐちあけ寝.webp,0160,オーダイル,通常,3,おおぐちあけ寝,IMG_1694.png,,加工済み・実装後確認,再生ボタン残り：身体の欠損とは別,"(145, 1447, 467, 1701)",撮り直し候補,未照合,画像/オーダイル/オーダイル_寝顔3_おおぐちあけ寝.webp,86e600b8a609d5edf97c04830659d6cb1d947b9fc68f6f45fe6cab46d2f8a6b6,0,281,0,寝顔中心・上下直線・左右16%曲線・枠外透過,323,一次一覧確認で確定なし（細部は実装後確認）,枠内に残る可能性
オーダイル_寝顔4_おなかのうえ寝.webp,オーダイル/オーダイル_寝顔4_おなかのうえ寝.webp,0160,オーダイル,通常,4,おなかのうえ寝,IMG_1694.png,カビゴンは元画像に見える範囲のみ。再生ボタンの重なり部分は補描なし。,加工済み・実装後確認,再生ボタン残り：身体の欠損とは別,"(95, 1891, 525, 2171)",構図要確認,未照合,画像/オーダイル/オーダイル_寝顔4_おなかのうえ寝.webp,86e600b8a609d5edf97c04830659d6cb1d947b9fc68f6f45fe6cab46d2f8a6b6,135,1768,0,寝顔中心・上下直線・左右16%曲線・枠外透過,324,一次一覧確認で確定なし（細部は実装後確認）,枠内に残る可能性
ピチュー_寝顔4_おなかのうえ寝.webp,ピチュー/ピチュー_寝顔4_おなかのうえ寝.webp,0172,ピチュー,通常,4,おなかのうえ寝,IMG_1695.png,カビゴンは元画像に見える範囲のみ。再生ボタンの重なり部分は補描なし。,加工済み・実装後確認,再生ボタン残り：身体の欠損とは別,"(95, 1864, 525, 2143)",構図要確認,未照合,画像/ピチュー/ピチュー_寝顔4_おなかのうえ寝.webp,aa966cdccf33377d1affa02ab882e540f56ce26e9c87425813fda82099795cc6,3780,1768,0,寝顔中心・上下直線・左右16%曲線・枠外透過,328,一次一覧確認で確定なし（細部は実装後確認）,枠内に残る可能性
ピィ_寝顔4_おなかのうえ寝.webp,ピィ/ピィ_寝顔4_おなかのうえ寝.webp,0173,ピィ,通常,4,おなかのうえ寝,IMG_1696.png,カビゴンは元画像に見える範囲のみ。再生ボタンの重なり部分は補描なし。,加工済み・実装後確認,再生ボタン残り：身体の欠損とは別,"(211, 1819, 525, 2071)",構図要確認,未照合,画像/ピィ/ピィ_寝顔4_おなかのうえ寝.webp,34abbf4a9cc014f37af7d345afba46b9083ebd12bd533e89b7dd60919eaa9c79,3650,1731,0,寝顔中心・上下直線・左右16%曲線・枠外透過,332,一次一覧確認で確定なし（細部は実装後確認）,枠内に残る可能性
ププリン_寝顔4_おなかのうえ寝.webp,ププリン/ププリン_寝顔4_おなかのうえ寝.webp,0174,ププリン,通常,4,おなかのうえ寝,IMG_1697.png,カビゴンは元画像に見える範囲のみ。再生ボタンの重なり部分は補描なし。,加工済み・実装後確認,再生ボタン残り：身体の欠損とは別,"(95, 1941, 525, 2221)",構図要確認,未照合,画像/ププリン/ププリン_寝顔4_おなかのうえ寝.webp,58a30be45b0a6a5257b84a8c49ba8f07dc5ec9295db5ccb608ed3b03bf5e6e42,3749,1768,0,寝顔中心・上下直線・左右16%曲線・枠外透過,336,一次一覧確認で確定なし（細部は実装後確認）,枠内に残る可能性
トゲピー_寝顔4_おなかのうえ寝.webp,トゲピー/トゲピー_寝顔4_おなかのうえ寝.webp,0175,トゲピー,通常,4,おなかのうえ寝,IMG_1698.png,カビゴンは元画像に見える範囲のみ。再生ボタンの重なり部分は補描なし。,加工済み・実装後確認,再生ボタン残り：身体の欠損とは別,"(95, 1841, 525, 2121)",構図要確認,未照合,画像/トゲピー/トゲピー_寝顔4_おなかのうえ寝.webp,7721bf065358eaf44f7f6345fccbe1de02953432021f9f740ff074b48de5135c,3749,1768,0,寝顔中心・上下直線・左右16%曲線・枠外透過,340,一次一覧確認で確定なし（細部は実装後確認）,枠内に残る可能性
トゲチック_寝顔2_たちはばたき寝.webp,トゲチック/トゲチック_寝顔2_たちはばたき寝.webp,0176,トゲチック,通常,2,たちはばたき寝,IMG_1699.png,,加工済み・実装後確認,再生ボタン残り：身体の欠損とは別,"(95, 996, 525, 1258)",撮り直し候補,未照合,画像/トゲチック/トゲチック_寝顔2_たちはばたき寝.webp,d8edab8eddaf3d747f0339b10c923b03942d3b0db6bba19c34f37c529341487d,126,1768,0,寝顔中心・上下直線・左右16%曲線・枠外透過,342,一次一覧確認で確定なし（細部は実装後確認）,枠内に残る可能性
トゲチック_寝顔4_おなかのうえ寝.webp,トゲチック/トゲチック_寝顔4_おなかのうえ寝.webp,0176,トゲチック,通常,4,おなかのうえ寝,IMG_1699.png,カビゴンは元画像に見える範囲のみ。再生ボタンの重なり部分は補描なし。,加工済み・実装後確認,再生ボタン残り：身体の欠損とは別,"(95, 1920, 525, 2172)",構図要確認,未照合,画像/トゲチック/トゲチック_寝顔4_おなかのうえ寝.webp,d8edab8eddaf3d747f0339b10c923b03942d3b0db6bba19c34f37c529341487d,3130,1768,0,寝顔中心・上下直線・左右16%曲線・枠外透過,344,一次一覧確認で確定なし（細部は実装後確認）,枠内に残る可能性
ネイティ_寝顔4_おなかのうえ寝.webp,ネイティ/ネイティ_寝顔4_おなかのうえ寝.webp,0177,ネイティ,通常,4,おなかのうえ寝,IMG_1700.png,カビゴンは元画像に見える範囲のみ。再生ボタンの重なり部分は補描なし。,加工済み・実装後確認,再生ボタン残り：身体の欠損とは別,"(95, 1841, 525, 2106)",構図要確認,未照合,画像/ネイティ/ネイティ_寝顔4_おなかのうえ寝.webp,e6ccdb7bf1373491dcc10fddc850d286adcab71c7a0b54ccb18a47ffbbab4702,3157,1751,0,寝顔中心・上下直線・左右16%曲線・枠外透過,348,一次一覧確認で確定なし（細部は実装後確認）,枠内に残る可能性
ネイティオ_寝顔1_みらいよち寝.webp,ネイティオ/ネイティオ_寝顔1_みらいよち寝.webp,0178,ネイティオ,通常,1,みらいよち寝,IMG_1701.png,,加工済み・実装後確認,再生ボタン残り：身体の欠損とは別,"(95, 458, 525, 735)",撮り直し候補,未照合,画像/ネイティオ/ネイティオ_寝顔1_みらいよち寝.webp,f0c7dab14f3b79298f3cf8bea756f6dd8a6d6951091dea428ca3109ef3685435,127,1768,0,寝顔中心・上下直線・左右16%曲線・枠外透過,349,一次一覧確認で確定なし（細部は実装後確認）,枠内に残る可能性
ネイティオ_寝顔3_はねひろげ寝.webp,ネイティオ/ネイティオ_寝顔3_はねひろげ寝.webp,0178,ネイティオ,通常,3,はねひろげ寝,IMG_1701.png,,加工済み・実装後確認,再生ボタン残り：身体の欠損とは別,"(95, 1380, 525, 1649)",撮り直し候補,未照合,画像/ネイティオ/ネイティオ_寝顔3_はねひろげ寝.webp,f0c7dab14f3b79298f3cf8bea756f6dd8a6d6951091dea428ca3109ef3685435,128,1768,0,寝顔中心・上下直線・左右16%曲線・枠外透過,351,一次一覧確認で確定なし（細部は実装後確認）,枠内に残る可能性
ネイティオ_寝顔4_おなかのうえ寝.webp,ネイティオ/ネイティオ_寝顔4_おなかのうえ寝.webp,0178,ネイティオ,通常,4,おなかのうえ寝,IMG_1701.png,カビゴンは元画像に見える範囲のみ。再生ボタンの重なり部分は補描なし。,加工済み・実装後確認,再生ボタン残り：身体の欠損とは別,"(95, 1827, 525, 2106)",構図要確認,未照合,画像/ネイティオ/ネイティオ_寝顔4_おなかのうえ寝.webp,f0c7dab14f3b79298f3cf8bea756f6dd8a6d6951091dea428ca3109ef3685435,3529,1768,0,寝顔中心・上下直線・左右16%曲線・枠外透過,352,一次一覧確認で確定なし（細部は実装後確認）,枠内に残る可能性
メリープ_寝顔4_おなかのうえ寝.webp,メリープ/メリープ_寝顔4_おなかのうえ寝.webp,0179,メリープ,通常,4,おなかのうえ寝,IMG_1702.png,カビゴンは元画像に見える範囲のみ。再生ボタンの重なり部分は補描なし。,加工済み・実装後確認,再生ボタン残り：身体の欠損とは別,"(95, 1846, 525, 2126)",構図要確認,未照合,画像/メリープ/メリープ_寝顔4_おなかのうえ寝.webp,e54a8e8b5ac8e81bb1e0f7fc5db59dfe52aefbd01f5d48ec6f40c3ade1178987,1771,1768,0,寝顔中心・上下直線・左右16%曲線・枠外透過,356,一次一覧確認で確定なし（細部は実装後確認）,枠内に残る可能性
モココ_寝顔4_おなかのうえ寝.webp,モココ/モココ_寝顔4_おなかのうえ寝.webp,0180,モココ,通常,4,おなかのうえ寝,IMG_1703.png,カビゴンは元画像に見える範囲のみ。再生ボタンの重なり部分は補描なし。,加工済み・実装後確認,再生ボタン残り：身体の欠損とは別,"(141, 1823, 490, 2102)",構図要確認,未照合,画像/モココ/モココ_寝顔4_おなかのうえ寝.webp,8f40aac0f8317c179c9e5a2a5a03f391ac0b297ae3cdf4b804dc258f1583da4d,650,1129,0,寝顔中心・上下直線・左右16%曲線・枠外透過,360,一次一覧確認で確定なし（細部は実装後確認）,枠内に残る可能性
デンリュウ_寝顔3_しっぽかがやき寝.webp,デンリュウ/デンリュウ_寝顔3_しっぽかがやき寝.webp,0181,デンリュウ,通常,3,しっぽかがやき寝,IMG_1704.png,,加工済み・実装後確認,再生ボタン残り：身体の欠損とは別,"(151, 1446, 465, 1664)",撮り直し候補,未照合,画像/デンリュウ/デンリュウ_寝顔3_しっぽかがやき寝.webp,f73ddf5f724374a94fb58b1e03afdbbe1077e8eb71eeee14382c2e06d5e6463e,0,76,0,寝顔中心・上下直線・左右16%曲線・枠外透過,363,一次一覧確認で確定なし（細部は実装後確認）,枠内に残る可能性
デンリュウ_寝顔4_おなかのうえ寝.webp,デンリュウ/デンリュウ_寝顔4_おなかのうえ寝.webp,0181,デンリュウ,通常,4,おなかのうえ寝,IMG_1704.png,カビゴンは元画像に見える範囲のみ。再生ボタンの重なり部分は補描なし。,加工済み・実装後確認,再生ボタン残り：身体の欠損とは別,"(137, 1873, 487, 2152)",構図要確認,未照合,画像/デンリュウ/デンリュウ_寝顔4_おなかのうえ寝.webp,f73ddf5f724374a94fb58b1e03afdbbe1077e8eb71eeee14382c2e06d5e6463e,80,1029,0,寝顔中心・上下直線・左右16%曲線・枠外透過,364,一次一覧確認で確定なし（細部は実装後確認）,枠内に残る可能性
ウソッキー_寝顔4_おなかのうえ寝.webp,ウソッキー/ウソッキー_寝顔4_おなかのうえ寝.webp,0185,ウソッキー,通常,4,おなかのうえ寝,IMG_1705.png,カビゴンは元画像に見える範囲のみ。再生ボタンの重なり部分は補描なし。,加工済み・実装後確認,再生ボタン残り：身体の欠損とは別,"(107, 1889, 517, 2168)",構図要確認,未照合,画像/ウソッキー/ウソッキー_寝顔4_おなかのうえ寝.webp,c63cddd9924a0473061cfbac8029cd727a00070af0116d322d2b4778cc2916e4,2383,1762,0,寝顔中心・上下直線・左右16%曲線・枠外透過,368,一次一覧確認で確定なし（細部は実装後確認）,枠内に残る可能性
ウパー_寝顔4_おなかのうえ寝.webp,ウパー/ウパー_寝顔4_おなかのうえ寝.webp,0194,ウパー,通常,4,おなかのうえ寝,IMG_1706.png,カビゴンは元画像に見える範囲のみ。再生ボタンの重なり部分は補描なし。,加工済み・実装後確認,再生ボタン残り：身体の欠損とは別,"(95, 1840, 525, 2120)",構図要確認,未照合,画像/ウパー/ウパー_寝顔4_おなかのうえ寝.webp,73d89097d0090c0bd82305e53b275e8f58f3315103df1a08af9b11c330a1ac85,797,1768,0,寝顔中心・上下直線・左右16%曲線・枠外透過,372,一次一覧確認で確定なし（細部は実装後確認）,枠内に残る可能性
ウパー_パルデア_寝顔3_どろにうまり寝.webp,ウパー_パルデア/ウパー_パルデア_寝顔3_どろにうまり寝.webp,0194,ウパー,パルデア,3,どろにうまり寝,IMG_1707.png,,加工済み・実装後確認,再生ボタン残り：身体の欠損とは別,"(155, 1407, 465, 1632)",一次切り抜き,未照合,画像/ウパー_パルデア/ウパー_パルデア_寝顔3_どろにうまり寝.webp,e4acb82ff51c35908b6040034b374b747c298cfdbf77b5f4991a5f18426ed3cf,0,98,0,寝顔中心・上下直線・左右16%曲線・枠外透過,375,一次一覧確認で確定なし（細部は実装後確認）,枠内に残る可能性
ウパー_パルデア_寝顔4_おなかのうえ寝.webp,ウパー_パルデア/ウパー_パルデア_寝顔4_おなかのうえ寝.webp,0194,ウパー,パルデア,4,おなかのうえ寝,IMG_1707.png,カビゴンは元画像に見える範囲のみ。再生ボタンの重なり部分は補描なし。,加工済み・実装後確認,再生ボタン残り：身体の欠損とは別,"(117, 1836, 488, 2116)",構図要確認,未照合,画像/ウパー_パルデア/ウパー_パルデア_寝顔4_おなかのうえ寝.webp,e4acb82ff51c35908b6040034b374b747c298cfdbf77b5f4991a5f18426ed3cf,1603,1032,0,寝顔中心・上下直線・左右16%曲線・枠外透過,376,一次一覧確認で確定なし（細部は実装後確認）,枠内に残る可能性
ヌオー_寝顔2_おおあくび寝.webp,ヌオー/ヌオー_寝顔2_おおあくび寝.webp,0195,ヌオー,通常,2,おおあくび寝,IMG_1708.png,,加工済み・実装後確認,再生ボタン残り：身体の欠損とは別,"(95, 917, 525, 1184)",撮り直し候補,未照合,画像/ヌオー/ヌオー_寝顔2_おおあくび寝.webp,1abd8e4e7d4d849875b57a66e31e3d37f75dc29cb4e59d52317318139a7a2917,126,1756,0,寝顔中心・上下直線・左右16%曲線・枠外透過,378,一次一覧確認で確定なし（細部は実装後確認）,枠内に残る可能性
ヌオー_寝顔3_どろにうかび寝.webp,ヌオー/ヌオー_寝顔3_どろにうかび寝.webp,0195,ヌオー,通常,3,どろにうかび寝,IMG_1708.png,,加工済み・実装後確認,再生ボタン残り：身体の欠損とは別,"(132, 1401, 482, 1641)",撮り直し候補,未照合,画像/ヌオー/ヌオー_寝顔3_どろにうかび寝.webp,1abd8e4e7d4d849875b57a66e31e3d37f75dc29cb4e59d52317318139a7a2917,0,746,0,寝顔中心・上下直線・左右16%曲線・枠外透過,379,一次一覧確認で確定なし（細部は実装後確認）,枠内に残る可能性
ヌオー_寝顔4_おなかのうえ寝.webp,ヌオー/ヌオー_寝顔4_おなかのうえ寝.webp,0195,ヌオー,通常,4,おなかのうえ寝,IMG_1708.png,カビゴンは元画像に見える範囲のみ。再生ボタンの重なり部分は補描なし。,加工済み・実装後確認,再生ボタン残り：身体の欠損とは別,"(122, 1832, 480, 2111)",構図要確認,未照合,画像/ヌオー/ヌオー_寝顔4_おなかのうえ寝.webp,1abd8e4e7d4d849875b57a66e31e3d37f75dc29cb4e59d52317318139a7a2917,1717,782,0,寝顔中心・上下直線・左右16%曲線・枠外透過,380,一次一覧確認で確定なし（細部は実装後確認）,枠内に残る可能性
エーフィ_寝顔4_おなかのうえ寝.webp,エーフィ/エーフィ_寝顔4_おなかのうえ寝.webp,0196,エーフィ,通常,4,おなかのうえ寝,IMG_1709.png,カビゴンは元画像に見える範囲のみ。再生ボタンの重なり部分は補描なし。,加工済み・実装後確認,再生ボタン残り：身体の欠損とは別,"(95, 1849, 493, 2128)",構図要確認,未照合,画像/エーフィ/エーフィ_寝顔4_おなかのうえ寝.webp,86e07861b9038b2a569d85bdc7ac51fa2f6da1b949d07462081d4d639a712f85,192,1159,0,寝顔中心・上下直線・左右16%曲線・枠外透過,384,一次一覧確認で確定なし（細部は実装後確認）,枠内に残る可能性
ヤミカラス_寝顔1_はづくろい寝.webp,ヤミカラス/ヤミカラス_寝顔1_はづくろい寝.webp,0198,ヤミカラス,通常,1,はづくろい寝,IMG_1711.png,,加工済み・実装後確認,再生ボタン残り：身体の欠損とは別,"(168, 509, 475, 765)",撮り直し候補,未照合,画像/ヤミカラス/ヤミカラス_寝顔1_はづくろい寝.webp,b85fbae435e7fbc6623624dbbc9d4a5b7a978fa8c8d38cc39c1c7e1d8f2fe841,0,731,0,寝顔中心・上下直線・左右16%曲線・枠外透過,388,一次一覧確認で確定なし（細部は実装後確認）,枠内に残る可能性
ヤミカラス_寝顔3_ほうせきあつめ寝.webp,ヤミカラス/ヤミカラス_寝顔3_ほうせきあつめ寝.webp,0198,ヤミカラス,通常,3,ほうせきあつめ寝,IMG_1711.png,,加工済み・実装後確認,再生ボタン残り：身体の欠損とは別,"(138, 1401, 482, 1646)",撮り直し候補,未照合,画像/ヤミカラス/ヤミカラス_寝顔3_ほうせきあつめ寝.webp,b85fbae435e7fbc6623624dbbc9d4a5b7a978fa8c8d38cc39c1c7e1d8f2fe841,0,312,0,寝顔中心・上下直線・左右16%曲線・枠外透過,390,一次一覧確認で確定なし（細部は実装後確認）,枠内に残る可能性
ヤミカラス_寝顔4_おなかのうえ寝.webp,ヤミカラス/ヤミカラス_寝顔4_おなかのうえ寝.webp,0198,ヤミカラス,通常,4,おなかのうえ寝,IMG_1711.png,カビゴンは元画像に見える範囲のみ。再生ボタンの重なり部分は補描なし。,加工済み・実装後確認,再生ボタン残り：身体の欠損とは別,"(95, 1856, 525, 2136)",構図要確認,未照合,画像/ヤミカラス/ヤミカラス_寝顔4_おなかのうえ寝.webp,b85fbae435e7fbc6623624dbbc9d4a5b7a978fa8c8d38cc39c1c7e1d8f2fe841,3692,1768,0,寝顔中心・上下直線・左右16%曲線・枠外透過,391,一次一覧確認で確定なし（細部は実装後確認）,枠内に残る可能性
ヤドキング_寝顔4_おなかのうえ寝.webp,ヤドキング/ヤドキング_寝顔4_おなかのうえ寝.webp,0199,ヤドキング,通常,4,おなかのうえ寝,IMG_1712.png,カビゴンは元画像に見える範囲のみ。再生ボタンの重なり部分は補描なし。,加工済み・実装後確認,再生ボタン残り：身体の欠損とは別,"(95, 1805, 525, 2085)",構図要確認,未照合,画像/ヤドキング/ヤドキング_寝顔4_おなかのうえ寝.webp,abb52dffee2156e7ec513e7a8d3f66dda99f530f212760afc3b77501c64996c2,476,1768,0,寝顔中心・上下直線・左右16%曲線・枠外透過,395,一次一覧確認で確定なし（細部は実装後確認）,枠内に残る可能性
ソーナンス_寝顔4_おなかのうえ寝.webp,ソーナンス/ソーナンス_寝顔4_おなかのうえ寝.webp,0202,ソーナンス,通常,4,おなかのうえ寝,IMG_1713.png,カビゴンは元画像に見える範囲のみ。再生ボタンの重なり部分は補描なし。,加工済み・実装後確認,再生ボタン残り：身体の欠損とは別,"(95, 1885, 525, 2165)",構図要確認,未照合,画像/ソーナンス/ソーナンス_寝顔4_おなかのうえ寝.webp,256a22a6da59d3b54e1696324e7c4e364372ec7b6e2c085342ede21a4676a156,2883,1768,0,寝顔中心・上下直線・左右16%曲線・枠外透過,399,一次一覧確認で確定なし（細部は実装後確認）,枠内に残る可能性
ハガネール_寝顔1_うずまき寝.webp,ハガネール/ハガネール_寝顔1_うずまき寝.webp,0208,ハガネール,通常,1,うずまき寝,IMG_1714.png,,加工済み・実装後確認,再生ボタン残り：身体の欠損とは別,"(132, 709, 499, 984)",撮り直し候補,未照合,画像/ハガネール/ハガネール_寝顔1_うずまき寝.webp,96ad4e43117d38a1f5071090eec1be7e60a13e10112c58365944127802dc5055,0,1365,0,寝顔中心・上下直線・左右16%曲線・枠外透過,400,一次一覧確認で確定なし（細部は実装後確認）,枠内に残る可能性
ハガネール_寝顔2_ぐらぐら寝.webp,ハガネール/ハガネール_寝顔2_ぐらぐら寝.webp,0208,ハガネール,通常,2,ぐらぐら寝,IMG_1714.png,,加工済み・実装後確認,再生ボタン残り：身体の欠損とは別,"(137, 1172, 467, 1445)",撮り直し候補,未照合,画像/ハガネール/ハガネール_寝顔2_ぐらぐら寝.webp,96ad4e43117d38a1f5071090eec1be7e60a13e10112c58365944127802dc5055,0,380,0,寝顔中心・上下直線・左右16%曲線・枠外透過,401,一次一覧確認で確定なし（細部は実装後確認）,枠内に残る可能性
ハガネール_寝顔3_ほりすすみ寝.webp,ハガネール/ハガネール_寝顔3_ほりすすみ寝.webp,0208,ハガネール,通常,3,ほりすすみ寝,IMG_1714.png,,加工済み・実装後確認,再生ボタン残り：身体の欠損とは別,"(131, 1623, 490, 1898)",撮り直し候補,未照合,画像/ハガネール/ハガネール_寝顔3_ほりすすみ寝.webp,96ad4e43117d38a1f5071090eec1be7e60a13e10112c58365944127802dc5055,0,1065,0,寝顔中心・上下直線・左右16%曲線・枠外透過,402,一次一覧確認で確定なし（細部は実装後確認）,枠内に残る可能性
ツボツボ_寝顔2_こもらない寝.webp,ツボツボ/ツボツボ_寝顔2_こもらない寝.webp,0213,ツボツボ,通常,2,こもらない寝,IMG_1715.png,,加工済み・実装後確認,再生ボタン残り：身体の欠損とは別,"(148, 937, 473, 1191)",撮り直し候補,未照合,画像/ツボツボ/ツボツボ_寝顔2_こもらない寝.webp,c7e8450d9d456c7b66880dad8cafa428e5b32f37aa80673d40707a40ea8a4693,0,536,0,寝顔中心・上下直線・左右16%曲線・枠外透過,404,一次一覧確認で確定なし（細部は実装後確認）,枠内に残る可能性
ツボツボ_寝顔3_ジュースこぼれ寝.webp,ツボツボ/ツボツボ_寝顔3_ジュースこぼれ寝.webp,0213,ツボツボ,通常,3,ジュースこぼれ寝,IMG_1715.png,,加工済み・実装後確認,再生ボタン残り：身体の欠損とは別,"(125, 1415, 493, 1643)",撮り直し候補,未照合,画像/ツボツボ/ツボツボ_寝顔3_ジュースこぼれ寝.webp,c7e8450d9d456c7b66880dad8cafa428e5b32f37aa80673d40707a40ea8a4693,0,1106,0,寝顔中心・上下直線・左右16%曲線・枠外透過,405,一次一覧確認で確定なし（細部は実装後確認）,枠内に残る可能性
ツボツボ_寝顔4_おなかのうえ寝.webp,ツボツボ/ツボツボ_寝顔4_おなかのうえ寝.webp,0213,ツボツボ,通常,4,おなかのうえ寝,IMG_1715.png,カビゴンは元画像に見える範囲のみ。再生ボタンの重なり部分は補描なし。,加工済み・実装後確認,再生ボタン残り：身体の欠損とは別,"(95, 1834, 525, 2113)",構図要確認,未照合,画像/ツボツボ/ツボツボ_寝顔4_おなかのうえ寝.webp,c7e8450d9d456c7b66880dad8cafa428e5b32f37aa80673d40707a40ea8a4693,3532,1768,0,寝顔中心・上下直線・左右16%曲線・枠外透過,406,一次一覧確認で確定なし（細部は実装後確認）,枠内に残る可能性
ヘラクロス_寝顔1_ツノふり寝.webp,ヘラクロス/ヘラクロス_寝顔1_ツノふり寝.webp,0214,ヘラクロス,通常,1,ツノふり寝,IMG_1716.png,,加工済み・実装後確認,再生ボタン残り：身体の欠損とは別,"(95, 469, 525, 734)",撮り直し候補,未照合,画像/ヘラクロス/ヘラクロス_寝顔1_ツノふり寝.webp,9959fe70f2379f5c071a37d917bc6da8b0afb7a7cfd2415d083803120a84e9e0,126,1768,0,寝顔中心・上下直線・左右16%曲線・枠外透過,407,一次一覧確認で確定なし（細部は実装後確認）,枠内に残る可能性
ヘラクロス_寝顔2_ぼうだち寝.webp,ヘラクロス/ヘラクロス_寝顔2_ぼうだち寝.webp,0214,ヘラクロス,通常,2,ぼうだち寝,IMG_1716.png,,加工済み・実装後確認,再生ボタン残り：身体の欠損とは別,"(95, 922, 525, 1190)",撮り直し候補,未照合,画像/ヘラクロス/ヘラクロス_寝顔2_ぼうだち寝.webp,9959fe70f2379f5c071a37d917bc6da8b0afb7a7cfd2415d083803120a84e9e0,126,1768,0,寝顔中心・上下直線・左右16%曲線・枠外透過,408,一次一覧確認で確定なし（細部は実装後確認）,枠内に残る可能性
ヘラクロス_寝顔3_ミツなめ寝.webp,ヘラクロス/ヘラクロス_寝顔3_ミツなめ寝.webp,0214,ヘラクロス,通常,3,ミツなめ寝,IMG_1716.png,,加工済み・実装後確認,再生ボタン残り：身体の欠損とは別,"(95, 1371, 525, 1648)",撮り直し候補,未照合,画像/ヘラクロス/ヘラクロス_寝顔3_ミツなめ寝.webp,9959fe70f2379f5c071a37d917bc6da8b0afb7a7cfd2415d083803120a84e9e0,126,1768,0,寝顔中心・上下直線・左右16%曲線・枠外透過,409,一次一覧確認で確定なし（細部は実装後確認）,枠内に残る可能性
ヘラクロス_寝顔4_おなかのうえ寝.webp,ヘラクロス/ヘラクロス_寝顔4_おなかのうえ寝.webp,0214,ヘラクロス,通常,4,おなかのうえ寝,IMG_1716.png,カビゴンは元画像に見える範囲のみ。再生ボタンの重なり部分は補描なし。,加工済み・実装後確認,再生ボタン残り：身体の欠損とは別,"(95, 1825, 525, 2105)",構図要確認,未照合,画像/ヘラクロス/ヘラクロス_寝顔4_おなかのうえ寝.webp,9959fe70f2379f5c071a37d917bc6da8b0afb7a7cfd2415d083803120a84e9e0,2096,1768,0,寝顔中心・上下直線・左右16%曲線・枠外透過,410,一次一覧確認で確定なし（細部は実装後確認）,枠内に残る可能性
ニューラ_寝顔1_まるまり寝.webp,ニューラ/ニューラ_寝顔1_まるまり寝.webp,0215,ニューラ,通常,1,まるまり寝,IMG_1717.png,,加工済み・実装後確認,再生ボタン残り：身体の欠損とは別,"(150, 522, 493, 709)",撮り直し候補,未照合,画像/ニューラ/ニューラ_寝顔1_まるまり寝.webp,a8bf6cb79226355026dfdf7580ee9e405c2a9210047de2154cf4b167de1395b6,0,385,0,寝顔中心・上下直線・左右16%曲線・枠外透過,411,一次一覧確認で確定なし（細部は実装後確認）,枠内に残る可能性
ニューラ_寝顔3_へそてん寝.webp,ニューラ/ニューラ_寝顔3_へそてん寝.webp,0215,ニューラ,通常,3,へそてん寝,IMG_1717.png,,加工済み・実装後確認,再生ボタン残り：身体の欠損とは別,"(151, 1415, 478, 1638)",撮り直し候補,未照合,画像/ニューラ/ニューラ_寝顔3_へそてん寝.webp,a8bf6cb79226355026dfdf7580ee9e405c2a9210047de2154cf4b167de1395b6,0,367,0,寝顔中心・上下直線・左右16%曲線・枠外透過,413,一次一覧確認で確定なし（細部は実装後確認）,枠内に残る可能性
ニューラ_寝顔4_おなかのうえ寝.webp,ニューラ/ニューラ_寝顔4_おなかのうえ寝.webp,0215,ニューラ,通常,4,おなかのうえ寝,IMG_1717.png,カビゴンは元画像に見える範囲のみ。再生ボタンの重なり部分は補描なし。,加工済み・実装後確認,再生ボタン残り：身体の欠損とは別,"(115, 1844, 507, 2123)",構図要確認,未照合,画像/ニューラ/ニューラ_寝顔4_おなかのうえ寝.webp,a8bf6cb79226355026dfdf7580ee9e405c2a9210047de2154cf4b167de1395b6,1881,1631,0,寝顔中心・上下直線・左右16%曲線・枠外透過,414,一次一覧確認で確定なし（細部は実装後確認）,枠内に残る可能性
デリバード_寝顔4_おなかのうえ寝.webp,デリバード/デリバード_寝顔4_おなかのうえ寝.webp,0225,デリバード,通常,4,おなかのうえ寝,IMG_1718.png,カビゴンは元画像に見える範囲のみ。再生ボタンの重なり部分は補描なし。,加工済み・実装後確認,再生ボタン残り：身体の欠損とは別,"(133, 1899, 483, 2178)",構図要確認,未照合,画像/デリバード/デリバード_寝顔4_おなかのうえ寝.webp,e66bc284d9689bcd53fb1a218152e8a6c7f7d7049f41403dee922f1567fbb2bb,1362,889,0,寝顔中心・上下直線・左右16%曲線・枠外透過,418,一次一覧確認で確定なし（細部は実装後確認）,枠内に残る可能性
デルビル_寝顔4_おなかのうえ寝.webp,デルビル/デルビル_寝顔4_おなかのうえ寝.webp,0228,デルビル,通常,4,おなかのうえ寝,IMG_1719.png,カビゴンは元画像に見える範囲のみ。再生ボタンの重なり部分は補描なし。,加工済み・実装後確認,再生ボタン残り：身体の欠損とは別,"(95, 1888, 525, 2167)",構図要確認,未照合,画像/デルビル/デルビル_寝顔4_おなかのうえ寝.webp,ac006061e55c29db825fb663b6d0789c5c7815751a5647606277e538454feb14,491,1768,0,寝顔中心・上下直線・左右16%曲線・枠外透過,422,一次一覧確認で確定なし（細部は実装後確認）,枠内に残る可能性
ヘルガー_寝顔3_ほのおはき寝.webp,ヘルガー/ヘルガー_寝顔3_ほのおはき寝.webp,0229,ヘルガー,通常,3,ほのおはき寝,IMG_1720.png,,加工済み・実装後確認,再生ボタン残り：身体の欠損とは別,"(146, 1446, 470, 1692)",撮り直し候補,未照合,画像/ヘルガー/ヘルガー_寝顔3_ほのおはき寝.webp,1cd22e96371c9084d73986e9adb0896cc87fff6b0dd845891b194d1208ff15d6,0,463,0,寝顔中心・上下直線・左右16%曲線・枠外透過,425,一次一覧確認で確定なし（細部は実装後確認）,枠内に残る可能性
ハピナス_寝顔1_すわり寝.webp,ハピナス/ハピナス_寝顔1_すわり寝.webp,0242,ハピナス,通常,1,すわり寝,IMG_1721.png,,加工済み・実装後確認,再生ボタン残り：身体の欠損とは別,"(95, 487, 525, 755)",撮り直し候補,未照合,画像/ハピナス/ハピナス_寝顔1_すわり寝.webp,ebb64febeb123311063abd3a162dda835e8fd85fb7b2456dc2a42ca139d05dc6,126,1768,0,寝顔中心・上下直線・左右16%曲線・枠外透過,426,一次一覧確認で確定なし（細部は実装後確認）,枠内に残る可能性
ハピナス_寝顔2_ゆらゆら寝.webp,ハピナス/ハピナス_寝顔2_ゆらゆら寝.webp,0242,ハピナス,通常,2,ゆらゆら寝,IMG_1721.png,,加工済み・実装後確認,再生ボタン残り：身体の欠損とは別,"(95, 939, 525, 1211)",撮り直し候補,未照合,画像/ハピナス/ハピナス_寝顔2_ゆらゆら寝.webp,ebb64febeb123311063abd3a162dda835e8fd85fb7b2456dc2a42ca139d05dc6,126,1768,0,寝顔中心・上下直線・左右16%曲線・枠外透過,427,一次一覧確認で確定なし（細部は実装後確認）,枠内に残る可能性
ハピナス_寝顔3_タマゴだいじ寝.webp,ハピナス/ハピナス_寝顔3_タマゴだいじ寝.webp,0242,ハピナス,通常,3,タマゴだいじ寝,IMG_1721.png,,加工済み・実装後確認,再生ボタン残り：身体の欠損とは別,"(95, 1394, 525, 1669)",撮り直し候補,未照合,画像/ハピナス/ハピナス_寝顔3_タマゴだいじ寝.webp,ebb64febeb123311063abd3a162dda835e8fd85fb7b2456dc2a42ca139d05dc6,242,1768,0,寝顔中心・上下直線・左右16%曲線・枠外透過,428,一次一覧確認で確定なし（細部は実装後確認）,枠内に残る可能性
ハピナス_寝顔4_おなかのうえ寝.webp,ハピナス/ハピナス_寝顔4_おなかのうえ寝.webp,0242,ハピナス,通常,4,おなかのうえ寝,IMG_1721.png,カビゴンは元画像に見える範囲のみ。再生ボタンの重なり部分は補描なし。,加工済み・実装後確認,再生ボタン残り：身体の欠損とは別,"(95, 1846, 525, 2126)",構図要確認,未照合,画像/ハピナス/ハピナス_寝顔4_おなかのうえ寝.webp,ebb64febeb123311063abd3a162dda835e8fd85fb7b2456dc2a42ca139d05dc6,3749,1768,0,寝顔中心・上下直線・左右16%曲線・枠外透過,429,一次一覧確認で確定なし（細部は実装後確認）,枠内に残る可能性
ライコウ_寝顔1_ちからため寝.webp,ライコウ/ライコウ_寝顔1_ちからため寝.webp,0243,ライコウ,通常,1,ちからため寝,IMG_1722.png,,加工済み・実装後確認,再生ボタン残り：身体の欠損とは別,"(161, 709, 497, 988)",撮り直し候補,未照合,画像/ライコウ/ライコウ_寝顔1_ちからため寝.webp,fe5dcd8e7c6462f19399c31d91d48762c9ec4cc0facdf323860602b71f4fc08d,0,1390,0,寝顔中心・上下直線・左右16%曲線・枠外透過,430,一次一覧確認で確定なし（細部は実装後確認）,枠内に残る可能性
ライコウ_寝顔3_いかずち寝.webp,ライコウ/ライコウ_寝顔3_いかずち寝.webp,0243,ライコウ,通常,3,いかずち寝,IMG_1722.png,,加工済み・実装後確認,再生ボタン残り：身体の欠損とは別,"(157, 1623, 492, 1901)",撮り直し候補,未照合,画像/ライコウ/ライコウ_寝顔3_いかずち寝.webp,fe5dcd8e7c6462f19399c31d91d48762c9ec4cc0facdf323860602b71f4fc08d,0,1207,0,寝顔中心・上下直線・左右16%曲線・枠外透過,432,一次一覧確認で確定なし（細部は実装後確認）,枠内に残る可能性
エンテイ_寝顔1_ちからため寝.webp,エンテイ/エンテイ_寝顔1_ちからため寝.webp,0244,エンテイ,通常,1,ちからため寝,IMG_1723.png,,加工済み・実装後確認,再生ボタン残り：身体の欠損とは別,"(150, 720, 474, 986)",撮り直し候補,未照合,画像/エンテイ/エンテイ_寝顔1_ちからため寝.webp,f71cf0b92b1464af5fcc468127ec0f9b5927da2273e2ce259dd470c949c1cb20,0,627,0,寝顔中心・上下直線・左右16%曲線・枠外透過,433,一次一覧確認で確定なし（細部は実装後確認）,枠内に残る可能性
エンテイ_寝顔3_かざん寝.webp,エンテイ/エンテイ_寝顔3_かざん寝.webp,0244,エンテイ,通常,3,かざん寝,IMG_1723.png,,加工済み・実装後確認,再生ボタン残り：身体の欠損とは別,"(138, 1636, 470, 1894)",撮り直し候補,未照合,画像/エンテイ/エンテイ_寝顔3_かざん寝.webp,f71cf0b92b1464af5fcc468127ec0f9b5927da2273e2ce259dd470c949c1cb20,0,405,0,寝顔中心・上下直線・左右16%曲線・枠外透過,435,一次一覧確認で確定なし（細部は実装後確認）,枠内に残る可能性
スイクン_寝顔1_ちからため寝.webp,スイクン/スイクン_寝顔1_ちからため寝.webp,0245,スイクン,通常,1,ちからため寝,IMG_1724.png,,加工済み・実装後確認,再生ボタン残り：身体の欠損とは別,"(152, 715, 482, 987)",撮り直し候補,未照合,画像/スイクン/スイクン_寝顔1_ちからため寝.webp,5e40d33b8203c40423fea72009e25c0897423a1be49e9eacf635cfa696f07d83,0,890,0,寝顔中心・上下直線・左右16%曲線・枠外透過,436,一次一覧確認で確定なし（細部は実装後確認）,枠内に残る可能性
スイクン_寝顔2_めいそう寝.webp,スイクン/スイクン_寝顔2_めいそう寝.webp,0245,スイクン,通常,2,めいそう寝,IMG_1724.png,,加工済み・実装後確認,再生ボタン残り：身体の欠損とは別,"(129, 1172, 459, 1446)",撮り直し候補,未照合,画像/スイクン/スイクン_寝顔2_めいそう寝.webp,5e40d33b8203c40423fea72009e25c0897423a1be49e9eacf635cfa696f07d83,0,129,0,寝顔中心・上下直線・左右16%曲線・枠外透過,437,一次一覧確認で確定なし（細部は実装後確認）,枠内に残る可能性
スイクン_寝顔3_きたかぜ寝.webp,スイクン/スイクン_寝顔3_きたかぜ寝.webp,0245,スイクン,通常,3,きたかぜ寝,IMG_1724.png,,加工済み・実装後確認,再生ボタン残り：身体の欠損とは別,"(142, 1626, 475, 1895)",撮り直し候補,未照合,画像/スイクン/スイクン_寝顔3_きたかぜ寝.webp,5e40d33b8203c40423fea72009e25c0897423a1be49e9eacf635cfa696f07d83,0,570,0,寝顔中心・上下直線・左右16%曲線・枠外透過,438,一次一覧確認で確定なし（細部は実装後確認）,枠内に残る可能性
ヨーギラス_寝顔4_おなかのうえ寝.webp,ヨーギラス/ヨーギラス_寝顔4_おなかのうえ寝.webp,0246,ヨーギラス,通常,4,おなかのうえ寝,IMG_1725.png,カビゴンは元画像に見える範囲のみ。再生ボタンの重なり部分は補描なし。,加工済み・実装後確認,再生ボタン残り：身体の欠損とは別,"(95, 1881, 525, 2161)",構図要確認,未照合,画像/ヨーギラス/ヨーギラス_寝顔4_おなかのうえ寝.webp,af8a7988b2d852ca6184b6a8c93b98c2271cf31258324f0fabd0c19acc39a114,2854,1768,0,寝顔中心・上下直線・左右16%曲線・枠外透過,442,一次一覧確認で確定なし（細部は実装後確認）,枠内に残る可能性
サナギラス_寝顔4_おなかのうえ寝.webp,サナギラス/サナギラス_寝顔4_おなかのうえ寝.webp,0247,サナギラス,通常,4,おなかのうえ寝,IMG_1726.png,カビゴンは元画像に見える範囲のみ。再生ボタンの重なり部分は補描なし。,加工済み・実装後確認,再生ボタン残り：身体の欠損とは別,"(95, 1901, 497, 2173)",構図要確認,未照合,画像/サナギラス/サナギラス_寝顔4_おなかのうえ寝.webp,b903b563b76af98fa281dbb7f1fd6a1c5fdbf490bcf25e93c093acee8e55680d,302,1305,0,寝顔中心・上下直線・左右16%曲線・枠外透過,446,一次一覧確認で確定なし（細部は実装後確認）,枠内に残る可能性
バンギラス_寝顔1_はらばい寝.webp,バンギラス/バンギラス_寝顔1_はらばい寝.webp,0248,バンギラス,通常,1,はらばい寝,IMG_1727.png,,加工済み・実装後確認,再生ボタン残り：身体の欠損とは別,"(140, 604, 477, 832)",撮り直し候補,未照合,画像/バンギラス/バンギラス_寝顔1_はらばい寝.webp,c66864f0c1ebea9c41764d223276a2da67376ad164f089d5e3bc0e0c12bd2528,0,613,0,寝顔中心・上下直線・左右16%曲線・枠外透過,447,一次一覧確認で確定なし（細部は実装後確認）,枠内に残る可能性
バンギラス_寝顔3_だいのじ寝.webp,バンギラス/バンギラス_寝顔3_だいのじ寝.webp,0248,バンギラス,通常,3,だいのじ寝,IMG_1727.png,,加工済み・実装後確認,再生ボタン残り：身体の欠損とは別,"(137, 1507, 479, 1747)",撮り直し候補,未照合,画像/バンギラス/バンギラス_寝顔3_だいのじ寝.webp,c66864f0c1ebea9c41764d223276a2da67376ad164f089d5e3bc0e0c12bd2528,0,679,0,寝顔中心・上下直線・左右16%曲線・枠外透過,448,一次一覧確認で確定なし（細部は実装後確認）,枠内に残る可能性
バンギラス_寝顔4_おなかのうえ寝.webp,バンギラス/バンギラス_寝顔4_おなかのうえ寝.webp,0248,バンギラス,通常,4,おなかのうえ寝,IMG_1727.png,カビゴンは元画像に見える範囲のみ。再生ボタンの重なり部分は補描なし。,加工済み・実装後確認,再生ボタン残り：身体の欠損とは別,"(95, 1938, 525, 2217)",構図要確認,未照合,画像/バンギラス/バンギラス_寝顔4_おなかのうえ寝.webp,c66864f0c1ebea9c41764d223276a2da67376ad164f089d5e3bc0e0c12bd2528,127,1768,0,寝顔中心・上下直線・左右16%曲線・枠外透過,449,一次一覧確認で確定なし（細部は実装後確認）,枠内に残る可能性
キモリ_寝顔4_おなかのうえ寝.webp,キモリ/キモリ_寝顔4_おなかのうえ寝.webp,0252,キモリ,通常,4,おなかのうえ寝,IMG_1728.png,カビゴンは元画像に見える範囲のみ。再生ボタンの重なり部分は補描なし。,加工済み・実装後確認,再生ボタン残り：身体の欠損とは別,"(95, 1828, 525, 2107)",構図要確認,未照合,画像/キモリ/キモリ_寝顔4_おなかのうえ寝.webp,94c46699d768966eb9b77658fa1e70ea32b73dfca6f3b1cfcc38cccf6ea6383c,3749,1768,0,寝顔中心・上下直線・左右16%曲線・枠外透過,453,一次一覧確認で確定なし（細部は実装後確認）,枠内に残る可能性
ジュプトル_寝顔2_ゆめでかまえ寝.webp,ジュプトル/ジュプトル_寝顔2_ゆめでかまえ寝.webp,0253,ジュプトル,通常,2,ゆめでかまえ寝,IMG_1729.png,,加工済み・実装後確認,再生ボタン残り：身体の欠損とは別,"(95, 1006, 525, 1285)",撮り直し候補,未照合,画像/ジュプトル/ジュプトル_寝顔2_ゆめでかまえ寝.webp,adb475f743e5063ceb39fb4520ba72b594cc1192e1732b46792196391366ed91,127,1768,0,寝顔中心・上下直線・左右16%曲線・枠外透過,455,一次一覧確認で確定なし（細部は実装後確認）,枠内に残る可能性
ジュプトル_寝顔3_はっぱつつまれ寝.webp,ジュプトル/ジュプトル_寝顔3_はっぱつつまれ寝.webp,0253,ジュプトル,通常,3,はっぱつつまれ寝,IMG_1729.png,,加工済み・実装後確認,再生ボタン残り：身体の欠損とは別,"(127, 1500, 477, 1723)",撮り直し候補,未照合,画像/ジュプトル/ジュプトル_寝顔3_はっぱつつまれ寝.webp,adb475f743e5063ceb39fb4520ba72b594cc1192e1732b46792196391366ed91,0,487,0,寝顔中心・上下直線・左右16%曲線・枠外透過,456,一次一覧確認で確定なし（細部は実装後確認）,枠内に残る可能性
ジュプトル_寝顔4_おなかのうえ寝.webp,ジュプトル/ジュプトル_寝顔4_おなかのうえ寝.webp,0253,ジュプトル,通常,4,おなかのうえ寝,IMG_1729.png,カビゴンは元画像に見える範囲のみ。再生ボタンの重なり部分は補描なし。,加工済み・実装後確認,再生ボタン残り：身体の欠損とは別,"(95, 1920, 525, 2200)",構図要確認,未照合,画像/ジュプトル/ジュプトル_寝顔4_おなかのうえ寝.webp,adb475f743e5063ceb39fb4520ba72b594cc1192e1732b46792196391366ed91,853,1768,0,寝顔中心・上下直線・左右16%曲線・枠外透過,457,一次一覧確認で確定なし（細部は実装後確認）,枠内に残る可能性
ジュカイン_寝顔1_どっしり寝.webp,ジュカイン/ジュカイン_寝顔1_どっしり寝.webp,0254,ジュカイン,通常,1,どっしり寝,IMG_1730.png,,加工済み・実装後確認,再生ボタン残り：身体の欠損とは別,"(157, 497, 483, 760)",撮り直し候補,未照合,画像/ジュカイン/ジュカイン_寝顔1_どっしり寝.webp,e64f9f89f8f80e591284a26687d78ea915e0469304449b493aa7fa8d63eb5fb2,0,851,0,寝顔中心・上下直線・左右16%曲線・枠外透過,458,一次一覧確認で確定なし（細部は実装後確認）,枠内に残る可能性
ジュカイン_寝顔2_ゆめでかまえ寝.webp,ジュカイン/ジュカイン_寝顔2_ゆめでかまえ寝.webp,0254,ジュカイン,通常,2,ゆめでかまえ寝,IMG_1730.png,,加工済み・実装後確認,再生ボタン残り：身体の欠損とは別,"(95, 946, 525, 1225)",撮り直し候補,未照合,画像/ジュカイン/ジュカイン_寝顔2_ゆめでかまえ寝.webp,e64f9f89f8f80e591284a26687d78ea915e0469304449b493aa7fa8d63eb5fb2,126,1768,0,寝顔中心・上下直線・左右16%曲線・枠外透過,459,一次一覧確認で確定なし（細部は実装後確認）,枠内に残る可能性
ジュカイン_寝顔3_わかぎそだて寝.webp,ジュカイン/ジュカイン_寝顔3_わかぎそだて寝.webp,0254,ジュカイン,通常,3,わかぎそだて寝,IMG_1730.png,,加工済み・実装後確認,再生ボタン残り：身体の欠損とは別,"(109, 1434, 514, 1669)",撮り直し候補,未照合,画像/ジュカイン/ジュカイン_寝顔3_わかぎそだて寝.webp,e64f9f89f8f80e591284a26687d78ea915e0469304449b493aa7fa8d63eb5fb2,0,1663,0,寝顔中心・上下直線・左右16%曲線・枠外透過,460,一次一覧確認で確定なし（細部は実装後確認）,枠内に残る可能性
アチャモ_寝顔4_おなかのうえ寝.webp,アチャモ/アチャモ_寝顔4_おなかのうえ寝.webp,0255,アチャモ,通常,4,おなかのうえ寝,IMG_1731.png,カビゴンは元画像に見える範囲のみ。再生ボタンの重なり部分は補描なし。,加工済み・実装後確認,再生ボタン残り：身体の欠損とは別,"(95, 1875, 525, 2142)",構図要確認,未照合,画像/アチャモ/アチャモ_寝顔4_おなかのうえ寝.webp,af7836af5f72d5532bb2bc27e605f341be59be02962ca3105b43c4cdd75fddb0,3176,1755,0,寝顔中心・上下直線・左右16%曲線・枠外透過,465,一次一覧確認で確定なし（細部は実装後確認）,枠内に残る可能性
ワカシャモ_寝顔3_キック寝.webp,ワカシャモ/ワカシャモ_寝顔3_キック寝.webp,0256,ワカシャモ,通常,3,キック寝,IMG_1732.png,,加工済み・実装後確認,再生ボタン残り：身体の欠損とは別,"(138, 1442, 485, 1639)",撮り直し候補,未照合,画像/ワカシャモ/ワカシャモ_寝顔3_キック寝.webp,ae24fb0b4d715fd9db9bd99005910971794ff503ad7b12f7c4a30dcb7da6af12,0,313,0,寝顔中心・上下直線・左右16%曲線・枠外透過,468,一次一覧確認で確定なし（細部は実装後確認）,枠内に残る可能性
ワカシャモ_寝顔4_おなかのうえ寝.webp,ワカシャモ/ワカシャモ_寝顔4_おなかのうえ寝.webp,0256,ワカシャモ,通常,4,おなかのうえ寝,IMG_1732.png,カビゴンは元画像に見える範囲のみ。再生ボタンの重なり部分は補描なし。,加工済み・実装後確認,再生ボタン残り：身体の欠損とは別,"(95, 1856, 525, 2136)",構図要確認,未照合,画像/ワカシャモ/ワカシャモ_寝顔4_おなかのうえ寝.webp,ae24fb0b4d715fd9db9bd99005910971794ff503ad7b12f7c4a30dcb7da6af12,2488,1768,0,寝顔中心・上下直線・左右16%曲線・枠外透過,469,一次一覧確認で確定なし（細部は実装後確認）,枠内に残る可能性
バシャーモ_寝顔1_かたひざたて寝.webp,バシャーモ/バシャーモ_寝顔1_かたひざたて寝.webp,0257,バシャーモ,通常,1,かたひざたて寝,IMG_1733.png,,加工済み・実装後確認,再生ボタン残り：身体の欠損とは別,"(148, 513, 478, 788)",撮り直し候補,未照合,画像/バシャーモ/バシャーモ_寝顔1_かたひざたて寝.webp,ef8c18cc047f8d549e897c036b410af67380d6ebe90c6cf25c3b7cf8840b8245,0,755,0,寝顔中心・上下直線・左右16%曲線・枠外透過,470,一次一覧確認で確定なし（細部は実装後確認）,枠内に残る可能性
バシャーモ_寝顔3_ブレイズキック寝.webp,バシャーモ/バシャーモ_寝顔3_ブレイズキック寝.webp,0257,バシャーモ,通常,3,ブレイズキック寝,IMG_1733.png,,加工済み・実装後確認,再生ボタン残り：身体の欠損とは別,"(112, 1448, 498, 1686)",撮り直し候補,未照合,画像/バシャーモ/バシャーモ_寝顔3_ブレイズキック寝.webp,ef8c18cc047f8d549e897c036b410af67380d6ebe90c6cf25c3b7cf8840b8245,0,1154,0,寝顔中心・上下直線・左右16%曲線・枠外透過,472,一次一覧確認で確定なし（細部は実装後確認）,枠内に残る可能性
ミズゴロウ_寝顔1_ヒレふり寝.webp,ミズゴロウ/ミズゴロウ_寝顔1_ヒレふり寝.webp,0258,ミズゴロウ,通常,1,ヒレふり寝,IMG_1734.png,,加工済み・実装後確認,再生ボタン残り：身体の欠損とは別,"(137, 561, 493, 717)",撮り直し候補,未照合,画像/ミズゴロウ/ミズゴロウ_寝顔1_ヒレふり寝.webp,1883df1e43b7bef8045b2b14332b9eda01ff7bf5b127dc5f699bb037a7baca7f,0,114,0,寝顔中心・上下直線・左右16%曲線・枠外透過,474,一次一覧確認で確定なし（細部は実装後確認）,枠内に残る可能性
ミズゴロウ_寝顔3_いわだき寝.webp,ミズゴロウ/ミズゴロウ_寝顔3_いわだき寝.webp,0258,ミズゴロウ,通常,3,いわだき寝,IMG_1734.png,,加工済み・実装後確認,再生ボタン残り：身体の欠損とは別,"(117, 1442, 478, 1647)",撮り直し候補,未照合,画像/ミズゴロウ/ミズゴロウ_寝顔3_いわだき寝.webp,1883df1e43b7bef8045b2b14332b9eda01ff7bf5b127dc5f699bb037a7baca7f,0,152,0,寝顔中心・上下直線・左右16%曲線・枠外透過,476,一次一覧確認で確定なし（細部は実装後確認）,枠内に残る可能性
ミズゴロウ_寝顔4_おなかのうえ寝.webp,ミズゴロウ/ミズゴロウ_寝顔4_おなかのうえ寝.webp,0258,ミズゴロウ,通常,4,おなかのうえ寝,IMG_1734.png,カビゴンは元画像に見える範囲のみ。再生ボタンの重なり部分は補描なし。,加工済み・実装後確認,再生ボタン残り：身体の欠損とは別,"(95, 1863, 525, 2142)",構図要確認,未照合,画像/ミズゴロウ/ミズゴロウ_寝顔4_おなかのうえ寝.webp,1883df1e43b7bef8045b2b14332b9eda01ff7bf5b127dc5f699bb037a7baca7f,3751,1768,0,寝顔中心・上下直線・左右16%曲線・枠外透過,477,一次一覧確認で確定なし（細部は実装後確認）,枠内に残る可能性
ヌマクロー_寝顔3_どろにうまり寝.webp,ヌマクロー/ヌマクロー_寝顔3_どろにうまり寝.webp,0259,ヌマクロー,通常,3,どろにうまり寝,IMG_1735.png,,加工済み・実装後確認,再生ボタン残り：身体の欠損とは別,"(143, 1417, 462, 1677)",撮り直し候補,未照合,画像/ヌマクロー/ヌマクロー_寝顔3_どろにうまり寝.webp,43bb5ce23989590e79c307b907688bd085e3b95fd14454b973786781d11b905a,0,139,0,寝顔中心・上下直線・左右16%曲線・枠外透過,480,一次一覧確認で確定なし（細部は実装後確認）,枠内に残る可能性
ヌマクロー_寝顔4_おなかのうえ寝.webp,ヌマクロー/ヌマクロー_寝顔4_おなかのうえ寝.webp,0259,ヌマクロー,通常,4,おなかのうえ寝,IMG_1735.png,カビゴンは元画像に見える範囲のみ。再生ボタンの重なり部分は補描なし。,加工済み・実装後確認,再生ボタン残り：身体の欠損とは別,"(95, 1866, 525, 2146)",構図要確認,未照合,画像/ヌマクロー/ヌマクロー_寝顔4_おなかのうえ寝.webp,43bb5ce23989590e79c307b907688bd085e3b95fd14454b973786781d11b905a,3326,1768,0,寝顔中心・上下直線・左右16%曲線・枠外透過,481,一次一覧確認で確定なし（細部は実装後確認）,枠内に残る可能性
ラグラージ_寝顔1_ゆめでおよぎ寝.webp,ラグラージ/ラグラージ_寝顔1_ゆめでおよぎ寝.webp,0260,ラグラージ,通常,1,ゆめでおよぎ寝,IMG_1736.png,,加工済み・実装後確認,再生ボタン残り：身体の欠損とは別,"(127, 494, 479, 770)",撮り直し候補,未照合,画像/ラグラージ/ラグラージ_寝顔1_ゆめでおよぎ寝.webp,fe55c7eeb8ef94ad1cf8c01b6a2aa9631b31b4d24c0317403d290b41b2bef15f,0,714,0,寝顔中心・上下直線・左右16%曲線・枠外透過,482,一次一覧確認で確定なし（細部は実装後確認）,枠内に残る可能性
ラグラージ_寝顔3_どろあそび寝.webp,ラグラージ/ラグラージ_寝顔3_どろあそび寝.webp,0260,ラグラージ,通常,3,どろあそび寝,IMG_1736.png,,加工済み・実装後確認,再生ボタン残り：身体の欠損とは別,"(117, 1431, 499, 1668)",撮り直し候補,未照合,画像/ラグラージ/ラグラージ_寝顔3_どろあそび寝.webp,fe55c7eeb8ef94ad1cf8c01b6a2aa9631b31b4d24c0317403d290b41b2bef15f,0,1131,0,寝顔中心・上下直線・左右16%曲線・枠外透過,484,一次一覧確認で確定なし（細部は実装後確認）,枠内に残る可能性
ラルトス_寝顔4_おなかのうえ寝.webp,ラルトス/ラルトス_寝顔4_おなかのうえ寝.webp,0280,ラルトス,通常,4,おなかのうえ寝,IMG_1737.png,カビゴンは元画像に見える範囲のみ。再生ボタンの重なり部分は補描なし。,加工済み・実装後確認,再生ボタン残り：身体の欠損とは別,"(95, 1849, 525, 2128)",構図要確認,未照合,画像/ラルトス/ラルトス_寝顔4_おなかのうえ寝.webp,2dd62c7b97d78ec899beb17a21380052a621ee8d7b72654d4d03d230fae5fa8e,951,1768,0,寝顔中心・上下直線・左右16%曲線・枠外透過,489,一次一覧確認で確定なし（細部は実装後確認）,枠内に残る可能性
キルリア_寝顔4_おなかのうえ寝.webp,キルリア/キルリア_寝顔4_おなかのうえ寝.webp,0281,キルリア,通常,4,おなかのうえ寝,IMG_1738.png,カビゴンは元画像に見える範囲のみ。再生ボタンの重なり部分は補描なし。,加工済み・実装後確認,再生ボタン残り：身体の欠損とは別,"(110, 1863, 494, 2142)",構図要確認,未照合,画像/キルリア/キルリア_寝顔4_おなかのうえ寝.webp,e0b73e50c33e53ed368fc1b51b6071702d758c08b7d453ded7b2d030a504da7d,2041,1217,0,寝顔中心・上下直線・左右16%曲線・枠外透過,493,一次一覧確認で確定なし（細部は実装後確認）,枠内に残る可能性
サーナイト_寝顔1_すそゆらし寝.webp,サーナイト/サーナイト_寝顔1_すそゆらし寝.webp,0282,サーナイト,通常,1,すそゆらし寝,IMG_1739.png,,加工済み・実装後確認,再生ボタン残り：身体の欠損とは別,"(153, 533, 482, 767)",撮り直し候補,未照合,画像/サーナイト/サーナイト_寝顔1_すそゆらし寝.webp,e12784c68367fb5567a741ce82d43d5b8b1af01ce939e15760ae7126dd74eedc,0,966,0,寝顔中心・上下直線・左右16%曲線・枠外透過,494,一次一覧確認で確定なし（細部は実装後確認）,枠内に残る可能性
サーナイト_寝顔3_すそひろがり寝.webp,サーナイト/サーナイト_寝顔3_すそひろがり寝.webp,0282,サーナイト,通常,3,すそひろがり寝,IMG_1739.png,,加工済み・実装後確認,再生ボタン残り：身体の欠損とは別,"(168, 1441, 508, 1664)",撮り直し候補,未照合,画像/サーナイト/サーナイト_寝顔3_すそひろがり寝.webp,e12784c68367fb5567a741ce82d43d5b8b1af01ce939e15760ae7126dd74eedc,0,1566,0,寝顔中心・上下直線・左右16%曲線・枠外透過,495,一次一覧確認で確定なし（細部は実装後確認）,枠内に残る可能性
サーナイト_寝顔4_おなかのうえ寝.webp,サーナイト/サーナイト_寝顔4_おなかのうえ寝.webp,0282,サーナイト,通常,4,おなかのうえ寝,IMG_1739.png,カビゴンは元画像に見える範囲のみ。再生ボタンの重なり部分は補描なし。,加工済み・実装後確認,再生ボタン残り：身体の欠損とは別,"(95, 1860, 525, 2140)",構図要確認,未照合,画像/サーナイト/サーナイト_寝顔4_おなかのうえ寝.webp,e12784c68367fb5567a741ce82d43d5b8b1af01ce939e15760ae7126dd74eedc,1363,1768,0,寝顔中心・上下直線・左右16%曲線・枠外透過,496,一次一覧確認で確定なし（細部は実装後確認）,枠内に残る可能性
ナマケロ_寝顔4_おなかのうえ寝.webp,ナマケロ/ナマケロ_寝顔4_おなかのうえ寝.webp,0287,ナマケロ,通常,4,おなかのうえ寝,IMG_1740.png,カビゴンは元画像に見える範囲のみ。再生ボタンの重なり部分は補描なし。,加工済み・実装後確認,再生ボタン残り：身体の欠損とは別,"(102, 1851, 515, 2131)",構図要確認,未照合,画像/ナマケロ/ナマケロ_寝顔4_おなかのうえ寝.webp,65574b235b0375532c6405056ee81d0d990e7e080904789e4f75e4181d400e0c,2332,1748,0,寝顔中心・上下直線・左右16%曲線・枠外透過,500,一次一覧確認で確定なし（細部は実装後確認）,枠内に残る可能性
ヤルキモノ_寝顔1_ウズウズ寝.webp,ヤルキモノ/ヤルキモノ_寝顔1_ウズウズ寝.webp,0288,ヤルキモノ,通常,1,ウズウズ寝,IMG_1741.jpeg,,加工済み・実装後確認,再生ボタン残り：身体の欠損とは別,"(92, 302, 279, 445)",撮り直し候補,未照合,画像/ヤルキモノ/ヤルキモノ_寝顔1_ウズウズ寝.webp,cd97387ce5de924b22c36d64b83818da0cdb7ef1948bb56e9b3ba46d2b836783,0,195,0,寝顔中心・上下直線・左右16%曲線・枠外透過,501,一次一覧確認で確定なし（細部は実装後確認）,枠内に残る可能性
ヤルキモノ_寝顔4_おなかのうえ寝.webp,ヤルキモノ/ヤルキモノ_寝顔4_おなかのうえ寝.webp,0288,ヤルキモノ,通常,4,おなかのうえ寝,IMG_1741.jpeg,カビゴンは元画像に見える範囲のみ。再生ボタンの重なり部分は補描なし。,加工済み・実装後確認,再生ボタン残り：身体の欠損とは別,"(57, 1110, 316, 1278)",構図要確認,未照合,画像/ヤルキモノ/ヤルキモノ_寝顔4_おなかのうえ寝.webp,cd97387ce5de924b22c36d64b83818da0cdb7ef1948bb56e9b3ba46d2b836783,694,1768,0,寝顔中心・上下直線・左右16%曲線・枠外透過,504,一次一覧確認で確定なし（細部は実装後確認）,枠内に残る可能性
ケッキング_寝顔1_だいのじ寝.webp,ケッキング/ケッキング_寝顔1_だいのじ寝.webp,0289,ケッキング,通常,1,だいのじ寝,IMG_1742.png,,加工済み・実装後確認,再生ボタン残り：身体の欠損とは別,"(137, 503, 470, 752)",撮り直し候補,未照合,画像/ケッキング/ケッキング_寝顔1_だいのじ寝.webp,fe9b1bf375618e542033cc3882ebd866574a3988dd7ce542c11b23e9b52916a9,0,357,0,寝顔中心・上下直線・左右16%曲線・枠外透過,505,一次一覧確認で確定なし（細部は実装後確認）,枠内に残る可能性
ケッキング_寝顔3_つまみぐい寝.webp,ケッキング/ケッキング_寝顔3_つまみぐい寝.webp,0289,ケッキング,通常,3,つまみぐい寝,IMG_1742.png,,加工済み・実装後確認,再生ボタン残り：身体の欠損とは別,"(153, 1435, 474, 1639)",撮り直し候補,未照合,画像/ケッキング/ケッキング_寝顔3_つまみぐい寝.webp,fe9b1bf375618e542033cc3882ebd866574a3988dd7ce542c11b23e9b52916a9,0,129,0,寝顔中心・上下直線・左右16%曲線・枠外透過,506,一次一覧確認で確定なし（細部は実装後確認）,枠内に残る可能性
クチート_寝顔2_おおあごふり寝.webp,クチート/クチート_寝顔2_おおあごふり寝.webp,0303,クチート,通常,2,おおあごふり寝,IMG_1744.png,,加工済み・実装後確認,再生ボタン残り：身体の欠損とは別,"(153, 931, 482, 1204)",撮り直し候補,未照合,画像/クチート/クチート_寝顔2_おおあごふり寝.webp,823aede66ae6766eb22a2f044681bbe8b4fb673a5bf4e02bc925ce82a4f6107e,0,888,0,寝顔中心・上下直線・左右16%曲線・枠外透過,512,一次一覧確認で確定なし（細部は実装後確認）,枠内に残る可能性
クチート_寝顔3_おおあごだき寝.webp,クチート/クチート_寝顔3_おおあごだき寝.webp,0303,クチート,通常,3,おおあごだき寝,IMG_1744.png,,加工済み・実装後確認,再生ボタン残り：身体の欠損とは別,"(147, 1401, 484, 1651)",撮り直し候補,未照合,画像/クチート/クチート_寝顔3_おおあごだき寝.webp,823aede66ae6766eb22a2f044681bbe8b4fb673a5bf4e02bc925ce82a4f6107e,0,836,0,寝顔中心・上下直線・左右16%曲線・枠外透過,513,一次一覧確認で確定なし（細部は実装後確認）,枠内に残る可能性
クチート_寝顔4_おなかのうえ寝.webp,クチート/クチート_寝顔4_おなかのうえ寝.webp,0303,クチート,通常,4,おなかのうえ寝,IMG_1744.png,カビゴンは元画像に見える範囲のみ。再生ボタンの重なり部分は補描なし。,加工済み・実装後確認,再生ボタン残り：身体の欠損とは別,"(95, 1840, 525, 2120)",構図要確認,未照合,画像/クチート/クチート_寝顔4_おなかのうえ寝.webp,823aede66ae6766eb22a2f044681bbe8b4fb673a5bf4e02bc925ce82a4f6107e,713,1768,0,寝顔中心・上下直線・左右16%曲線・枠外透過,514,一次一覧確認で確定なし（細部は実装後確認）,枠内に残る可能性
ココドラ_寝顔4_おなかのうえ寝.webp,ココドラ/ココドラ_寝顔4_おなかのうえ寝.webp,0304,ココドラ,通常,4,おなかのうえ寝,IMG_1745.png,カビゴンは元画像に見える範囲のみ。再生ボタンの重なり部分は補描なし。,加工済み・実装後確認,再生ボタン残り：身体の欠損とは別,"(97, 1880, 523, 2160)",構図要確認,未照合,画像/ココドラ/ココドラ_寝顔4_おなかのうえ寝.webp,317ef20b5d3b7b0a8a9eb3ae2861dcb7a29eb14d0c958fdd17e453df30637785,355,1768,0,寝顔中心・上下直線・左右16%曲線・枠外透過,518,一次一覧確認で確定なし（細部は実装後確認）,枠内に残る可能性
コドラ_寝顔1_つっぷし寝.webp,コドラ/コドラ_寝顔1_つっぷし寝.webp,0305,コドラ,通常,1,つっぷし寝,IMG_1746.png,,加工済み・実装後確認,再生ボタン残り：身体の欠損とは別,"(138, 525, 482, 787)",撮り直し候補,未照合,画像/コドラ/コドラ_寝顔1_つっぷし寝.webp,e1a38ad7651c62f8147d5025c655936e01d16ee64dba0a4b9adaf03db3d93b8e,0,633,0,寝顔中心・上下直線・左右16%曲線・枠外透過,519,一次一覧確認で確定なし（細部は実装後確認）,枠内に残る可能性
コドラ_寝顔2_ふんばり寝.webp,コドラ/コドラ_寝顔2_ふんばり寝.webp,0305,コドラ,通常,2,ふんばり寝,IMG_1746.png,,加工済み・実装後確認,再生ボタン残り：身体の欠損とは別,"(151, 991, 462, 1249)",撮り直し候補,未照合,画像/コドラ/コドラ_寝顔2_ふんばり寝.webp,e1a38ad7651c62f8147d5025c655936e01d16ee64dba0a4b9adaf03db3d93b8e,0,152,0,寝顔中心・上下直線・左右16%曲線・枠外透過,520,一次一覧確認で確定なし（細部は実装後確認）,枠内に残る可能性
コドラ_寝顔3_てつたべ寝.webp,コドラ/コドラ_寝顔3_てつたべ寝.webp,0305,コドラ,通常,3,てつたべ寝,IMG_1746.png,,加工済み・実装後確認,再生ボタン残り：身体の欠損とは別,"(129, 1456, 485, 1702)",撮り直し候補,未照合,画像/コドラ/コドラ_寝顔3_てつたべ寝.webp,e1a38ad7651c62f8147d5025c655936e01d16ee64dba0a4b9adaf03db3d93b8e,0,774,0,寝顔中心・上下直線・左右16%曲線・枠外透過,521,一次一覧確認で確定なし（細部は実装後確認）,枠内に残る可能性
コドラ_寝顔4_おなかのうえ寝.webp,コドラ/コドラ_寝顔4_おなかのうえ寝.webp,0305,コドラ,通常,4,おなかのうえ寝,IMG_1746.png,カビゴンは元画像に見える範囲のみ。再生ボタンの重なり部分は補描なし。,加工済み・実装後確認,再生ボタン残り：身体の欠損とは別,"(95, 1896, 525, 2176)",構図要確認,未照合,画像/コドラ/コドラ_寝顔4_おなかのうえ寝.webp,e1a38ad7651c62f8147d5025c655936e01d16ee64dba0a4b9adaf03db3d93b8e,450,1768,0,寝顔中心・上下直線・左右16%曲線・枠外透過,522,一次一覧確認で確定なし（細部は実装後確認）,枠内に残る可能性
ボスゴドラ_寝顔1_おなかさすり寝.webp,ボスゴドラ/ボスゴドラ_寝顔1_おなかさすり寝.webp,0306,ボスゴドラ,通常,1,おなかさすり寝,IMG_1747.png,,加工済み・実装後確認,再生ボタン残り：身体の欠損とは別,"(148, 503, 483, 782)",撮り直し候補,未照合,画像/ボスゴドラ/ボスゴドラ_寝顔1_おなかさすり寝.webp,42d3384aad54b50553577789e740812f80ba08567228e5a709cd1604bba84ed6,0,914,0,寝顔中心・上下直線・左右16%曲線・枠外透過,523,一次一覧確認で確定なし（細部は実装後確認）,枠内に残る可能性
ボスゴドラ_寝顔2_におうだち寝.webp,ボスゴドラ/ボスゴドラ_寝顔2_におうだち寝.webp,0306,ボスゴドラ,通常,2,におうだち寝,IMG_1747.png,,加工済み・実装後確認,再生ボタン残り：身体の欠損とは別,"(161, 962, 492, 1236)",撮り直し候補,未照合,画像/ボスゴドラ/ボスゴドラ_寝顔2_におうだち寝.webp,42d3384aad54b50553577789e740812f80ba08567228e5a709cd1604bba84ed6,0,1204,0,寝顔中心・上下直線・左右16%曲線・枠外透過,524,一次一覧確認で確定なし（細部は実装後確認）,枠内に残る可能性
ボスゴドラ_寝顔3_てつたべ寝.webp,ボスゴドラ/ボスゴドラ_寝顔3_てつたべ寝.webp,0306,ボスゴドラ,通常,3,てつたべ寝,IMG_1747.png,,加工済み・実装後確認,再生ボタン残り：身体の欠損とは別,"(106, 1455, 510, 1666)",撮り直し候補,未照合,画像/ボスゴドラ/ボスゴドラ_寝顔3_てつたべ寝.webp,42d3384aad54b50553577789e740812f80ba08567228e5a709cd1604bba84ed6,0,1145,0,寝顔中心・上下直線・左右16%曲線・枠外透過,525,一次一覧確認で確定なし（細部は実装後確認）,枠内に残る可能性
プラスル_寝顔4_おなかのうえ寝.webp,プラスル/プラスル_寝顔4_おなかのうえ寝.webp,0311,プラスル,通常,4,おなかのうえ寝,IMG_1748.png,カビゴンは元画像に見える範囲のみ。再生ボタンの重なり部分は補描なし。,加工済み・実装後確認,再生ボタン残り：身体の欠損とは別,"(95, 1876, 499, 2156)",構図要確認,未照合,画像/プラスル/プラスル_寝顔4_おなかのうえ寝.webp,d2ec5fd0c7014d7785a9db3cb1c5397e97c1b7a6a03cd5ff275fa86f400829a6,1595,1377,0,寝顔中心・上下直線・左右16%曲線・枠外透過,530,一次一覧確認で確定なし（細部は実装後確認）,枠内に残る可能性
マイナン_寝顔4_おなかのうえ寝.webp,マイナン/マイナン_寝顔4_おなかのうえ寝.webp,0312,マイナン,通常,4,おなかのうえ寝,IMG_1749.png,カビゴンは元画像に見える範囲のみ。再生ボタンの重なり部分は補描なし。,加工済み・実装後確認,再生ボタン残り：身体の欠損とは別,"(95, 1865, 508, 2145)",構図要確認,未照合,画像/マイナン/マイナン_寝顔4_おなかのうえ寝.webp,aef364ee6d5c87e5998d78725b3a68d00811ac089854084e604a12d857fb4c12,2171,1640,0,寝顔中心・上下直線・左右16%曲線・枠外透過,534,一次一覧確認で確定なし（細部は実装後確認）,枠内に残る可能性
マルノーム_寝顔1_のけぞり寝.webp,マルノーム/マルノーム_寝顔1_のけぞり寝.webp,0317,マルノーム,通常,1,のけぞり寝,IMG_1751.png,,加工済み・実装後確認,再生ボタン残り：身体の欠損とは別,"(95, 494, 525, 755)",撮り直し候補,未照合,画像/マルノーム/マルノーム_寝顔1_のけぞり寝.webp,5269396b83062d5281da0a12c1508f21eb9767d4a17225cc7acf6bac08c42c6c,126,1768,0,寝顔中心・上下直線・左右16%曲線・枠外透過,539,一次一覧確認で確定なし（細部は実装後確認）,枠内に残る可能性
マルノーム_寝顔2_うなずき寝.webp,マルノーム/マルノーム_寝顔2_うなずき寝.webp,0317,マルノーム,通常,2,うなずき寝,IMG_1751.png,,加工済み・実装後確認,再生ボタン残り：身体の欠損とは別,"(95, 944, 525, 1211)",撮り直し候補,未照合,画像/マルノーム/マルノーム_寝顔2_うなずき寝.webp,5269396b83062d5281da0a12c1508f21eb9767d4a17225cc7acf6bac08c42c6c,126,1768,0,寝顔中心・上下直線・左右16%曲線・枠外透過,540,一次一覧確認で確定なし（細部は実装後確認）,枠内に残る可能性
マルノーム_寝顔4_おなかのうえ寝.webp,マルノーム/マルノーム_寝顔4_おなかのうえ寝.webp,0317,マルノーム,通常,4,おなかのうえ寝,IMG_1751.png,カビゴンは元画像に見える範囲のみ。再生ボタンの重なり部分は補描なし。,加工済み・実装後確認,再生ボタン残り：身体の欠損とは別,"(129, 1845, 487, 2125)",構図要確認,未照合,画像/マルノーム/マルノーム_寝顔4_おなかのうえ寝.webp,5269396b83062d5281da0a12c1508f21eb9767d4a17225cc7acf6bac08c42c6c,167,1021,0,寝顔中心・上下直線・左右16%曲線・枠外透過,542,一次一覧確認で確定なし（細部は実装後確認）,枠内に残る可能性
ナックラー_寝顔4_おなかのうえ寝.webp,ナックラー/ナックラー_寝顔4_おなかのうえ寝.webp,0328,ナックラー,通常,4,おなかのうえ寝,IMG_1752.png,カビゴンは元画像に見える範囲のみ。再生ボタンの重なり部分は補描なし。,加工済み・実装後確認,再生ボタン残り：身体の欠損とは別,"(95, 1848, 525, 2127)",構図要確認,未照合,画像/ナックラー/ナックラー_寝顔4_おなかのうえ寝.webp,7693b20d12bcfbed225ee83eec9176bb802c7d5cd2e03fe62e15f43367817248,571,1768,0,寝顔中心・上下直線・左右16%曲線・枠外透過,546,一次一覧確認で確定なし（細部は実装後確認）,枠内に残る可能性
ビブラーバ_寝顔1_はねやすめ寝.webp,ビブラーバ/ビブラーバ_寝顔1_はねやすめ寝.webp,0329,ビブラーバ,通常,1,はねやすめ寝,IMG_1753.jpeg,,加工済み・実装後確認,再生ボタン残り：身体の欠損とは別,"(57, 302, 316, 470)",撮り直し候補,未照合,画像/ビブラーバ/ビブラーバ_寝顔1_はねやすめ寝.webp,8d3b7e94441c6cb582f7d6fb2cfab2cb42af95de003d7a4881e3249f95f62c17,2151,1768,0,寝顔中心・上下直線・左右16%曲線・枠外透過,547,枠端を目視確認済み：草・影。主役の欠損候補から除外,枠内に残る可能性
ビブラーバ_寝顔2_ホバリング寝.webp,ビブラーバ/ビブラーバ_寝顔2_ホバリング寝.webp,0329,ビブラーバ,通常,2,ホバリング寝,IMG_1753.jpeg,,加工済み・実装後確認,再生ボタン残り：身体の欠損とは別,"(57, 576, 316, 744)",撮り直し候補,未照合,画像/ビブラーバ/ビブラーバ_寝顔2_ホバリング寝.webp,8d3b7e94441c6cb582f7d6fb2cfab2cb42af95de003d7a4881e3249f95f62c17,2096,1768,0,寝顔中心・上下直線・左右16%曲線・枠外透過,548,枠端を目視確認済み：草・影。主役の欠損候補から除外,枠内に残る可能性
ビブラーバ_寝顔3_はねこすり寝.webp,ビブラーバ/ビブラーバ_寝顔3_はねこすり寝.webp,0329,ビブラーバ,通常,3,はねこすり寝,IMG_1753.jpeg,,加工済み・実装後確認,再生ボタン残り：身体の欠損とは別,"(57, 851, 316, 1019)",撮り直し候補,未照合,画像/ビブラーバ/ビブラーバ_寝顔3_はねこすり寝.webp,8d3b7e94441c6cb582f7d6fb2cfab2cb42af95de003d7a4881e3249f95f62c17,2140,1768,0,寝顔中心・上下直線・左右16%曲線・枠外透過,549,枠端を目視確認済み：草・影。主役の欠損候補から除外,枠内に残る可能性
フライゴン_寝顔3_おなかだし寝.webp,フライゴン/フライゴン_寝顔3_おなかだし寝.webp,0330,フライゴン,通常,3,おなかだし寝,IMG_1754.png,,加工済み・実装後確認,再生ボタン残り：身体の欠損とは別,"(95, 1384, 525, 1659)",撮り直し候補,未照合,画像/フライゴン/フライゴン_寝顔3_おなかだし寝.webp,bed388fd974581d679569ddf50d6ff4fc8d5a6ac6d6ed9f3875a644b0d995fac,128,1768,0,寝顔中心・上下直線・左右16%曲線・枠外透過,552,一次一覧確認で確定なし（細部は実装後確認）,枠内に残る可能性
チルット_寝顔4_おなかのうえ寝.webp,チルット/チルット_寝顔4_おなかのうえ寝.webp,0333,チルット,通常,4,おなかのうえ寝,IMG_1755.jpeg,カビゴンは元画像に見える範囲のみ。再生ボタンの重なり部分は補描なし。,加工済み・実装後確認,再生ボタン残り：身体の欠損とは別,"(57, 1123, 316, 1291)",構図要確認,未照合,画像/チルット/チルット_寝顔4_おなかのうえ寝.webp,3add4d274363ac6f07f5a16e4421732b8df452006632a1ad71821689487fc59d,0,1768,0,寝顔中心・上下直線・左右16%曲線・枠外透過,556,一次一覧確認で確定なし（細部は実装後確認）,枠内に残る可能性
チルタリス_寝顔2_はねやすめ寝.webp,チルタリス/チルタリス_寝顔2_はねやすめ寝.webp,0334,チルタリス,通常,2,はねやすめ寝,IMG_1756.jpeg,,加工済み・実装後確認,再生ボタン残り：身体の欠損とは別,"(92, 565, 279, 721)",撮り直し候補,未照合,画像/チルタリス/チルタリス_寝顔2_はねやすめ寝.webp,3de31575763621dbcc109ba426bb77950264474801c0c77e14ef1a18522cde1c,0,299,0,寝顔中心・上下直線・左右16%曲線・枠外透過,558,一次一覧確認で確定なし（細部は実装後確認）,枠内に残る可能性
チルタリス_寝顔4_おなかのうえ寝.webp,チルタリス/チルタリス_寝顔4_おなかのうえ寝.webp,0334,チルタリス,通常,4,おなかのうえ寝,IMG_1756.jpeg,カビゴンは元画像に見える範囲のみ。再生ボタンの重なり部分は補描なし。,加工済み・実装後確認,再生ボタン残り：身体の欠損とは別,"(57, 1104, 316, 1272)",構図要確認,未照合,画像/チルタリス/チルタリス_寝顔4_おなかのうえ寝.webp,3de31575763621dbcc109ba426bb77950264474801c0c77e14ef1a18522cde1c,707,1768,0,寝顔中心・上下直線・左右16%曲線・枠外透過,560,一次一覧確認で確定なし（細部は実装後確認）,枠内に残る可能性
ジュペッタ_寝顔4_おなかのうえ寝.webp,ジュペッタ/ジュペッタ_寝顔4_おなかのうえ寝.webp,0354,ジュペッタ,通常,4,おなかのうえ寝,IMG_1758.png,カビゴンは元画像に見える範囲のみ。再生ボタンの重なり部分は補描なし。,加工済み・実装後確認,再生ボタン残り：身体の欠損とは別,"(95, 1836, 525, 2116)",構図要確認,未照合,画像/ジュペッタ/ジュペッタ_寝顔4_おなかのうえ寝.webp,9c9a108d321d786f3f3216905ee65416e67cfb7713fbedbb299989c94eb7943a,3749,1768,0,寝顔中心・上下直線・左右16%曲線・枠外透過,567,一次一覧確認で確定なし（細部は実装後確認）,枠内に残る可能性
アブソル_寝顔1_こうばこすわり寝.webp,アブソル/アブソル_寝顔1_こうばこすわり寝.webp,0359,アブソル,通常,1,こうばこすわり寝,IMG_1759.png,,加工済み・実装後確認,再生ボタン残り：身体の欠損とは別,"(168, 482, 462, 719)",撮り直し候補,未照合,画像/アブソル/アブソル_寝顔1_こうばこすわり寝.webp,5bd0bdce9f62f206b7a61ec31e2941696a1f0ec7e79f5e16684c870a3be9c3b5,0,104,0,寝顔中心・上下直線・左右16%曲線・枠外透過,568,一次一覧確認で確定なし（細部は実装後確認）,枠内に残る可能性
アブソル_寝顔2_きけんさっち寝.webp,アブソル/アブソル_寝顔2_きけんさっち寝.webp,0359,アブソル,通常,2,きけんさっち寝,IMG_1759.png,,加工済み・実装後確認,再生ボタン残り：身体の欠損とは別,"(155, 936, 467, 1196)",撮り直し候補,未照合,画像/アブソル/アブソル_寝顔2_きけんさっち寝.webp,5bd0bdce9f62f206b7a61ec31e2941696a1f0ec7e79f5e16684c870a3be9c3b5,0,422,0,寝顔中心・上下直線・左右16%曲線・枠外透過,569,一次一覧確認で確定なし（細部は実装後確認）,枠内に残る可能性
アブソル_寝顔3_へそてん寝.webp,アブソル/アブソル_寝顔3_へそてん寝.webp,0359,アブソル,通常,3,へそてん寝,IMG_1759.png,,加工済み・実装後確認,再生ボタン残り：身体の欠損とは別,"(132, 1427, 480, 1619)",撮り直し候補,未照合,画像/アブソル/アブソル_寝顔3_へそてん寝.webp,5bd0bdce9f62f206b7a61ec31e2941696a1f0ec7e79f5e16684c870a3be9c3b5,0,291,0,寝顔中心・上下直線・左右16%曲線・枠外透過,570,一次一覧確認で確定なし（細部は実装後確認）,枠内に残る可能性
アブソル_寝顔4_おなかのうえ寝.webp,アブソル/アブソル_寝顔4_おなかのうえ寝.webp,0359,アブソル,通常,4,おなかのうえ寝,IMG_1759.png,カビゴンは元画像に見える範囲のみ。再生ボタンの重なり部分は補描なし。,加工済み・実装後確認,再生ボタン残り：身体の欠損とは別,"(145, 1839, 490, 2111)",構図要確認,未照合,画像/アブソル/アブソル_寝顔4_おなかのうえ寝.webp,5bd0bdce9f62f206b7a61ec31e2941696a1f0ec7e79f5e16684c870a3be9c3b5,946,1155,0,寝顔中心・上下直線・左右16%曲線・枠外透過,571,一次一覧確認で確定なし（細部は実装後確認）,枠内に残る可能性
ソーナノ_寝顔4_おなかのうえ寝.webp,ソーナノ/ソーナノ_寝顔4_おなかのうえ寝.webp,0360,ソーナノ,通常,4,おなかのうえ寝,IMG_1760.png,カビゴンは元画像に見える範囲のみ。再生ボタンの重なり部分は補描なし。,加工済み・実装後確認,再生ボタン残り：身体の欠損とは別,"(95, 1895, 525, 2175)",構図要確認,未照合,画像/ソーナノ/ソーナノ_寝顔4_おなかのうえ寝.webp,31d26a03048eb7e6822cd959fd5d96a342e8c68b825a2a9831de3f13d589500a,1854,1768,0,寝顔中心・上下直線・左右16%曲線・枠外透過,575,一次一覧確認で確定なし（細部は実装後確認）,枠内に残る可能性
タマザラシ_寝顔4_おなかのうえ寝.webp,タマザラシ/タマザラシ_寝顔4_おなかのうえ寝.webp,0363,タマザラシ,通常,4,おなかのうえ寝,IMG_1761.png,カビゴンは元画像に見える範囲のみ。再生ボタンの重なり部分は補描なし。,加工済み・実装後確認,再生ボタン残り：身体の欠損とは別,"(133, 1919, 483, 2198)",構図要確認,未照合,画像/タマザラシ/タマザラシ_寝顔4_おなかのうえ寝.webp,744bcd7d04905e92632cfe54218f60058daf1b7822fb959d32cfdfae345e4f9a,64,889,0,寝顔中心・上下直線・左右16%曲線・枠外透過,579,一次一覧確認で確定なし（細部は実装後確認）,枠内に残る可能性
トドグラー_寝顔1_あしトントン寝.webp,トドグラー/トドグラー_寝顔1_あしトントン寝.webp,0364,トドグラー,通常,1,あしトントン寝,IMG_1762.png,,加工済み・実装後確認,再生ボタン残り：身体の欠損とは別,"(151, 519, 473, 741)",撮り直し候補,未照合,画像/トドグラー/トドグラー_寝顔1_あしトントン寝.webp,65573e9531ca409d1d26b4d5bcbd801f10d2736be4d430428d2e4f0f0093e46d,0,310,0,寝顔中心・上下直線・左右16%曲線・枠外透過,580,一次一覧確認で確定なし（細部は実装後確認）,枠内に残る可能性
トドグラー_寝顔2_おおあくび寝.webp,トドグラー/トドグラー_寝顔2_おおあくび寝.webp,0364,トドグラー,通常,2,おおあくび寝,IMG_1762.png,,加工済み・実装後確認,再生ボタン残り：身体の欠損とは別,"(150, 983, 477, 1193)",撮り直し候補,未照合,画像/トドグラー/トドグラー_寝顔2_おおあくび寝.webp,65573e9531ca409d1d26b4d5bcbd801f10d2736be4d430428d2e4f0f0093e46d,0,320,0,寝顔中心・上下直線・左右16%曲線・枠外透過,581,一次一覧確認で確定なし（細部は実装後確認）,枠内に残る可能性
トドグラー_寝顔3_ひっくりかえり寝.webp,トドグラー/トドグラー_寝顔3_ひっくりかえり寝.webp,0364,トドグラー,通常,3,ひっくりかえり寝,IMG_1762.png,,加工済み・実装後確認,再生ボタン残り：身体の欠損とは別,"(141, 1445, 482, 1651)",撮り直し候補,未照合,画像/トドグラー/トドグラー_寝顔3_ひっくりかえり寝.webp,65573e9531ca409d1d26b4d5bcbd801f10d2736be4d430428d2e4f0f0093e46d,0,469,0,寝顔中心・上下直線・左右16%曲線・枠外透過,582,一次一覧確認で確定なし（細部は実装後確認）,枠内に残る可能性
トドグラー_寝顔4_おなかのうえ寝.webp,トドグラー/トドグラー_寝顔4_おなかのうえ寝.webp,0364,トドグラー,通常,4,おなかのうえ寝,IMG_1762.png,カビゴンは元画像に見える範囲のみ。再生ボタンの重なり部分は補描なし。,加工済み・実装後確認,再生ボタン残り：身体の欠損とは別,"(127, 1858, 493, 2137)",構図要確認,未照合,画像/トドグラー/トドグラー_寝顔4_おなかのうえ寝.webp,65573e9531ca409d1d26b4d5bcbd801f10d2736be4d430428d2e4f0f0093e46d,1469,1208,0,寝顔中心・上下直線・左右16%曲線・枠外透過,583,一次一覧確認で確定なし（細部は実装後確認）,枠内に残る可能性
トドゼルガ_寝顔2_かんろく寝.webp,トドゼルガ/トドゼルガ_寝顔2_かんろく寝.webp,0365,トドゼルガ,通常,2,かんろく寝,IMG_1763.png,,加工済み・実装後確認,再生ボタン残り：身体の欠損とは別,"(95, 947, 525, 1199)",撮り直し候補,未照合,画像/トドゼルガ/トドゼルガ_寝顔2_かんろく寝.webp,5ff541e176519e9627c8a18cbc86e74a8f020e6fb00f963117c3f83674f56ba3,126,1768,0,寝顔中心・上下直線・左右16%曲線・枠外透過,585,一次一覧確認で確定なし（細部は実装後確認）,枠内に残る可能性
トドゼルガ_寝顔3_キバささり寝.webp,トドゼルガ/トドゼルガ_寝顔3_キバささり寝.webp,0365,トドゼルガ,通常,3,キバささり寝,IMG_1763.png,,加工済み・実装後確認,再生ボタン残り：身体の欠損とは別,"(153, 1419, 469, 1631)",撮り直し候補,未照合,画像/トドゼルガ/トドゼルガ_寝顔3_キバささり寝.webp,5ff541e176519e9627c8a18cbc86e74a8f020e6fb00f963117c3f83674f56ba3,0,234,0,寝顔中心・上下直線・左右16%曲線・枠外透過,586,一次一覧確認で確定なし（細部は実装後確認）,枠内に残る可能性
トドゼルガ_寝顔4_おなかのうえ寝.webp,トドゼルガ/トドゼルガ_寝顔4_おなかのうえ寝.webp,0365,トドゼルガ,通常,4,おなかのうえ寝,IMG_1763.png,カビゴンは元画像に見える範囲のみ。再生ボタンの重なり部分は補描なし。,加工済み・実装後確認,再生ボタン残り：身体の欠損とは別,"(141, 1833, 525, 2112)",構図要確認,未照合,画像/トドゼルガ/トドゼルガ_寝顔4_おなかのうえ寝.webp,5ff541e176519e9627c8a18cbc86e74a8f020e6fb00f963117c3f83674f56ba3,72,1768,0,寝顔中心・上下直線・左右16%曲線・枠外透過,587,一次一覧確認で確定なし（細部は実装後確認）,枠内に残る可能性
タツベイ_寝顔4_おなかのうえ寝.webp,タツベイ/タツベイ_寝顔4_おなかのうえ寝.webp,0371,タツベイ,通常,4,おなかのうえ寝,IMG_1764.png,カビゴンは元画像に見える範囲のみ。再生ボタンの重なり部分は補描なし。,加工済み・実装後確認,再生ボタン残り：身体の欠損とは別,"(95, 1875, 525, 2155)",構図要確認,未照合,画像/タツベイ/タツベイ_寝顔4_おなかのうえ寝.webp,8aeb6f3f7860d051aebd36b587e4f72d7b649da963539087fd8fa02fa8017bad,3609,1768,0,寝顔中心・上下直線・左右16%曲線・枠外透過,591,一次一覧確認で確定なし（細部は実装後確認）,枠内に残る可能性
コモルー_寝顔4_おなかのうえ寝.webp,コモルー/コモルー_寝顔4_おなかのうえ寝.webp,0372,コモルー,通常,4,おなかのうえ寝,IMG_1765.png,カビゴンは元画像に見える範囲のみ。再生ボタンの重なり部分は補描なし。,加工済み・実装後確認,再生ボタン残り：身体の欠損とは別,"(95, 1827, 525, 2106)",構図要確認,未照合,画像/コモルー/コモルー_寝顔4_おなかのうえ寝.webp,c126311663bca34f8dffd77b79461f5d8f3995fa95419ff8d95804579e2079a5,1347,1768,0,寝顔中心・上下直線・左右16%曲線・枠外透過,595,一次一覧確認で確定なし（細部は実装後確認）,枠内に残る可能性
ボーマンダ_寝顔1_はばたき寝.webp,ボーマンダ/ボーマンダ_寝顔1_はばたき寝.webp,0373,ボーマンダ,通常,1,はばたき寝,IMG_1766.png,,加工済み・実装後確認,再生ボタン残り：身体の欠損とは別,"(112, 515, 503, 739)",撮り直し候補,未照合,画像/ボーマンダ/ボーマンダ_寝顔1_はばたき寝.webp,6b7902df0e8d7f3bf1e5b6fce83dda07eaadf7dd0de940769e23a179d6e3f08c,0,1079,0,寝顔中心・上下直線・左右16%曲線・枠外透過,596,一次一覧確認で確定なし（細部は実装後確認）,枠内に残る可能性
ボーマンダ_寝顔2_おおあくび寝.webp,ボーマンダ/ボーマンダ_寝顔2_おおあくび寝.webp,0373,ボーマンダ,通常,2,おおあくび寝,IMG_1766.png,,加工済み・実装後確認,再生ボタン残り：身体の欠損とは別,"(112, 976, 498, 1209)",撮り直し候補,未照合,画像/ボーマンダ/ボーマンダ_寝顔2_おおあくび寝.webp,6b7902df0e8d7f3bf1e5b6fce83dda07eaadf7dd0de940769e23a179d6e3f08c,0,1210,0,寝顔中心・上下直線・左右16%曲線・枠外透過,597,一次一覧確認で確定なし（細部は実装後確認）,枠内に残る可能性
ボーマンダ_寝顔3_かえんほうしゃ寝.webp,ボーマンダ/ボーマンダ_寝顔3_かえんほうしゃ寝.webp,0373,ボーマンダ,通常,3,かえんほうしゃ寝,IMG_1766.png,,加工済み・実装後確認,再生ボタン残り：身体の欠損とは別,"(121, 1414, 467, 1663)",撮り直し候補,未照合,画像/ボーマンダ/ボーマンダ_寝顔3_かえんほうしゃ寝.webp,6b7902df0e8d7f3bf1e5b6fce83dda07eaadf7dd0de940769e23a179d6e3f08c,0,175,0,寝顔中心・上下直線・左右16%曲線・枠外透過,598,一次一覧確認で確定なし（細部は実装後確認）,枠内に残る可能性
ボーマンダ_寝顔4_おなかのうえ寝.webp,ボーマンダ/ボーマンダ_寝顔4_おなかのうえ寝.webp,0373,ボーマンダ,通常,4,おなかのうえ寝,IMG_1766.png,カビゴンは元画像に見える範囲のみ。再生ボタンの重なり部分は補描なし。,加工済み・実装後確認,再生ボタン残り：身体の欠損とは別,"(95, 1858, 525, 2137)",構図要確認,未照合,画像/ボーマンダ/ボーマンダ_寝顔4_おなかのうえ寝.webp,6b7902df0e8d7f3bf1e5b6fce83dda07eaadf7dd0de940769e23a179d6e3f08c,1047,1768,0,寝顔中心・上下直線・左右16%曲線・枠外透過,599,一次一覧確認で確定なし（細部は実装後確認）,枠内に残る可能性
ラティアス_寝顔1_うかびはばたき寝.webp,ラティアス/ラティアス_寝顔1_うかびはばたき寝.webp,0380,ラティアス,通常,1,うかびはばたき寝,IMG_1767.png,,加工済み・実装後確認,再生ボタン残り：身体の欠損とは別,"(109, 573, 493, 769)",撮り直し候補,未照合,画像/ラティアス/ラティアス_寝顔1_うかびはばたき寝.webp,a929f7558ccef72cf7347633ff61607c45ee3dc73826173f40ddcd9c9adb68ea,0,485,0,寝顔中心・上下直線・左右16%曲線・枠外透過,600,一次一覧確認で確定なし（細部は実装後確認）,枠内に残る可能性
ラティアス_寝顔2_ゆうがにひこう寝.webp,ラティアス/ラティアス_寝顔2_ゆうがにひこう寝.webp,0380,ラティアス,通常,2,ゆうがにひこう寝,IMG_1767.png,,加工済み・実装後確認,再生ボタン残り：身体の欠損とは別,"(163, 992, 482, 1255)",撮り直し候補,未照合,画像/ラティアス/ラティアス_寝顔2_ゆうがにひこう寝.webp,a929f7558ccef72cf7347633ff61607c45ee3dc73826173f40ddcd9c9adb68ea,0,822,0,寝顔中心・上下直線・左右16%曲線・枠外透過,601,一次一覧確認で確定なし（細部は実装後確認）,枠内に残る可能性
ラティアス_寝顔3_むげんのひかり寝.webp,ラティアス/ラティアス_寝顔3_むげんのひかり寝.webp,0380,ラティアス,通常,3,むげんのひかり寝,IMG_1767.png,,加工済み・実装後確認,再生ボタン残り：身体の欠損とは別,"(132, 1476, 503, 1691)",撮り直し候補,未照合,画像/ラティアス/ラティアス_寝顔3_むげんのひかり寝.webp,a929f7558ccef72cf7347633ff61607c45ee3dc73826173f40ddcd9c9adb68ea,0,1064,0,寝顔中心・上下直線・左右16%曲線・枠外透過,602,一次一覧確認で確定なし（細部は実装後確認）,枠内に残る可能性
ラティアス_寝顔4_なかまおもい寝.webp,ラティアス/ラティアス_寝顔4_なかまおもい寝.webp,0380,ラティアス,通常,4,なかまおもい寝,IMG_1767.png,,加工済み・実装後確認,再生ボタン残り：身体の欠損とは別,"(131, 1904, 467, 2150)",撮り直し候補,未照合,画像/ラティアス/ラティアス_寝顔4_なかまおもい寝.webp,a929f7558ccef72cf7347633ff61607c45ee3dc73826173f40ddcd9c9adb68ea,0,86,0,寝顔中心・上下直線・左右16%曲線・枠外透過,603,一次一覧確認で確定なし（細部は実装後確認）,枠内に残る可能性
ラティオス_寝顔1_うかびはばたき寝.webp,ラティオス/ラティオス_寝顔1_うかびはばたき寝.webp,0381,ラティオス,通常,1,うかびはばたき寝,IMG_1768.png,,加工済み・実装後確認,再生ボタン残り：身体の欠損とは別,"(127, 509, 477, 744)",撮り直し候補,未照合,画像/ラティオス/ラティオス_寝顔1_うかびはばたき寝.webp,da641140e4e61679692836ff553140b0e56216c701e5c541fff0b1b531ab2de4,0,241,0,寝顔中心・上下直線・左右16%曲線・枠外透過,604,一次一覧確認で確定なし（細部は実装後確認）,枠内に残る可能性
ラティオス_寝顔2_ゆうがにひこう寝.webp,ラティオス/ラティオス_寝顔2_ゆうがにひこう寝.webp,0381,ラティオス,通常,2,ゆうがにひこう寝,IMG_1768.png,,加工済み・実装後確認,再生ボタン残り：身体の欠損とは別,"(95, 954, 525, 1231)",撮り直し候補,未照合,画像/ラティオス/ラティオス_寝顔2_ゆうがにひこう寝.webp,da641140e4e61679692836ff553140b0e56216c701e5c541fff0b1b531ab2de4,126,1768,0,寝顔中心・上下直線・左右16%曲線・枠外透過,605,一次一覧確認で確定なし（細部は実装後確認）,枠内に残る可能性
ラティオス_寝顔3_むげんのオーラ寝.webp,ラティオス/ラティオス_寝顔3_むげんのオーラ寝.webp,0381,ラティオス,通常,3,むげんのオーラ寝,IMG_1768.png,,加工済み・実装後確認,再生ボタン残り：身体の欠損とは別,"(135, 1424, 499, 1661)",撮り直し候補,未照合,画像/ラティオス/ラティオス_寝顔3_むげんのオーラ寝.webp,da641140e4e61679692836ff553140b0e56216c701e5c541fff0b1b531ab2de4,0,987,0,寝顔中心・上下直線・左右16%曲線・枠外透過,606,一次一覧確認で確定なし（細部は実装後確認）,枠内に残る可能性
ラティオス_寝顔4_なかまおもい寝.webp,ラティオス/ラティオス_寝顔4_なかまおもい寝.webp,0381,ラティオス,通常,4,なかまおもい寝,IMG_1768.png,,加工済み・実装後確認,再生ボタン残り：身体の欠損とは別,"(131, 1871, 467, 2117)",撮り直し候補,未照合,画像/ラティオス/ラティオス_寝顔4_なかまおもい寝.webp,da641140e4e61679692836ff553140b0e56216c701e5c541fff0b1b531ab2de4,0,82,0,寝顔中心・上下直線・左右16%曲線・枠外透過,607,一次一覧確認で確定なし（細部は実装後確認）,枠内に残る可能性
ナエトル_寝顔1_つっぷし寝.webp,ナエトル/ナエトル_寝顔1_つっぷし寝.webp,0387,ナエトル,通常,1,つっぷし寝,IMG_1769.jpeg,,加工済み・実装後確認,再生ボタン残り：身体の欠損とは別,"(57, 287, 316, 455)",一次切り抜き,未照合,画像/ナエトル/ナエトル_寝顔1_つっぷし寝.webp,172cb59508bbd17ef2b148e72d1a383e0dbb523d5665a9f7d40efc2ca3865b14,2187,1768,0,寝顔中心・上下直線・左右16%曲線・枠外透過,608,枠端を目視確認済み：草・影。主役の欠損候補から除外,枠内に残る可能性
ナエトル_寝顔2_ふみふみ寝.webp,ナエトル/ナエトル_寝顔2_ふみふみ寝.webp,0387,ナエトル,通常,2,ふみふみ寝,IMG_1769.jpeg,,加工済み・実装後確認,再生ボタン残り：身体の欠損とは別,"(57, 562, 316, 730)",撮り直し候補,未照合,画像/ナエトル/ナエトル_寝顔2_ふみふみ寝.webp,172cb59508bbd17ef2b148e72d1a383e0dbb523d5665a9f7d40efc2ca3865b14,2263,1768,0,寝顔中心・上下直線・左右16%曲線・枠外透過,609,枠端を目視確認済み：草・影。主役の欠損候補から除外,枠内に残る可能性
ナエトル_寝顔3_しずくたれ寝.webp,ナエトル/ナエトル_寝顔3_しずくたれ寝.webp,0387,ナエトル,通常,3,しずくたれ寝,IMG_1769.jpeg,,加工済み・実装後確認,再生ボタン残り：身体の欠損とは別,"(57, 837, 316, 1005)",撮り直し候補,未照合,画像/ナエトル/ナエトル_寝顔3_しずくたれ寝.webp,172cb59508bbd17ef2b148e72d1a383e0dbb523d5665a9f7d40efc2ca3865b14,2224,1768,0,寝顔中心・上下直線・左右16%曲線・枠外透過,610,枠端を目視確認済み：草・影。主役の欠損候補から除外,枠内に残る可能性
ナエトル_寝顔4_おなかのうえ寝.webp,ナエトル/ナエトル_寝顔4_おなかのうえ寝.webp,0387,ナエトル,通常,4,おなかのうえ寝,IMG_1769.jpeg,カビゴンは元画像に見える範囲のみ。再生ボタンの重なり部分は補描なし。,加工済み・実装後確認,再生ボタン残り：身体の欠損とは別,"(57, 1112, 316, 1280)",構図要確認,未照合,画像/ナエトル/ナエトル_寝顔4_おなかのうえ寝.webp,172cb59508bbd17ef2b148e72d1a383e0dbb523d5665a9f7d40efc2ca3865b14,3035,1768,0,寝顔中心・上下直線・左右16%曲線・枠外透過,611,一次一覧確認で確定なし（細部は実装後確認）,枠内に残る可能性
ハヤシガメ_寝顔1_こっくり寝.webp,ハヤシガメ/ハヤシガメ_寝顔1_こっくり寝.webp,0388,ハヤシガメ,通常,1,こっくり寝,IMG_1770.png,,加工済み・実装後確認,再生ボタン残り：身体の欠損とは別,"(95, 418, 525, 697)",撮り直し候補,未照合,画像/ハヤシガメ/ハヤシガメ_寝顔1_こっくり寝.webp,70140d00131b37adee605f22a592fc3eefb3cea1e49cadf6c328a3566608b728,156,1768,0,寝顔中心・上下直線・左右16%曲線・枠外透過,612,一次一覧確認で確定なし（細部は実装後確認）,枠内に残る可能性
ハヤシガメ_寝顔2_あしぶみ寝.webp,ハヤシガメ/ハヤシガメ_寝顔2_あしぶみ寝.webp,0388,ハヤシガメ,通常,2,あしぶみ寝,IMG_1770.png,,加工済み・実装後確認,再生ボタン残り：身体の欠損とは別,"(95, 875, 525, 1154)",撮り直し候補,未照合,画像/ハヤシガメ/ハヤシガメ_寝顔2_あしぶみ寝.webp,70140d00131b37adee605f22a592fc3eefb3cea1e49cadf6c328a3566608b728,255,1768,0,寝顔中心・上下直線・左右16%曲線・枠外透過,613,一次一覧確認で確定なし（細部は実装後確認）,枠内に残る可能性
ハヤシガメ_寝顔3_はっぱあそび寝.webp,ハヤシガメ/ハヤシガメ_寝顔3_はっぱあそび寝.webp,0388,ハヤシガメ,通常,3,はっぱあそび寝,IMG_1770.png,,加工済み・実装後確認,再生ボタン残り：身体の欠損とは別,"(95, 1335, 525, 1612)",撮り直し候補,未照合,画像/ハヤシガメ/ハヤシガメ_寝顔3_はっぱあそび寝.webp,70140d00131b37adee605f22a592fc3eefb3cea1e49cadf6c328a3566608b728,244,1768,0,寝顔中心・上下直線・左右16%曲線・枠外透過,614,一次一覧確認で確定なし（細部は実装後確認）,枠内に残る可能性
ハヤシガメ_寝顔4_おなかのうえ寝.webp,ハヤシガメ/ハヤシガメ_寝顔4_おなかのうえ寝.webp,0388,ハヤシガメ,通常,4,おなかのうえ寝,IMG_1770.png,カビゴンは元画像に見える範囲のみ。再生ボタンの重なり部分は補描なし。,加工済み・実装後確認,再生ボタン残り：身体の欠損とは別,"(95, 1789, 525, 2069)",構図要確認,未照合,画像/ハヤシガメ/ハヤシガメ_寝顔4_おなかのうえ寝.webp,70140d00131b37adee605f22a592fc3eefb3cea1e49cadf6c328a3566608b728,2830,1768,0,寝顔中心・上下直線・左右16%曲線・枠外透過,615,一次一覧確認で確定なし（細部は実装後確認）,枠内に残る可能性
ドダイトス_寝顔1_どっしり寝.webp,ドダイトス/ドダイトス_寝顔1_どっしり寝.webp,0389,ドダイトス,通常,1,どっしり寝,IMG_1771.png,,加工済み・実装後確認,再生ボタン残り：身体の欠損とは別,"(95, 709, 525, 988)",撮り直し候補,未照合,画像/ドダイトス/ドダイトス_寝顔1_どっしり寝.webp,68e3527543d0a24579763681006a626aa2c6e4452c90062e400b2dc4a30080d5,127,1768,0,寝顔中心・上下直線・左右16%曲線・枠外透過,616,一次一覧確認で確定なし（細部は実装後確認）,枠内に残る可能性
ドダイトス_寝顔2_あしぶみ寝.webp,ドダイトス/ドダイトス_寝顔2_あしぶみ寝.webp,0389,ドダイトス,通常,2,あしぶみ寝,IMG_1771.png,,加工済み・実装後確認,再生ボタン残り：身体の欠損とは別,"(95, 1167, 525, 1446)",撮り直し候補,未照合,画像/ドダイトス/ドダイトス_寝顔2_あしぶみ寝.webp,68e3527543d0a24579763681006a626aa2c6e4452c90062e400b2dc4a30080d5,127,1768,0,寝顔中心・上下直線・左右16%曲線・枠外透過,617,一次一覧確認で確定なし（細部は実装後確認）,枠内に残る可能性
ドダイトス_寝顔3_せなかすまわせ寝.webp,ドダイトス/ドダイトス_寝顔3_せなかすまわせ寝.webp,0389,ドダイトス,通常,3,せなかすまわせ寝,IMG_1771.png,,加工済み・実装後確認,再生ボタン残り：身体の欠損とは別,"(95, 1623, 525, 1903)",撮り直し候補,未照合,画像/ドダイトス/ドダイトス_寝顔3_せなかすまわせ寝.webp,68e3527543d0a24579763681006a626aa2c6e4452c90062e400b2dc4a30080d5,120,1768,0,寝顔中心・上下直線・左右16%曲線・枠外透過,618,一次一覧確認で確定なし（細部は実装後確認）,枠内に残る可能性
ヒコザル_寝顔2_おおあくび寝.webp,ヒコザル/ヒコザル_寝顔2_おおあくび寝.webp,0390,ヒコザル,通常,2,おおあくび寝,IMG_1772.png,,加工済み・実装後確認,再生ボタン残り：身体の欠損とは別,"(95, 927, 525, 1206)",撮り直し候補,未照合,画像/ヒコザル/ヒコザル_寝顔2_おおあくび寝.webp,7423b44e3f36b72c563d89f0b63dd3d3e8a345f9d8aa5c810b0e54d78a8ef220,126,1768,0,寝顔中心・上下直線・左右16%曲線・枠外透過,620,一次一覧確認で確定なし（細部は実装後確認）,枠内に残る可能性
ヒコザル_寝顔4_おなかのうえ寝.webp,ヒコザル/ヒコザル_寝顔4_おなかのうえ寝.webp,0390,ヒコザル,通常,4,おなかのうえ寝,IMG_1772.png,カビゴンは元画像に見える範囲のみ。再生ボタンの重なり部分は補描なし。,加工済み・実装後確認,再生ボタン残り：身体の欠損とは別,"(107, 1841, 494, 2121)",構図要確認,未照合,画像/ヒコザル/ヒコザル_寝顔4_おなかのうえ寝.webp,7423b44e3f36b72c563d89f0b63dd3d3e8a345f9d8aa5c810b0e54d78a8ef220,1896,1210,0,寝顔中心・上下直線・左右16%曲線・枠外透過,622,一次一覧確認で確定なし（細部は実装後確認）,枠内に残る可能性
モウカザル_寝顔1_うでまくら寝.webp,モウカザル/モウカザル_寝顔1_うでまくら寝.webp,0391,モウカザル,通常,1,うでまくら寝,IMG_1773.jpeg,画面左の音量表示を除去。重なり部分の補描なし。,加工済み・実装後確認,再生ボタン残り：身体の欠損とは別,"(96, 364, 286, 495)",撮り直し候補,未照合,画像/モウカザル/モウカザル_寝顔1_うでまくら寝.webp,6988687cef6de46c572e4c9a4d213660100f6c4e3b21ba18d894e7d1c50c68f8,0,350,0,寝顔中心・上下直線・左右16%曲線・枠外透過,623,一次一覧確認で確定なし（細部は実装後確認）,枠内に残る可能性
モウカザル_寝顔2_おおあくび寝.webp,モウカザル/モウカザル_寝顔2_おおあくび寝.webp,0391,モウカザル,通常,2,おおあくび寝,IMG_1773.jpeg,画面左の音量表示を除去。重なり部分の補描なし。,加工済み・実装後確認,再生ボタン残り：身体の欠損とは別,"(57, 618, 316, 786)",撮り直し候補,未照合,画像/モウカザル/モウカザル_寝顔2_おおあくび寝.webp,6988687cef6de46c572e4c9a4d213660100f6c4e3b21ba18d894e7d1c50c68f8,107,1768,0,寝顔中心・上下直線・左右16%曲線・枠外透過,624,一次一覧確認で確定なし（細部は実装後確認）,枠内に残る可能性
モウカザル_寝顔4_おなかのうえ寝.webp,モウカザル/モウカザル_寝顔4_おなかのうえ寝.webp,0391,モウカザル,通常,4,おなかのうえ寝,IMG_1773.jpeg,カビゴンは元画像に見える範囲のみ。再生ボタンの重なり部分は補描なし。画面左の音量表示を除去。重なり部分の補描なし。,加工済み・実装後確認,再生ボタン残り：身体の欠損とは別,"(57, 1168, 316, 1336)",構図要確認,未照合,画像/モウカザル/モウカザル_寝顔4_おなかのうえ寝.webp,6988687cef6de46c572e4c9a4d213660100f6c4e3b21ba18d894e7d1c50c68f8,947,1768,0,寝顔中心・上下直線・左右16%曲線・枠外透過,626,一次一覧確認で確定なし（細部は実装後確認）,枠内に残る可能性
ゴウカザル_寝顔1_かたひざたて寝.webp,ゴウカザル/ゴウカザル_寝顔1_かたひざたて寝.webp,0392,ゴウカザル,通常,1,かたひざたて寝,IMG_1774.png,,加工済み・実装後確認,再生ボタン残り：身体の欠損とは別,"(95, 505, 525, 785)",撮り直し候補,未照合,画像/ゴウカザル/ゴウカザル_寝顔1_かたひざたて寝.webp,469fabcc195c8be615107cec6ea5e3e850b1c2ad7c1456e8640700e2e7a4dbfa,126,1768,0,寝顔中心・上下直線・左右16%曲線・枠外透過,627,一次一覧確認で確定なし（細部は実装後確認）,枠内に残る可能性
ゴウカザル_寝顔2_おおあくび寝.webp,ゴウカザル/ゴウカザル_寝顔2_おおあくび寝.webp,0392,ゴウカザル,通常,2,おおあくび寝,IMG_1774.png,,加工済み・実装後確認,再生ボタン残り：身体の欠損とは別,"(95, 962, 525, 1241)",撮り直し候補,未照合,画像/ゴウカザル/ゴウカザル_寝顔2_おおあくび寝.webp,469fabcc195c8be615107cec6ea5e3e850b1c2ad7c1456e8640700e2e7a4dbfa,126,1768,0,寝顔中心・上下直線・左右16%曲線・枠外透過,628,一次一覧確認で確定なし（細部は実装後確認）,枠内に残る可能性
ゴウカザル_寝顔3_ほのおふきあげ寝.webp,ゴウカザル/ゴウカザル_寝顔3_ほのおふきあげ寝.webp,0392,ゴウカザル,通常,3,ほのおふきあげ寝,IMG_1774.png,,加工済み・実装後確認,再生ボタン残り：身体の欠損とは別,"(107, 1431, 477, 1693)",撮り直し候補,未照合,画像/ゴウカザル/ゴウカザル_寝顔3_ほのおふきあげ寝.webp,469fabcc195c8be615107cec6ea5e3e850b1c2ad7c1456e8640700e2e7a4dbfa,0,627,0,寝顔中心・上下直線・左右16%曲線・枠外透過,629,一次一覧確認で確定なし（細部は実装後確認）,枠内に残る可能性
ポッチャマ_寝顔4_おなかのうえ寝.webp,ポッチャマ/ポッチャマ_寝顔4_おなかのうえ寝.webp,0393,ポッチャマ,通常,4,おなかのうえ寝,IMG_1775.png,カビゴンは元画像に見える範囲のみ。再生ボタンの重なり部分は補描なし。,加工済み・実装後確認,再生ボタン残り：身体の欠損とは別,"(95, 1818, 525, 2097)",構図要確認,未照合,画像/ポッチャマ/ポッチャマ_寝顔4_おなかのうえ寝.webp,68caaeb43439c749f11dcffd7572786bc32ffd2250f5707a65c447e4bf329211,669,1768,0,寝顔中心・上下直線・左右16%曲線・枠外透過,633,一次一覧確認で確定なし（細部は実装後確認）,枠内に残る可能性
ポッタイシ_寝顔3_えらそう寝.webp,ポッタイシ/ポッタイシ_寝顔3_えらそう寝.webp,0394,ポッタイシ,通常,3,えらそう寝,IMG_1776.png,,加工済み・実装後確認,再生ボタン残り：身体の欠損とは別,"(138, 1397, 462, 1667)",撮り直し候補,未照合,画像/ポッタイシ/ポッタイシ_寝顔3_えらそう寝.webp,270ce84e0e82d91180c35397845d126884b705a6d8c519a02780ec1eb73da6d2,0,240,0,寝顔中心・上下直線・左右16%曲線・枠外透過,636,一次一覧確認で確定なし（細部は実装後確認）,枠内に残る可能性
ポッタイシ_寝顔4_おなかのうえ寝.webp,ポッタイシ/ポッタイシ_寝顔4_おなかのうえ寝.webp,0394,ポッタイシ,通常,4,おなかのうえ寝,IMG_1776.png,カビゴンは元画像に見える範囲のみ。再生ボタンの重なり部分は補描なし。,加工済み・実装後確認,再生ボタン残り：身体の欠損とは別,"(95, 1844, 487, 2123)",構図要確認,未照合,画像/ポッタイシ/ポッタイシ_寝顔4_おなかのうえ寝.webp,270ce84e0e82d91180c35397845d126884b705a6d8c519a02780ec1eb73da6d2,1696,963,0,寝顔中心・上下直線・左右16%曲線・枠外透過,637,一次一覧確認で確定なし（細部は実装後確認）,枠内に残る可能性
エンペルト_寝顔1_どっしり寝.webp,エンペルト/エンペルト_寝顔1_どっしり寝.webp,0395,エンペルト,通常,1,どっしり寝,IMG_1777.png,,加工済み・実装後確認,再生ボタン残り：身体の欠損とは別,"(141, 497, 477, 776)",撮り直し候補,未照合,画像/エンペルト/エンペルト_寝顔1_どっしり寝.webp,f4f27c2ca5d234886cc26418c05f6c2a868174f53c5e6a70386d0fae4b8887fd,0,710,0,寝顔中心・上下直線・左右16%曲線・枠外透過,638,一次一覧確認で確定なし（細部は実装後確認）,枠内に残る可能性
エンペルト_寝顔3_つばさなぎはらい寝.webp,エンペルト/エンペルト_寝顔3_つばさなぎはらい寝.webp,0395,エンペルト,通常,3,つばさなぎはらい寝,IMG_1777.png,,加工済み・実装後確認,再生ボタン残り：身体の欠損とは別,"(138, 1424, 483, 1688)",撮り直し候補,未照合,画像/エンペルト/エンペルト_寝顔3_つばさなぎはらい寝.webp,f4f27c2ca5d234886cc26418c05f6c2a868174f53c5e6a70386d0fae4b8887fd,0,898,0,寝顔中心・上下直線・左右16%曲線・枠外透過,640,一次一覧確認で確定なし（細部は実装後確認）,枠内に残る可能性
コリンク_寝顔1_ゆめではしり寝.webp,コリンク/コリンク_寝顔1_ゆめではしり寝.webp,0403,コリンク,通常,1,ゆめではしり寝,IMG_1778.png,,加工済み・実装後確認,再生ボタン残り：身体の欠損とは別,"(150, 475, 458, 719)",撮り直し候補,未照合,画像/コリンク/コリンク_寝顔1_ゆめではしり寝.webp,fa90e5b026cebf60cae05b40e35323033fff6334ee472a13e04c9e4a6ba71184,0,119,0,寝顔中心・上下直線・左右16%曲線・枠外透過,641,一次一覧確認で確定なし（細部は実装後確認）,枠内に残る可能性
コリンク_寝顔3_スパーク寝.webp,コリンク/コリンク_寝顔3_スパーク寝.webp,0403,コリンク,通常,3,スパーク寝,IMG_1778.png,,加工済み・実装後確認,再生ボタン残り：身体の欠損とは別,"(171, 1384, 463, 1627)",撮り直し候補,未照合,画像/コリンク/コリンク_寝顔3_スパーク寝.webp,fa90e5b026cebf60cae05b40e35323033fff6334ee472a13e04c9e4a6ba71184,0,233,0,寝顔中心・上下直線・左右16%曲線・枠外透過,643,一次一覧確認で確定なし（細部は実装後確認）,枠内に残る可能性
コリンク_寝顔4_おなかのうえ寝.webp,コリンク/コリンク_寝顔4_おなかのうえ寝.webp,0403,コリンク,通常,4,おなかのうえ寝,IMG_1778.png,カビゴンは元画像に見える範囲のみ。再生ボタンの重なり部分は補描なし。,加工済み・実装後確認,再生ボタン残り：身体の欠損とは別,"(107, 1817, 513, 2096)",構図要確認,未照合,画像/コリンク/コリンク_寝顔4_おなかのうえ寝.webp,fa90e5b026cebf60cae05b40e35323033fff6334ee472a13e04c9e4a6ba71184,283,1739,0,寝顔中心・上下直線・左右16%曲線・枠外透過,644,一次一覧確認で確定なし（細部は実装後確認）,枠内に残る可能性
ルクシオ_寝顔1_まるまり寝.webp,ルクシオ/ルクシオ_寝顔1_まるまり寝.webp,0404,ルクシオ,通常,1,まるまり寝,IMG_1779.png,,加工済み・実装後確認,再生ボタン残り：身体の欠損とは別,"(145, 523, 464, 770)",撮り直し候補,未照合,画像/ルクシオ/ルクシオ_寝顔1_まるまり寝.webp,967427c83c3f4a470a9c7efc4faa2f945214c9f9c8f532f459ede3fb1e591ed5,0,268,0,寝顔中心・上下直線・左右16%曲線・枠外透過,645,一次一覧確認で確定なし（細部は実装後確認）,枠内に残る可能性
ルクシオ_寝顔2_ふんばり寝.webp,ルクシオ/ルクシオ_寝顔2_ふんばり寝.webp,0404,ルクシオ,通常,2,ふんばり寝,IMG_1779.png,,加工済み・実装後確認,再生ボタン残り：身体の欠損とは別,"(165, 979, 473, 1219)",撮り直し候補,未照合,画像/ルクシオ/ルクシオ_寝顔2_ふんばり寝.webp,967427c83c3f4a470a9c7efc4faa2f945214c9f9c8f532f459ede3fb1e591ed5,0,490,0,寝顔中心・上下直線・左右16%曲線・枠外透過,646,一次一覧確認で確定なし（細部は実装後確認）,枠内に残る可能性
ルクシオ_寝顔3_スパーク寝.webp,ルクシオ/ルクシオ_寝顔3_スパーク寝.webp,0404,ルクシオ,通常,3,スパーク寝,IMG_1779.png,,加工済み・実装後確認,再生ボタン残り：身体の欠損とは別,"(157, 1427, 467, 1686)",撮り直し候補,未照合,画像/ルクシオ/ルクシオ_寝顔3_スパーク寝.webp,967427c83c3f4a470a9c7efc4faa2f945214c9f9c8f532f459ede3fb1e591ed5,0,378,0,寝顔中心・上下直線・左右16%曲線・枠外透過,647,一次一覧確認で確定なし（細部は実装後確認）,枠内に残る可能性
ルクシオ_寝顔4_おなかのうえ寝.webp,ルクシオ/ルクシオ_寝顔4_おなかのうえ寝.webp,0404,ルクシオ,通常,4,おなかのうえ寝,IMG_1779.png,カビゴンは元画像に見える範囲のみ。再生ボタンの重なり部分は補描なし。,加工済み・実装後確認,再生ボタン残り：身体の欠損とは別,"(117, 1869, 488, 2148)",構図要確認,未照合,画像/ルクシオ/ルクシオ_寝顔4_おなかのうえ寝.webp,967427c83c3f4a470a9c7efc4faa2f945214c9f9c8f532f459ede3fb1e591ed5,260,1030,0,寝顔中心・上下直線・左右16%曲線・枠外透過,648,一次一覧確認で確定なし（細部は実装後確認）,枠内に残る可能性
レントラー_寝顔1_まるまり寝.webp,レントラー/レントラー_寝顔1_まるまり寝.webp,0405,レントラー,通常,1,まるまり寝,IMG_1780.jpeg,,加工済み・実装後確認,再生ボタン残り：身体の欠損とは別,"(68, 290, 300, 425)",撮り直し候補,未照合,画像/レントラー/レントラー_寝顔1_まるまり寝.webp,2ed5cf69ca1428cde117fe1ddad63342892af36b35696165079a2b351cdf89df,0,676,0,寝顔中心・上下直線・左右16%曲線・枠外透過,649,一次一覧確認で確定なし（細部は実装後確認）,枠内に残る可能性
レントラー_寝顔2_ふんばり寝.webp,レントラー/レントラー_寝顔2_ふんばり寝.webp,0405,レントラー,通常,2,ふんばり寝,IMG_1780.jpeg,,加工済み・実装後確認,再生ボタン残り：身体の欠損とは別,"(95, 554, 287, 714)",撮り直し候補,未照合,画像/レントラー/レントラー_寝顔2_ふんばり寝.webp,2ed5cf69ca1428cde117fe1ddad63342892af36b35696165079a2b351cdf89df,0,637,0,寝顔中心・上下直線・左右16%曲線・枠外透過,650,一次一覧確認で確定なし（細部は実装後確認）,枠内に残る可能性
レントラー_寝顔3_スパーク寝.webp,レントラー/レントラー_寝顔3_スパーク寝.webp,0405,レントラー,通常,3,スパーク寝,IMG_1780.jpeg,,加工済み・実装後確認,再生ボタン残り：身体の欠損とは別,"(71, 842, 291, 978)",撮り直し候補,未照合,画像/レントラー/レントラー_寝顔3_スパーク寝.webp,2ed5cf69ca1428cde117fe1ddad63342892af36b35696165079a2b351cdf89df,0,472,0,寝顔中心・上下直線・左右16%曲線・枠外透過,651,一次一覧確認で確定なし（細部は実装後確認）,枠内に残る可能性
レントラー_寝顔4_おなかのうえ寝.webp,レントラー/レントラー_寝顔4_おなかのうえ寝.webp,0405,レントラー,通常,4,おなかのうえ寝,IMG_1780.jpeg,カビゴンは元画像に見える範囲のみ。再生ボタンの重なり部分は補描なし。,加工済み・実装後確認,再生ボタン残り：身体の欠損とは別,"(57, 1102, 316, 1270)",構図要確認,未照合,画像/レントラー/レントラー_寝顔4_おなかのうえ寝.webp,2ed5cf69ca1428cde117fe1ddad63342892af36b35696165079a2b351cdf89df,1866,1768,0,寝顔中心・上下直線・左右16%曲線・枠外透過,652,一次一覧確認で確定なし（細部は実装後確認）,枠内に残る可能性
ドンカラス_寝顔1_はづくろい寝.webp,ドンカラス/ドンカラス_寝顔1_はづくろい寝.webp,0430,ドンカラス,通常,1,はづくろい寝,IMG_1783.png,,加工済み・実装後確認,再生ボタン残り：身体の欠損とは別,"(95, 539, 525, 810)",撮り直し候補,未照合,画像/ドンカラス/ドンカラス_寝顔1_はづくろい寝.webp,0125c90e4ea7c830fb0dde93fe1650240421375fd9b545659229656197f23dc1,126,1768,0,寝顔中心・上下直線・左右16%曲線・枠外透過,659,一次一覧確認で確定なし（細部は実装後確認）,枠内に残る可能性
ドンカラス_寝顔2_はねやすめ寝.webp,ドンカラス/ドンカラス_寝顔2_はねやすめ寝.webp,0430,ドンカラス,通常,2,はねやすめ寝,IMG_1783.png,,加工済み・実装後確認,再生ボタン残り：身体の欠損とは別,"(95, 989, 525, 1266)",撮り直し候補,未照合,画像/ドンカラス/ドンカラス_寝顔2_はねやすめ寝.webp,0125c90e4ea7c830fb0dde93fe1650240421375fd9b545659229656197f23dc1,126,1768,0,寝顔中心・上下直線・左右16%曲線・枠外透過,660,一次一覧確認で確定なし（細部は実装後確認）,枠内に残る可能性
ウソハチ_寝顔4_おなかのうえ寝.webp,ウソハチ/ウソハチ_寝顔4_おなかのうえ寝.webp,0438,ウソハチ,通常,4,おなかのうえ寝,IMG_1784.png,カビゴンは元画像に見える範囲のみ。再生ボタンの重なり部分は補描なし。,加工済み・実装後確認,再生ボタン残り：身体の欠損とは別,"(95, 1855, 525, 2135)",構図要確認,未照合,画像/ウソハチ/ウソハチ_寝顔4_おなかのうえ寝.webp,f7b43a0aa6eca475a06562c2a392de5d2329c34a9adc70b110ca4ac4f3ed73b8,3684,1768,0,寝顔中心・上下直線・左右16%曲線・枠外透過,665,一次一覧確認で確定なし（細部は実装後確認）,枠内に残る可能性
マネネ_寝顔4_おなかのうえ寝.webp,マネネ/マネネ_寝顔4_おなかのうえ寝.webp,0439,マネネ,通常,4,おなかのうえ寝,IMG_1785.png,カビゴンは元画像に見える範囲のみ。再生ボタンの重なり部分は補描なし。,加工済み・実装後確認,再生ボタン残り：身体の欠損とは別,"(95, 1835, 525, 2115)",構図要確認,未照合,画像/マネネ/マネネ_寝顔4_おなかのうえ寝.webp,b6562482c70893f29aef6716e34cc6e3a7fe4e8ee4162c265cf6d7fb4df53682,418,1768,0,寝顔中心・上下直線・左右16%曲線・枠外透過,669,一次一覧確認で確定なし（細部は実装後確認）,枠内に残る可能性
ピンプク_寝顔2_いしだいじ寝.webp,ピンプク/ピンプク_寝顔2_いしだいじ寝.webp,0440,ピンプク,通常,2,いしだいじ寝,IMG_1786.png,,加工済み・実装後確認,再生ボタン残り：身体の欠損とは別,"(95, 907, 525, 1174)",撮り直し候補,未照合,画像/ピンプク/ピンプク_寝顔2_いしだいじ寝.webp,3c816d97a40f4c483b8475890a7c20b41c57530461a4f0cd13eab4ff7c4ca7c6,126,1756,0,寝顔中心・上下直線・左右16%曲線・枠外透過,671,一次一覧確認で確定なし（細部は実装後確認）,枠内に残る可能性
ピンプク_寝顔4_おなかのうえ寝.webp,ピンプク/ピンプク_寝顔4_おなかのうえ寝.webp,0440,ピンプク,通常,4,おなかのうえ寝,IMG_1786.png,カビゴンは元画像に見える範囲のみ。再生ボタンの重なり部分は補描なし。,加工済み・実装後確認,再生ボタン残り：身体の欠損とは別,"(100, 1822, 513, 2101)",構図要確認,未照合,画像/ピンプク/ピンプク_寝顔4_おなかのうえ寝.webp,3c816d97a40f4c483b8475890a7c20b41c57530461a4f0cd13eab4ff7c4ca7c6,2867,1728,0,寝顔中心・上下直線・左右16%曲線・枠外透過,673,一次一覧確認で確定なし（細部は実装後確認）,枠内に残る可能性
ミカルゲ_寝顔4_おなかのうえ寝.webp,ミカルゲ/ミカルゲ_寝顔4_おなかのうえ寝.webp,0442,ミカルゲ,通常,4,おなかのうえ寝,IMG_1787.png,カビゴンは元画像に見える範囲のみ。再生ボタンの重なり部分は補描なし。,加工済み・実装後確認,再生ボタン残り：身体の欠損とは別,"(95, 1795, 495, 2075)",構図要確認,未照合,画像/ミカルゲ/ミカルゲ_寝顔4_おなかのうえ寝.webp,bb2a7dcde8c26a5b683a8821aea4bed11b4561beeb6bb6642031986d2e90882b,745,1247,0,寝顔中心・上下直線・左右16%曲線・枠外透過,677,一次一覧確認で確定なし（細部は実装後確認）,枠内に残る可能性
ルカリオ_寝顔3_しゅぎょうやすみ寝.webp,ルカリオ/ルカリオ_寝顔3_しゅぎょうやすみ寝.webp,0448,ルカリオ,通常,3,しゅぎょうやすみ寝,IMG_1789.png,,加工済み・実装後確認,再生ボタン残り：身体の欠損とは別,"(143, 1435, 477, 1671)",撮り直し候補,未照合,画像/ルカリオ/ルカリオ_寝顔3_しゅぎょうやすみ寝.webp,9b6eb8c4655dfd3c85cc1da4aeb4393e888463a598e42d1d2de7a7e6c9e0dba6,0,548,0,寝顔中心・上下直線・左右16%曲線・枠外透過,680,一次一覧確認で確定なし（細部は実装後確認）,枠内に残る可能性
ルカリオ_寝顔4_おなかのうえ寝.webp,ルカリオ/ルカリオ_寝顔4_おなかのうえ寝.webp,0448,ルカリオ,通常,4,おなかのうえ寝,IMG_1789.png,カビゴンは元画像に見える範囲のみ。再生ボタンの重なり部分は補描なし。,加工済み・実装後確認,再生ボタン残り：身体の欠損とは別,"(95, 1865, 525, 2145)",構図要確認,未照合,画像/ルカリオ/ルカリオ_寝顔4_おなかのうえ寝.webp,9b6eb8c4655dfd3c85cc1da4aeb4393e888463a598e42d1d2de7a7e6c9e0dba6,3763,1768,0,寝顔中心・上下直線・左右16%曲線・枠外透過,681,一次一覧確認で確定なし（細部は実装後確認）,枠内に残る可能性
グレッグル_寝顔4_おなかのうえ寝.webp,グレッグル/グレッグル_寝顔4_おなかのうえ寝.webp,0453,グレッグル,通常,4,おなかのうえ寝,IMG_1790.png,カビゴンは元画像に見える範囲のみ。再生ボタンの重なり部分は補描なし。,加工済み・実装後確認,再生ボタン残り：身体の欠損とは別,"(95, 1903, 525, 2182)",構図要確認,未照合,画像/グレッグル/グレッグル_寝顔4_おなかのうえ寝.webp,008121219975345695d878787c15626bcf359951c4ac79ab55be32151fcb0eeb,1113,1768,0,寝顔中心・上下直線・左右16%曲線・枠外透過,685,一次一覧確認で確定なし（細部は実装後確認）,枠内に残る可能性
ドクロッグ_寝顔1_ぐうたら寝.webp,ドクロッグ/ドクロッグ_寝顔1_ぐうたら寝.webp,0454,ドクロッグ,通常,1,ぐうたら寝,IMG_1791.png,,加工済み・実装後確認,再生ボタン残り：身体の欠損とは別,"(145, 549, 470, 781)",撮り直し候補,未照合,画像/ドクロッグ/ドクロッグ_寝顔1_ぐうたら寝.webp,73e9892b4d1cb1da99af2c35d784921bd471ca76d3cef6a7160b413a1eab6372,0,392,0,寝顔中心・上下直線・左右16%曲線・枠外透過,686,一次一覧確認で確定なし（細部は実装後確認）,枠内に残る可能性
ドクロッグ_寝顔3_どくぶくろまくら寝.webp,ドクロッグ/ドクロッグ_寝顔3_どくぶくろまくら寝.webp,0454,ドクロッグ,通常,3,どくぶくろまくら寝,IMG_1791.png,,加工済み・実装後確認,再生ボタン残り：身体の欠損とは別,"(143, 1466, 467, 1691)",撮り直し候補,未照合,画像/ドクロッグ/ドクロッグ_寝顔3_どくぶくろまくら寝.webp,73e9892b4d1cb1da99af2c35d784921bd471ca76d3cef6a7160b413a1eab6372,0,258,0,寝顔中心・上下直線・左右16%曲線・枠外透過,688,一次一覧確認で確定なし（細部は実装後確認）,枠内に残る可能性
ドクロッグ_寝顔4_おなかのうえ寝.webp,ドクロッグ/ドクロッグ_寝顔4_おなかのうえ寝.webp,0454,ドクロッグ,通常,4,おなかのうえ寝,IMG_1791.png,カビゴンは元画像に見える範囲のみ。再生ボタンの重なり部分は補描なし。,加工済み・実装後確認,再生ボタン残り：身体の欠損とは別,"(95, 1886, 494, 2166)",構図要確認,未照合,画像/ドクロッグ/ドクロッグ_寝顔4_おなかのうえ寝.webp,73e9892b4d1cb1da99af2c35d784921bd471ca76d3cef6a7160b413a1eab6372,81,1198,0,寝顔中心・上下直線・左右16%曲線・枠外透過,689,一次一覧確認で確定なし（細部は実装後確認）,枠内に残る可能性
ユキカブリ_寝顔1_すわり寝.webp,ユキカブリ/ユキカブリ_寝顔1_すわり寝.webp,0459,ユキカブリ,通常,1,すわり寝,IMG_1792.jpeg,,加工済み・実装後確認,再生ボタン残り：身体の欠損とは別,"(57, 249, 316, 417)",撮り直し候補,未照合,画像/ユキカブリ/ユキカブリ_寝顔1_すわり寝.webp,b6b17b44371b059515c1187e860b79aa2671b4331a9dfe80910c32191f8046c7,3297,1768,0,寝顔中心・上下直線・左右16%曲線・枠外透過,690,枠端を目視確認済み：草・影。主役の欠損候補から除外,枠内に残る可能性
ユキカブリ_寝顔2_ぼうだち寝.webp,ユキカブリ/ユキカブリ_寝顔2_ぼうだち寝.webp,0459,ユキカブリ,通常,2,ぼうだち寝,IMG_1792.jpeg,,加工済み・実装後確認,再生ボタン残り：身体の欠損とは別,"(57, 524, 316, 692)",撮り直し候補,未照合,画像/ユキカブリ/ユキカブリ_寝顔2_ぼうだち寝.webp,b6b17b44371b059515c1187e860b79aa2671b4331a9dfe80910c32191f8046c7,2133,1768,0,寝顔中心・上下直線・左右16%曲線・枠外透過,691,枠端を目視確認済み：草・影。主役の欠損候補から除外,枠内に残る可能性
ユキカブリ_寝顔3_きのみ寝.webp,ユキカブリ/ユキカブリ_寝顔3_きのみ寝.webp,0459,ユキカブリ,通常,3,きのみ寝,IMG_1792.jpeg,,加工済み・実装後確認,再生ボタン残り：身体の欠損とは別,"(57, 799, 316, 967)",撮り直し候補,未照合,画像/ユキカブリ/ユキカブリ_寝顔3_きのみ寝.webp,b6b17b44371b059515c1187e860b79aa2671b4331a9dfe80910c32191f8046c7,2139,1768,0,寝顔中心・上下直線・左右16%曲線・枠外透過,692,枠端を目視確認済み：草・影。主役の欠損候補から除外,枠内に残る可能性
ユキカブリ_寝顔4_おなかのうえ寝.webp,ユキカブリ/ユキカブリ_寝顔4_おなかのうえ寝.webp,0459,ユキカブリ,通常,4,おなかのうえ寝,IMG_1792.jpeg,カビゴンは元画像に見える範囲のみ。再生ボタンの重なり部分は補描なし。,加工済み・実装後確認,再生ボタン残り：身体の欠損とは別,"(57, 1074, 316, 1242)",構図要確認,未照合,画像/ユキカブリ/ユキカブリ_寝顔4_おなかのうえ寝.webp,b6b17b44371b059515c1187e860b79aa2671b4331a9dfe80910c32191f8046c7,4407,1768,0,寝顔中心・上下直線・左右16%曲線・枠外透過,693,一次一覧確認で確定なし（細部は実装後確認）,枠内に残る可能性
ユキノオー_寝顔1_といき寝.webp,ユキノオー/ユキノオー_寝顔1_といき寝.webp,0460,ユキノオー,通常,1,といき寝,IMG_1793.png,,加工済み・実装後確認,再生ボタン残り：身体の欠損とは別,"(137, 719, 477, 979)",撮り直し候補,未照合,画像/ユキノオー/ユキノオー_寝顔1_といき寝.webp,1e1a17d07a79fdaaf9847a70c7491ee74916e7ba0b711bfcb32234694ee39fb6,0,619,0,寝顔中心・上下直線・左右16%曲線・枠外透過,694,一次一覧確認で確定なし（細部は実装後確認）,枠内に残る可能性
ユキノオー_寝顔2_いかく寝.webp,ユキノオー/ユキノオー_寝顔2_いかく寝.webp,0460,ユキノオー,通常,2,いかく寝,IMG_1793.png,,加工済み・実装後確認,再生ボタン残り：身体の欠損とは別,"(95, 1175, 525, 1446)",撮り直し候補,未照合,画像/ユキノオー/ユキノオー_寝顔2_いかく寝.webp,1e1a17d07a79fdaaf9847a70c7491ee74916e7ba0b711bfcb32234694ee39fb6,127,1768,0,寝顔中心・上下直線・左右16%曲線・枠外透過,695,一次一覧確認で確定なし（細部は実装後確認）,枠内に残る可能性
ユキノオー_寝顔3_ブリザード寝.webp,ユキノオー/ユキノオー_寝顔3_ブリザード寝.webp,0460,ユキノオー,通常,3,ブリザード寝,IMG_1793.png,,加工済み・実装後確認,再生ボタン残り：身体の欠損とは別,"(127, 1623, 487, 1890)",撮り直し候補,未照合,画像/ユキノオー/ユキノオー_寝顔3_ブリザード寝.webp,1e1a17d07a79fdaaf9847a70c7491ee74916e7ba0b711bfcb32234694ee39fb6,0,851,0,寝顔中心・上下直線・左右16%曲線・枠外透過,696,一次一覧確認で確定なし（細部は実装後確認）,枠内に残る可能性
マニューラ_寝顔4_おなかのうえ寝.webp,マニューラ/マニューラ_寝顔4_おなかのうえ寝.webp,0461,マニューラ,通常,4,おなかのうえ寝,IMG_1794.png,カビゴンは元画像に見える範囲のみ。再生ボタンの重なり部分は補描なし。,加工済み・実装後確認,再生ボタン残り：身体の欠損とは別,"(125, 1939, 482, 2218)",構図要確認,未照合,画像/マニューラ/マニューラ_寝顔4_おなかのうえ寝.webp,1857fa21862f33df45d9db91b80cdf725b809d8c986b54649d736ce8735bbff8,1727,846,0,寝顔中心・上下直線・左右16%曲線・枠外透過,700,一次一覧確認で確定なし（細部は実装後確認）,枠内に残る可能性
トゲキッス_寝顔2_たちはばたき寝.webp,トゲキッス/トゲキッス_寝顔2_たちはばたき寝.webp,0468,トゲキッス,通常,2,たちはばたき寝,IMG_1796.png,,加工済み・実装後確認,再生ボタン残り：身体の欠損とは別,"(165, 1048, 467, 1288)",撮り直し候補,未照合,画像/トゲキッス/トゲキッス_寝顔2_たちはばたき寝.webp,9c6147469b2786cc96b5b61a45b74c1804f7117afe1b6358950f413c3e8b8ee5,0,196,0,寝顔中心・上下直線・左右16%曲線・枠外透過,705,一次一覧確認で確定なし（細部は実装後確認）,枠内に残る可能性
リーフィア_寝顔1_しっぽをふる寝.webp,リーフィア/リーフィア_寝顔1_しっぽをふる寝.webp,0470,リーフィア,通常,1,しっぽをふる寝,IMG_1797.png,,加工済み・実装後確認,再生ボタン残り：身体の欠損とは別,"(148, 594, 468, 796)",撮り直し候補,未照合,画像/リーフィア/リーフィア_寝顔1_しっぽをふる寝.webp,7a6beb39bdfcbffc8edc3fbbac79362bee99919f93440382b49aed6f0ead17b5,0,101,0,寝顔中心・上下直線・左右16%曲線・枠外透過,707,一次一覧確認で確定なし（細部は実装後確認）,枠内に残る可能性
リーフィア_寝顔3_はっぱつかみ寝.webp,リーフィア/リーフィア_寝顔3_はっぱつかみ寝.webp,0470,リーフィア,通常,3,はっぱつかみ寝,IMG_1797.png,,加工済み・実装後確認,再生ボタン残り：身体の欠損とは別,"(152, 1507, 474, 1708)",撮り直し候補,未照合,画像/リーフィア/リーフィア_寝顔3_はっぱつかみ寝.webp,7a6beb39bdfcbffc8edc3fbbac79362bee99919f93440382b49aed6f0ead17b5,0,175,0,寝顔中心・上下直線・左右16%曲線・枠外透過,709,一次一覧確認で確定なし（細部は実装後確認）,枠内に残る可能性
グレイシア_寝顔3_ぺったり寝.webp,グレイシア/グレイシア_寝顔3_ぺったり寝.webp,0471,グレイシア,通常,3,ぺったり寝,IMG_1798.png,,加工済み・実装後確認,再生ボタン残り：身体の欠損とは別,"(148, 1356, 473, 1581)",撮り直し候補,未照合,画像/グレイシア/グレイシア_寝顔3_ぺったり寝.webp,37e06c46624eaf029f33eb1774b079b4099fb846bfc6577722b01dfe3ac5b486,0,220,0,寝顔中心・上下直線・左右16%曲線・枠外透過,712,一次一覧確認で確定なし（細部は実装後確認）,枠内に残る可能性
グレイシア_寝顔4_おなかのうえ寝.webp,グレイシア/グレイシア_寝顔4_おなかのうえ寝.webp,0471,グレイシア,通常,4,おなかのうえ寝,IMG_1798.png,カビゴンは元画像に見える範囲のみ。再生ボタンの重なり部分は補描なし。,加工済み・実装後確認,再生ボタン残り：身体の欠損とは別,"(105, 1789, 518, 2069)",構図要確認,未照合,画像/グレイシア/グレイシア_寝顔4_おなかのうえ寝.webp,37e06c46624eaf029f33eb1774b079b4099fb846bfc6577722b01dfe3ac5b486,165,1766,0,寝顔中心・上下直線・左右16%曲線・枠外透過,713,一次一覧確認で確定なし（細部は実装後確認）,枠内に残る可能性
エルレイド_寝顔3_ゆめでいあいぎり寝.webp,エルレイド/エルレイド_寝顔3_ゆめでいあいぎり寝.webp,0475,エルレイド,通常,3,ゆめでいあいぎり寝,IMG_1799.png,,加工済み・実装後確認,再生ボタン残り：身体の欠損とは別,"(130, 1443, 482, 1654)",撮り直し候補,未照合,画像/エルレイド/エルレイド_寝顔3_ゆめでいあいぎり寝.webp,21212d7d9362409d3fd46f45f83c18017fa738ff0d6e12b400cc284aa56606d0,0,447,0,寝顔中心・上下直線・左右16%曲線・枠外透過,716,一次一覧確認で確定なし（細部は実装後確認）,枠内に残る可能性
エルレイド_寝顔4_おなかのうえ寝.webp,エルレイド/エルレイド_寝顔4_おなかのうえ寝.webp,0475,エルレイド,通常,4,おなかのうえ寝,IMG_1799.png,カビゴンは元画像に見える範囲のみ。再生ボタンの重なり部分は補描なし。,加工済み・実装後確認,再生ボタン残り：身体の欠損とは別,"(95, 1861, 492, 2141)",構図要確認,未照合,画像/エルレイド/エルレイド_寝顔4_おなかのうえ寝.webp,21212d7d9362409d3fd46f45f83c18017fa738ff0d6e12b400cc284aa56606d0,1364,1146,0,寝顔中心・上下直線・左右16%曲線・枠外透過,717,一次一覧確認で確定なし（細部は実装後確認）,枠内に残る可能性
クレセリア_寝顔1_つっぷし寝.webp,クレセリア/クレセリア_寝顔1_つっぷし寝.webp,0488,クレセリア,通常,1,つっぷし寝,IMG_1800.png,,加工済み・実装後確認,再生ボタン残り：身体の欠損とは別,"(127, 797, 488, 1011)",撮り直し候補,未照合,画像/クレセリア/クレセリア_寝顔1_つっぷし寝.webp,ed380e0b5058dc9903a87d4002ec1fe2f5fff0f27a9118c50e85a40a5d264c4e,0,517,0,寝顔中心・上下直線・左右16%曲線・枠外透過,718,一次一覧確認で確定なし（細部は実装後確認）,枠内に残る可能性
ダークライ_寝顔1_ふゆううでぐみ寝.webp,ダークライ/ダークライ_寝顔1_ふゆううでぐみ寝.webp,0491,ダークライ,通常,1,ふゆううでぐみ寝,IMG_1801.png,,加工済み・実装後確認,再生ボタン残り：身体の欠損とは別,"(153, 616, 475, 885)",撮り直し候補,未照合,画像/ダークライ/ダークライ_寝顔1_ふゆううでぐみ寝.webp,67a8820747eeabb82f9f1dc87c0924a7f14fc6e4315f60ec67ea3dba7d091dc8,0,541,0,寝顔中心・上下直線・左右16%曲線・枠外透過,721,一次一覧確認で確定なし（細部は実装後確認）,枠内に残る可能性
イシズマイ_寝顔4_おなかのうえ寝.webp,イシズマイ/イシズマイ_寝顔4_おなかのうえ寝.webp,0557,イシズマイ,通常,4,おなかのうえ寝,IMG_1804.png,カビゴンは元画像に見える範囲のみ。再生ボタンの重なり部分は補描なし。,加工済み・実装後確認,再生ボタン残り：身体の欠損とは別,"(100, 1863, 523, 2142)",構図要確認,未照合,画像/イシズマイ/イシズマイ_寝顔4_おなかのうえ寝.webp,2556a8931f4b6723de9d20fc231591b5093f614a24098eedd358e7fc82a91f16,3070,1768,0,寝顔中心・上下直線・左右16%曲線・枠外透過,733,一次一覧確認で確定なし（細部は実装後確認）,枠内に残る可能性
ワシボン_寝顔4_おなかのうえ寝.webp,ワシボン/ワシボン_寝顔4_おなかのうえ寝.webp,0627,ワシボン,通常,4,おなかのうえ寝,IMG_1806.png,カビゴンは元画像に見える範囲のみ。再生ボタンの重なり部分は補描なし。,加工済み・実装後確認,再生ボタン残り：身体の欠損とは別,"(95, 1812, 525, 2091)",構図要確認,未照合,画像/ワシボン/ワシボン_寝顔4_おなかのうえ寝.webp,e8a8afe91a324a622eb57ed1c9d2e5706221545ec60dfb7fa117b91fa335e58e,2944,1768,0,寝顔中心・上下直線・左右16%曲線・枠外透過,740,一次一覧確認で確定なし（細部は実装後確認）,枠内に残る可能性
ウォーグル_寝顔2_はばたき寝.webp,ウォーグル/ウォーグル_寝顔2_はばたき寝.webp,0628,ウォーグル,通常,2,はばたき寝,IMG_1807.png,,加工済み・実装後確認,再生ボタン残り：身体の欠損とは別,"(95, 958, 525, 1230)",撮り直し候補,未照合,画像/ウォーグル/ウォーグル_寝顔2_はばたき寝.webp,352808e790c0cb25936c1db1b62510f3081fd674edeb62052a6b1b968b80f0d1,126,1768,0,寝顔中心・上下直線・左右16%曲線・枠外透過,742,一次一覧確認で確定なし（細部は実装後確認）,枠内に残る可能性
ウォーグル_寝顔3_はづくろい寝.webp,ウォーグル/ウォーグル_寝顔3_はづくろい寝.webp,0628,ウォーグル,通常,3,はづくろい寝,IMG_1807.png,,加工済み・実装後確認,再生ボタン残り：身体の欠損とは別,"(140, 1435, 462, 1683)",撮り直し候補,未照合,画像/ウォーグル/ウォーグル_寝顔3_はづくろい寝.webp,352808e790c0cb25936c1db1b62510f3081fd674edeb62052a6b1b968b80f0d1,0,139,0,寝顔中心・上下直線・左右16%曲線・枠外透過,743,一次一覧確認で確定なし（細部は実装後確認）,枠内に残る可能性
ウォーグル_寝顔4_おなかのうえ寝.webp,ウォーグル/ウォーグル_寝顔4_おなかのうえ寝.webp,0628,ウォーグル,通常,4,おなかのうえ寝,IMG_1807.png,カビゴンは元画像に見える範囲のみ。再生ボタンの重なり部分は補描なし。,加工済み・実装後確認,再生ボタン残り：身体の欠損とは別,"(95, 1873, 507, 2152)",構図要確認,未照合,画像/ウォーグル/ウォーグル_寝顔4_おなかのうえ寝.webp,352808e790c0cb25936c1db1b62510f3081fd674edeb62052a6b1b968b80f0d1,2693,1609,0,寝顔中心・上下直線・左右16%曲線・枠外透過,744,一次一覧確認で確定なし（細部は実装後確認）,枠内に残る可能性
チゴラス_寝顔3_かみつく寝.webp,チゴラス/チゴラス_寝顔3_かみつく寝.webp,0696,チゴラス,通常,3,かみつく寝,IMG_1808.png,,加工済み・実装後確認,再生ボタン残り：身体の欠損とは別,"(143, 1488, 483, 1693)",撮り直し候補,未照合,画像/チゴラス/チゴラス_寝顔3_かみつく寝.webp,258810bd08ca7748c631d5e9b0d9797569cfee56775b9d61340bca33b477d7ca,0,228,0,寝顔中心・上下直線・左右16%曲線・枠外透過,747,一次一覧確認で確定なし（細部は実装後確認）,枠内に残る可能性
チゴラス_寝顔4_おなかのうえ寝.webp,チゴラス/チゴラス_寝顔4_おなかのうえ寝.webp,0696,チゴラス,通常,4,おなかのうえ寝,IMG_1808.png,カビゴンは元画像に見える範囲のみ。再生ボタンの重なり部分は補描なし。,加工済み・実装後確認,再生ボタン残り：身体の欠損とは別,"(95, 1913, 525, 2192)",構図要確認,未照合,画像/チゴラス/チゴラス_寝顔4_おなかのうえ寝.webp,258810bd08ca7748c631d5e9b0d9797569cfee56775b9d61340bca33b477d7ca,2917,1768,0,寝顔中心・上下直線・左右16%曲線・枠外透過,748,一次一覧確認で確定なし（細部は実装後確認）,枠内に残る可能性
ガチゴラス_寝顔1_どっしり寝.webp,ガチゴラス/ガチゴラス_寝顔1_どっしり寝.webp,0697,ガチゴラス,通常,1,どっしり寝,IMG_1809.png,,加工済み・実装後確認,再生ボタン残り：身体の欠損とは別,"(131, 711, 493, 974)",撮り直し候補,未照合,画像/ガチゴラス/ガチゴラス_寝顔1_どっしり寝.webp,0691b760a1056336fa4e848bf8e6f64344c1d64115aaf21948691dc06b31b6f7,0,1033,0,寝顔中心・上下直線・左右16%曲線・枠外透過,749,一次一覧確認で確定なし（細部は実装後確認）,枠内に残る可能性
ガチゴラス_寝顔2_おおあくび寝.webp,ガチゴラス/ガチゴラス_寝顔2_おおあくび寝.webp,0697,ガチゴラス,通常,2,おおあくび寝,IMG_1809.png,,加工済み・実装後確認,再生ボタン残り：身体の欠損とは別,"(151, 1167, 487, 1446)",撮り直し候補,未照合,画像/ガチゴラス/ガチゴラス_寝顔2_おおあくび寝.webp,0691b760a1056336fa4e848bf8e6f64344c1d64115aaf21948691dc06b31b6f7,0,1050,0,寝顔中心・上下直線・左右16%曲線・枠外透過,750,一次一覧確認で確定なし（細部は実装後確認）,枠内に残る可能性
ガチゴラス_寝顔3_ほうこう寝.webp,ガチゴラス/ガチゴラス_寝顔3_ほうこう寝.webp,0697,ガチゴラス,通常,3,ほうこう寝,IMG_1809.png,,加工済み・実装後確認,再生ボタン残り：身体の欠損とは別,"(120, 1653, 500, 1868)",撮り直し候補,未照合,画像/ガチゴラス/ガチゴラス_寝顔3_ほうこう寝.webp,0691b760a1056336fa4e848bf8e6f64344c1d64115aaf21948691dc06b31b6f7,0,730,0,寝顔中心・上下直線・左右16%曲線・枠外透過,751,一次一覧確認で確定なし（細部は実装後確認）,枠内に残る可能性
ニンフィア_寝顔4_おなかのうえ寝.webp,ニンフィア/ニンフィア_寝顔4_おなかのうえ寝.webp,0700,ニンフィア,通常,4,おなかのうえ寝,IMG_1810.png,カビゴンは元画像に見える範囲のみ。再生ボタンの重なり部分は補描なし。,加工済み・実装後確認,再生ボタン残り：身体の欠損とは別,"(95, 1873, 525, 2152)",構図要確認,未照合,画像/ニンフィア/ニンフィア_寝顔4_おなかのうえ寝.webp,fdd4bb987ac51e7afed79ca8bf05d9eecfffcff0284db95bed565c5d0dbb2787,143,1768,0,寝顔中心・上下直線・左右16%曲線・枠外透過,755,一次一覧確認で確定なし（細部は実装後確認）,枠内に残る可能性
ルチャブル_寝顔3_きめポーズ寝.webp,ルチャブル/ルチャブル_寝顔3_きめポーズ寝.webp,0701,ルチャブル,通常,3,きめポーズ寝,IMG_1811.png,,加工済み・実装後確認,再生ボタン残り：身体の欠損とは別,"(119, 1391, 462, 1648)",撮り直し候補,未照合,画像/ルチャブル/ルチャブル_寝顔3_きめポーズ寝.webp,a85ef3f409ed794f60ff38faf917f1d9d4024984d3ec7c511f9a0708635fef05,0,124,0,寝顔中心・上下直線・左右16%曲線・枠外透過,758,一次一覧確認で確定なし（細部は実装後確認）,枠内に残る可能性
デデンネ_寝顔2_かおごしごし寝.webp,デデンネ/デデンネ_寝顔2_かおごしごし寝.webp,0702,デデンネ,通常,2,かおごしごし寝,IMG_1812.png,,加工済み・実装後確認,再生ボタン残り：身体の欠損とは別,"(165, 900, 472, 1154)",撮り直し候補,未照合,画像/デデンネ/デデンネ_寝顔2_かおごしごし寝.webp,4b8ba42ce3bc5258ddac04c5a6434809c245db8a359caab657f066041210178e,0,391,0,寝顔中心・上下直線・左右16%曲線・枠外透過,760,一次一覧確認で確定なし（細部は実装後確認）,枠内に残る可能性
デデンネ_寝顔3_ほっぺすりすり寝.webp,デデンネ/デデンネ_寝顔3_ほっぺすりすり寝.webp,0702,デデンネ,通常,3,ほっぺすりすり寝,IMG_1812.png,,加工済み・実装後確認,再生ボタン残り：身体の欠損とは別,"(161, 1372, 467, 1607)",撮り直し候補,未照合,画像/デデンネ/デデンネ_寝顔3_ほっぺすりすり寝.webp,4b8ba42ce3bc5258ddac04c5a6434809c245db8a359caab657f066041210178e,0,210,0,寝顔中心・上下直線・左右16%曲線・枠外透過,761,一次一覧確認で確定なし（細部は実装後確認）,枠内に残る可能性
デデンネ_寝顔4_おなかのうえ寝.webp,デデンネ/デデンネ_寝顔4_おなかのうえ寝.webp,0702,デデンネ,通常,4,おなかのうえ寝,IMG_1812.png,カビゴンは元画像に見える範囲のみ。再生ボタンの重なり部分は補描なし。,加工済み・実装後確認,再生ボタン残り：身体の欠損とは別,"(95, 1807, 525, 2086)",構図要確認,未照合,画像/デデンネ/デデンネ_寝顔4_おなかのうえ寝.webp,4b8ba42ce3bc5258ddac04c5a6434809c245db8a359caab657f066041210178e,3593,1768,0,寝顔中心・上下直線・左右16%曲線・枠外透過,762,一次一覧確認で確定なし（細部は実装後確認）,枠内に残る可能性
バケッチャ_寝顔4_おなかのうえ寝.webp,バケッチャ/バケッチャ_寝顔4_おなかのうえ寝.webp,0710,バケッチャ,通常,4,おなかのうえ寝,IMG_1813.png,カビゴンは元画像に見える範囲のみ。再生ボタンの重なり部分は補描なし。,加工済み・実装後確認,再生ボタン残り：身体の欠損とは別,"(95, 1848, 525, 2118)",構図要確認,未照合,画像/バケッチャ/バケッチャ_寝顔4_おなかのうえ寝.webp,9ff1ebb48f8a404644aaa8dea53f84030931770019abbffd7e3ecfe26dfc5d36,4902,1765,0,寝顔中心・上下直線・左右16%曲線・枠外透過,766,一次一覧確認で確定なし（細部は実装後確認）,枠内に残る可能性
パンプジン_寝顔2_うでひろげ寝.webp,パンプジン/パンプジン_寝顔2_うでひろげ寝.webp,0711,パンプジン,通常,2,うでひろげ寝,IMG_1814.png,,加工済み・実装後確認,再生ボタン残り：身体の欠損とは別,"(95, 936, 525, 1215)",撮り直し候補,未照合,画像/パンプジン/パンプジン_寝顔2_うでひろげ寝.webp,7eca93c1aedc75a14ff21e9c50fdc3747c85ca3857e176e109ce892e5a7fcdd5,126,1768,0,寝顔中心・上下直線・左右16%曲線・枠外透過,768,一次一覧確認で確定なし（細部は実装後確認）,枠内に残る可能性
オンバット_寝顔3_エコロケーション寝.webp,オンバット/オンバット_寝顔3_エコロケーション寝.webp,0714,オンバット,通常,3,エコロケーション寝,IMG_1815.png,,加工済み・実装後確認,再生ボタン残り：身体の欠損とは別,"(95, 1362, 525, 1637)",撮り直し候補,未照合,画像/オンバット/オンバット_寝顔3_エコロケーション寝.webp,cce376b4b408a150c1b115721b0a68456c6c97a81e0293904c0f7c1b5085b40a,126,1768,0,寝顔中心・上下直線・左右16%曲線・枠外透過,772,一次一覧確認で確定なし（細部は実装後確認）,枠内に残る可能性
オンバット_寝顔4_おなかのうえ寝.webp,オンバット/オンバット_寝顔4_おなかのうえ寝.webp,0714,オンバット,通常,4,おなかのうえ寝,IMG_1815.png,カビゴンは元画像に見える範囲のみ。再生ボタンの重なり部分は補描なし。,加工済み・実装後確認,再生ボタン残り：身体の欠損とは別,"(95, 1814, 525, 2094)",構図要確認,未照合,画像/オンバット/オンバット_寝顔4_おなかのうえ寝.webp,cce376b4b408a150c1b115721b0a68456c6c97a81e0293904c0f7c1b5085b40a,684,1768,0,寝顔中心・上下直線・左右16%曲線・枠外透過,773,一次一覧確認で確定なし（細部は実装後確認）,枠内に残る可能性
オンバーン_寝顔1_みみふるわせ寝.webp,オンバーン/オンバーン_寝顔1_みみふるわせ寝.webp,0715,オンバーン,通常,1,みみふるわせ寝,IMG_1816.png,,加工済み・実装後確認,再生ボタン残り：身体の欠損とは別,"(112, 469, 502, 699)",撮り直し候補,未照合,画像/オンバーン/オンバーン_寝顔1_みみふるわせ寝.webp,aed9715b9907bd8a15fbcdae981f5c969132226df87d398aa93b8d88fc3d4ef9,0,1033,0,寝顔中心・上下直線・左右16%曲線・枠外透過,774,一次一覧確認で確定なし（細部は実装後確認）,枠内に残る可能性
オンバーン_寝顔2_おおあくび寝.webp,オンバーン/オンバーン_寝顔2_おおあくび寝.webp,0715,オンバーン,通常,2,おおあくび寝,IMG_1816.png,,加工済み・実装後確認,再生ボタン残り：身体の欠損とは別,"(117, 923, 510, 1164)",撮り直し候補,未照合,画像/オンバーン/オンバーン_寝顔2_おおあくび寝.webp,aed9715b9907bd8a15fbcdae981f5c969132226df87d398aa93b8d88fc3d4ef9,0,1495,0,寝顔中心・上下直線・左右16%曲線・枠外透過,775,一次一覧確認で確定なし（細部は実装後確認）,枠内に残る可能性
オンバーン_寝顔3_ばくおんぱ寝.webp,オンバーン/オンバーン_寝顔3_ばくおんぱ寝.webp,0715,オンバーン,通常,3,ばくおんぱ寝,IMG_1816.png,,加工済み・実装後確認,再生ボタン残り：身体の欠損とは別,"(111, 1396, 513, 1612)",撮り直し候補,未照合,画像/オンバーン/オンバーン_寝顔3_ばくおんぱ寝.webp,aed9715b9907bd8a15fbcdae981f5c969132226df87d398aa93b8d88fc3d4ef9,0,1346,0,寝顔中心・上下直線・左右16%曲線・枠外透過,776,一次一覧確認で確定なし（細部は実装後確認）,枠内に残る可能性
オンバーン_寝顔4_おなかのうえ寝.webp,オンバーン/オンバーン_寝顔4_おなかのうえ寝.webp,0715,オンバーン,通常,4,おなかのうえ寝,IMG_1816.png,カビゴンは元画像に見える範囲のみ。再生ボタンの重なり部分は補描なし。,加工済み・実装後確認,再生ボタン残り：身体の欠損とは別,"(95, 1818, 525, 2097)",構図要確認,未照合,画像/オンバーン/オンバーン_寝顔4_おなかのうえ寝.webp,aed9715b9907bd8a15fbcdae981f5c969132226df87d398aa93b8d88fc3d4ef9,1573,1768,0,寝顔中心・上下直線・左右16%曲線・枠外透過,777,一次一覧確認で確定なし（細部は実装後確認）,枠内に残る可能性
アゴジムシ_寝顔4_おなかのうえ寝.webp,アゴジムシ/アゴジムシ_寝顔4_おなかのうえ寝.webp,0736,アゴジムシ,通常,4,おなかのうえ寝,IMG_1817.png,カビゴンは元画像に見える範囲のみ。再生ボタンの重なり部分は補描なし。,加工済み・実装後確認,再生ボタン残り：身体の欠損とは別,"(95, 1873, 525, 2152)",構図要確認,未照合,画像/アゴジムシ/アゴジムシ_寝顔4_おなかのうえ寝.webp,2133e90fecaaf0bcd64040d1fde265972efd0da68282955d9899f5b92347877c,3536,1768,0,寝顔中心・上下直線・左右16%曲線・枠外透過,781,一次一覧確認で確定なし（細部は実装後確認）,枠内に残る可能性
デンヂムシ_寝顔3_うまり寝.webp,デンヂムシ/デンヂムシ_寝顔3_うまり寝.webp,0737,デンヂムシ,通常,3,うまり寝,IMG_1818.png,,加工済み・実装後確認,再生ボタン残り：身体の欠損とは別,"(137, 1436, 470, 1653)",撮り直し候補,未照合,画像/デンヂムシ/デンヂムシ_寝顔3_うまり寝.webp,11c9b171a1dd995fbb1a3110143a3ba3638edfb2e0e0a69b75d36786accdb623,0,217,0,寝顔中心・上下直線・左右16%曲線・枠外透過,784,一次一覧確認で確定なし（細部は実装後確認）,枠内に残る可能性
デンヂムシ_寝顔4_おなかのうえ寝.webp,デンヂムシ/デンヂムシ_寝顔4_おなかのうえ寝.webp,0737,デンヂムシ,通常,4,おなかのうえ寝,IMG_1818.png,カビゴンは元画像に見える範囲のみ。再生ボタンの重なり部分は補描なし。,加工済み・実装後確認,再生ボタン残り：身体の欠損とは別,"(95, 1856, 525, 2136)",構図要確認,未照合,画像/デンヂムシ/デンヂムシ_寝顔4_おなかのうえ寝.webp,11c9b171a1dd995fbb1a3110143a3ba3638edfb2e0e0a69b75d36786accdb623,918,1768,0,寝顔中心・上下直線・左右16%曲線・枠外透過,785,一次一覧確認で確定なし（細部は実装後確認）,枠内に残る可能性
クワガノン_寝顔2_ホバリング寝.webp,クワガノン/クワガノン_寝顔2_ホバリング寝.webp,0738,クワガノン,通常,2,ホバリング寝,IMG_1819.png,,加工済み・実装後確認,再生ボタン残り：身体の欠損とは別,"(95, 942, 525, 1200)",撮り直し候補,未照合,画像/クワガノン/クワガノン_寝顔2_ホバリング寝.webp,8be74d5c4250cb1273fd7733fc4a2df472df4996f31474cf2e2a673ffff4b133,126,1679,0,寝顔中心・上下直線・左右16%曲線・枠外透過,787,一次一覧確認で確定なし（細部は実装後確認）,枠内に残る可能性
クワガノン_寝顔3_おなかはつでん寝.webp,クワガノン/クワガノン_寝顔3_おなかはつでん寝.webp,0738,クワガノン,通常,3,おなかはつでん寝,IMG_1819.png,,加工済み・実装後確認,再生ボタン残り：身体の欠損とは別,"(163, 1439, 467, 1667)",撮り直し候補,未照合,画像/クワガノン/クワガノン_寝顔3_おなかはつでん寝.webp,8be74d5c4250cb1273fd7733fc4a2df472df4996f31474cf2e2a673ffff4b133,0,360,0,寝顔中心・上下直線・左右16%曲線・枠外透過,788,一次一覧確認で確定なし（細部は実装後確認）,枠内に残る可能性
アブリボン_寝顔4_おなかのうえ寝.webp,アブリボン/アブリボン_寝顔4_おなかのうえ寝.webp,0743,アブリボン,通常,4,おなかのうえ寝,IMG_1821.png,カビゴンは元画像に見える範囲のみ。再生ボタンの重なり部分は補描なし。,加工済み・実装後確認,再生ボタン残り：身体の欠損とは別,"(95, 1839, 493, 2118)",構図要確認,未照合,画像/アブリボン/アブリボン_寝顔4_おなかのうえ寝.webp,6ff336d1e1b783920c876b543ae09f55c0349f7d5d565c7d02e8844c69e940d7,1632,1159,0,寝顔中心・上下直線・左右16%曲線・枠外透過,797,一次一覧確認で確定なし（細部は実装後確認）,枠内に残る可能性
ヌイコグマ_寝顔4_おなかのうえ寝.webp,ヌイコグマ/ヌイコグマ_寝顔4_おなかのうえ寝.webp,0759,ヌイコグマ,通常,4,おなかのうえ寝,IMG_1822.png,カビゴンは元画像に見える範囲のみ。再生ボタンの重なり部分は補描なし。,加工済み・実装後確認,再生ボタン残り：身体の欠損とは別,"(102, 1833, 518, 2112)",構図要確認,未照合,画像/ヌイコグマ/ヌイコグマ_寝顔4_おなかのうえ寝.webp,dc86d8e8c6210ce186b6671d0e3e36e5767f847262727fbf2b6bf6312f60e6ef,365,1767,0,寝顔中心・上下直線・左右16%曲線・枠外透過,801,一次一覧確認で確定なし（細部は実装後確認）,枠内に残る可能性
キテルグマ_寝顔3_まるただき寝.webp,キテルグマ/キテルグマ_寝顔3_まるただき寝.webp,0760,キテルグマ,通常,3,まるただき寝,IMG_1823.png,,加工済み・実装後確認,再生ボタン残り：身体の欠損とは別,"(153, 1457, 482, 1693)",撮り直し候補,未照合,画像/キテルグマ/キテルグマ_寝顔3_まるただき寝.webp,d97a5b357d03c7d70702663714dec4ad6d95c7f846b4a4267a34df98a19ed0bb,0,669,0,寝顔中心・上下直線・左右16%曲線・枠外透過,804,一次一覧確認で確定なし（細部は実装後確認）,枠内に残る可能性
キテルグマ_寝顔4_おなかのうえ寝.webp,キテルグマ/キテルグマ_寝顔4_おなかのうえ寝.webp,0760,キテルグマ,通常,4,おなかのうえ寝,IMG_1823.png,カビゴンは元画像に見える範囲のみ。再生ボタンの重なり部分は補描なし。,加工済み・実装後確認,再生ボタン残り：身体の欠損とは別,"(95, 1891, 525, 2171)",構図要確認,未照合,画像/キテルグマ/キテルグマ_寝顔4_おなかのうえ寝.webp,d97a5b357d03c7d70702663714dec4ad6d95c7f846b4a4267a34df98a19ed0bb,1620,1768,0,寝顔中心・上下直線・左右16%曲線・枠外透過,805,一次一覧確認で確定なし（細部は実装後確認）,枠内に残る可能性
キュワワー_寝顔4_おなかのうえ寝.webp,キュワワー/キュワワー_寝顔4_おなかのうえ寝.webp,0764,キュワワー,通常,4,おなかのうえ寝,IMG_1824.png,カビゴンは元画像に見える範囲のみ。再生ボタンの重なり部分は補描なし。,加工済み・実装後確認,再生ボタン残り：身体の欠損とは別,"(95, 1809, 525, 2089)",構図要確認,未照合,画像/キュワワー/キュワワー_寝顔4_おなかのうえ寝.webp,da2e5494a24ea33f2cafd1b71ce5a06f79b603b97b793ded903585060be0f0e3,3045,1768,0,寝顔中心・上下直線・左右16%曲線・枠外透過,809,一次一覧確認で確定なし（細部は実装後確認）,枠内に残る可能性
ミミッキュ_寝顔4_おなかのうえ寝.webp,ミミッキュ/ミミッキュ_寝顔4_おなかのうえ寝.webp,0778,ミミッキュ,通常,4,おなかのうえ寝,IMG_1826.jpeg,カビゴンは元画像に見える範囲のみ。再生ボタンの重なり部分は補描なし。,加工済み・実装後確認,再生ボタン残り：身体の欠損とは別,"(57, 1136, 316, 1304)",構図要確認,未照合,画像/ミミッキュ/ミミッキュ_寝顔4_おなかのうえ寝.webp,086e1dcfaced08fce341bce082a79a2698a5b3d2755b97f0f1540c897e112146,2258,1768,0,寝顔中心・上下直線・左右16%曲線・枠外透過,816,一次一覧確認で確定なし（細部は実装後確認）,枠内に残る可能性
ジジーロン_寝顔2_くねく寝.webp,ジジーロン/ジジーロン_寝顔2_くねく寝.webp,0780,ジジーロン,通常,2,くねく寝,IMG_1827.png,,加工済み・実装後確認,再生ボタン残り：身体の欠損とは別,"(137, 1019, 468, 1275)",撮り直し候補,未照合,画像/ジジーロン/ジジーロン_寝顔2_くねく寝.webp,313dd9388199657df932ddcb5f7b13fc68f158dff2e8463f40a494da91b27f15,0,304,0,寝顔中心・上下直線・左右16%曲線・枠外透過,818,一次一覧確認で確定なし（細部は実装後確認）,枠内に残る可能性
ジジーロン_寝顔4_おなかのうえ寝.webp,ジジーロン/ジジーロン_寝顔4_おなかのうえ寝.webp,0780,ジジーロン,通常,4,おなかのうえ寝,IMG_1827.png,カビゴンは元画像に見える範囲のみ。再生ボタンの重なり部分は補描なし。,加工済み・実装後確認,再生ボタン残り：身体の欠損とは別,"(95, 1921, 525, 2201)",構図要確認,未照合,画像/ジジーロン/ジジーロン_寝顔4_おなかのうえ寝.webp,313dd9388199657df932ddcb5f7b13fc68f158dff2e8463f40a494da91b27f15,1598,1768,0,寝顔中心・上下直線・左右16%曲線・枠外透過,820,一次一覧確認で確定なし（細部は実装後確認）,枠内に残る可能性
ウッウ_寝顔1_はづくろい寝.webp,ウッウ/ウッウ_寝顔1_はづくろい寝.webp,0845,ウッウ,通常,1,はづくろい寝,IMG_1828.png,,加工済み・実装後確認,再生ボタン残り：身体の欠損とは別,"(126, 495, 480, 701)",撮り直し候補,未照合,画像/ウッウ/ウッウ_寝顔1_はづくろい寝.webp,6689227114cbf1f5e56cea0b31f580661a729fa93985a72e1bb7257c0da0a329,0,315,0,寝顔中心・上下直線・左右16%曲線・枠外透過,821,一次一覧確認で確定なし（細部は実装後確認）,枠内に残る可能性
ウッウ_寝顔3_まるのみ寝.webp,ウッウ/ウッウ_寝顔3_まるのみ寝.webp,0845,ウッウ,通常,3,まるのみ寝,IMG_1828.png,,加工済み・実装後確認,再生ボタン残り：身体の欠損とは別,"(120, 1391, 475, 1618)",撮り直し候補,未照合,画像/ウッウ/ウッウ_寝顔3_まるのみ寝.webp,6689227114cbf1f5e56cea0b31f580661a729fa93985a72e1bb7257c0da0a329,0,228,0,寝顔中心・上下直線・左右16%曲線・枠外透過,823,一次一覧確認で確定なし（細部は実装後確認）,枠内に残る可能性
ウッウ_寝顔4_おなかのうえ寝.webp,ウッウ/ウッウ_寝顔4_おなかのうえ寝.webp,0845,ウッウ,通常,4,おなかのうえ寝,IMG_1828.png,カビゴンは元画像に見える範囲のみ。再生ボタンの重なり部分は補描なし。,加工済み・実装後確認,再生ボタン残り：身体の欠損とは別,"(95, 1825, 525, 2105)",構図要確認,未照合,画像/ウッウ/ウッウ_寝顔4_おなかのうえ寝.webp,6689227114cbf1f5e56cea0b31f580661a729fa93985a72e1bb7257c0da0a329,3390,1768,0,寝顔中心・上下直線・左右16%曲線・枠外透過,824,一次一覧確認で確定なし（細部は実装後確認）,枠内に残る可能性
リオル_寝顔4_おなかのうえ寝.webp,リオル/リオル_寝顔4_おなかのうえ寝.webp,0447,リオル,通常,4,おなかのうえ寝,IMG_1829.png,カビゴンは元画像に見える範囲のみ。再生ボタンの重なり部分は補描なし。,加工済み・実装後確認,再生ボタン残り：身体の欠損とは別,"(95, 1840, 513, 2120)",構図要確認,未照合,画像/リオル/リオル_寝顔4_おなかのうえ寝.webp,25befc5b09b46baaed04451d531a12d1576f928385d0023472b5181a1f6c2e15,852,1725,0,寝顔中心・上下直線・左右16%曲線・枠外透過,828,一次一覧確認で確定なし（細部は実装後確認）,枠内に残る可能性
エレズン_寝顔4_おなかのうえ寝.webp,エレズン/エレズン_寝顔4_おなかのうえ寝.webp,0848,エレズン,通常,4,おなかのうえ寝,IMG_1830.png,カビゴンは元画像に見える範囲のみ。再生ボタンの重なり部分は補描なし。,加工済み・実装後確認,再生ボタン残り：身体の欠損とは別,"(95, 1879, 525, 2158)",構図要確認,未照合,画像/エレズン/エレズン_寝顔4_おなかのうえ寝.webp,a8899be57ca7f0f3c94cf5bc4d98b6358fcb46d46c565b79ebfdd7392baf9b82,3938,1768,0,寝顔中心・上下直線・左右16%曲線・枠外透過,832,一次一覧確認で確定なし（細部は実装後確認）,枠内に残る可能性
ストリンダー_ハイ_寝顔3_ゆめでギター寝.webp,ストリンダー_ハイ/ストリンダー_ハイ_寝顔3_ゆめでギター寝.webp,0849,ストリンダー,ハイ,3,ゆめでギター寝,IMG_1831.png,,加工済み・実装後確認,再生ボタン残り：身体の欠損とは別,"(117, 1365, 503, 1597)",撮り直し候補,未照合,画像/ストリンダー_ハイ/ストリンダー_ハイ_寝顔3_ゆめでギター寝.webp,32c096c9bb8d99b8a4f4a725dfa4a9fbd21eff8cbca40484d348ab923cb11eb2,0,965,0,寝顔中心・上下直線・左右16%曲線・枠外透過,835,一次一覧確認で確定なし（細部は実装後確認）,枠内に残る可能性
ストリンダー_ハイ_寝顔4_おなかのうえ寝.webp,ストリンダー_ハイ/ストリンダー_ハイ_寝顔4_おなかのうえ寝.webp,0849,ストリンダー,ハイ,4,おなかのうえ寝,IMG_1831.png,カビゴンは元画像に見える範囲のみ。再生ボタンの重なり部分は補描なし。,加工済み・実装後確認,再生ボタン残り：身体の欠損とは別,"(95, 1805, 499, 2085)",構図要確認,未照合,画像/ストリンダー_ハイ/ストリンダー_ハイ_寝顔4_おなかのうえ寝.webp,32c096c9bb8d99b8a4f4a725dfa4a9fbd21eff8cbca40484d348ab923cb11eb2,2661,1359,0,寝顔中心・上下直線・左右16%曲線・枠外透過,836,一次一覧確認で確定なし（細部は実装後確認）,枠内に残る可能性
ストリンダー_ロー_寝顔3_ぐうたら寝.webp,ストリンダー_ロー/ストリンダー_ロー_寝顔3_ぐうたら寝.webp,0849,ストリンダー,ロー,3,ぐうたら寝,IMG_1832.png,,加工済み・実装後確認,再生ボタン残り：身体の欠損とは別,"(130, 1424, 493, 1652)",撮り直し候補,未照合,画像/ストリンダー_ロー/ストリンダー_ロー_寝顔3_ぐうたら寝.webp,9c7f1ace16460216b98002a24cd78bf5fcfc5953ac64708f3e59b8fa26069ba5,0,301,0,寝顔中心・上下直線・左右16%曲線・枠外透過,839,一次一覧確認で確定なし（細部は実装後確認）,枠内に残る可能性
ニャローテ_寝顔4_おなかのうえ寝.webp,ニャローテ/ニャローテ_寝顔4_おなかのうえ寝.webp,0907,ニャローテ,通常,4,おなかのうえ寝,IMG_1834.png,カビゴンは元画像に見える範囲のみ。再生ボタンの重なり部分は補描なし。,加工済み・実装後確認,再生ボタン残り：身体の欠損とは別,"(95, 1936, 525, 2216)",構図要確認,未照合,画像/ニャローテ/ニャローテ_寝顔4_おなかのうえ寝.webp,3b755bf62c3af731921540a4671b7825833958f7eb0cced474e6daaf81044615,2394,1768,0,寝顔中心・上下直線・左右16%曲線・枠外透過,847,一次一覧確認で確定なし（細部は実装後確認）,枠内に残る可能性
ホゲータ_寝顔4_おなかのうえ寝.webp,ホゲータ/ホゲータ_寝顔4_おなかのうえ寝.webp,0909,ホゲータ,通常,4,おなかのうえ寝,IMG_1836.png,カビゴンは元画像に見える範囲のみ。再生ボタンの重なり部分は補描なし。,加工済み・実装後確認,再生ボタン残り：身体の欠損とは別,"(95, 1841, 525, 2121)",構図要確認,未照合,画像/ホゲータ/ホゲータ_寝顔4_おなかのうえ寝.webp,bd3519bddd272027a983a7fb14799d6ca09ac5b545e3b5a49c40970254769e61,224,1768,0,寝顔中心・上下直線・左右16%曲線・枠外透過,855,一次一覧確認で確定なし（細部は実装後確認）,枠内に残る可能性
アチゲータ_寝顔1_はんきゅう寝.webp,アチゲータ/アチゲータ_寝顔1_はんきゅう寝.webp,0910,アチゲータ,通常,1,はんきゅう寝,IMG_1837.png,,加工済み・実装後確認,再生ボタン残り：身体の欠損とは別,"(173, 513, 464, 729)",撮り直し候補,未照合,画像/アチゲータ/アチゲータ_寝顔1_はんきゅう寝.webp,31e263b329df65dcf95287d259cdadfc34584bc24a10c8bfa20c903c932610ed,0,155,0,寝顔中心・上下直線・左右16%曲線・枠外透過,856,一次一覧確認で確定なし（細部は実装後確認）,枠内に残る可能性
アチゲータ_寝顔3_ひだまかかえ寝.webp,アチゲータ/アチゲータ_寝顔3_ひだまかかえ寝.webp,0910,アチゲータ,通常,3,ひだまかかえ寝,IMG_1837.png,,加工済み・実装後確認,再生ボタン残り：身体の欠損とは別,"(146, 1417, 467, 1651)",撮り直し候補,未照合,画像/アチゲータ/アチゲータ_寝顔3_ひだまかかえ寝.webp,31e263b329df65dcf95287d259cdadfc34584bc24a10c8bfa20c903c932610ed,0,261,0,寝顔中心・上下直線・左右16%曲線・枠外透過,858,一次一覧確認で確定なし（細部は実装後確認）,枠内に残る可能性
アチゲータ_寝顔4_おなかのうえ寝.webp,アチゲータ/アチゲータ_寝顔4_おなかのうえ寝.webp,0910,アチゲータ,通常,4,おなかのうえ寝,IMG_1837.png,カビゴンは元画像に見える範囲のみ。再生ボタンの重なり部分は補描なし。,加工済み・実装後確認,再生ボタン残り：身体の欠損とは別,"(95, 1844, 525, 2123)",構図要確認,未照合,画像/アチゲータ/アチゲータ_寝顔4_おなかのうえ寝.webp,31e263b329df65dcf95287d259cdadfc34584bc24a10c8bfa20c903c932610ed,1835,1768,0,寝顔中心・上下直線・左右16%曲線・枠外透過,859,一次一覧確認で確定なし（細部は実装後確認）,枠内に残る可能性
ラウドボーン_寝顔1_はんきゅう寝.webp,ラウドボーン/ラウドボーン_寝顔1_はんきゅう寝.webp,0911,ラウドボーン,通常,1,はんきゅう寝,IMG_1838.png,,加工済み・実装後確認,再生ボタン残り：身体の欠損とは別,"(121, 455, 503, 677)",撮り直し候補,未照合,画像/ラウドボーン/ラウドボーン_寝顔1_はんきゅう寝.webp,3fd6aa8b2ac2df73c61ff362392c15fd32b78f02bc078c0d0f429b8b60a87f7f,0,1077,0,寝顔中心・上下直線・左右16%曲線・枠外透過,860,一次一覧確認で確定なし（細部は実装後確認）,枠内に残る可能性
ラウドボーン_寝顔2_ふんばり寝.webp,ラウドボーン/ラウドボーン_寝顔2_ふんばり寝.webp,0911,ラウドボーン,通常,2,ふんばり寝,IMG_1838.png,,加工済み・実装後確認,再生ボタン残り：身体の欠損とは別,"(145, 882, 482, 1148)",撮り直し候補,未照合,画像/ラウドボーン/ラウドボーン_寝顔2_ふんばり寝.webp,3fd6aa8b2ac2df73c61ff362392c15fd32b78f02bc078c0d0f429b8b60a87f7f,0,731,0,寝顔中心・上下直線・左右16%曲線・枠外透過,861,一次一覧確認で確定なし（細部は実装後確認）,枠内に残る可能性
ラウドボーン_寝顔3_なかよし寝.webp,ラウドボーン/ラウドボーン_寝顔3_なかよし寝.webp,0911,ラウドボーン,通常,3,なかよし寝,IMG_1838.png,,加工済み・実装後確認,再生ボタン残り：身体の欠損とは別,"(117, 1379, 514, 1598)",撮り直し候補,未照合,画像/ラウドボーン/ラウドボーン_寝顔3_なかよし寝.webp,3fd6aa8b2ac2df73c61ff362392c15fd32b78f02bc078c0d0f429b8b60a87f7f,0,1622,0,寝顔中心・上下直線・左右16%曲線・枠外透過,862,一次一覧確認で確定なし（細部は実装後確認）,枠内に残る可能性
ラウドボーン_寝顔4_おなかのうえ寝.webp,ラウドボーン/ラウドボーン_寝顔4_おなかのうえ寝.webp,0911,ラウドボーン,通常,4,おなかのうえ寝,IMG_1838.png,カビゴンは元画像に見える範囲のみ。再生ボタンの重なり部分は補描なし。,加工済み・実装後確認,再生ボタン残り：身体の欠損とは別,"(95, 1797, 525, 2076)",構図要確認,未照合,画像/ラウドボーン/ラウドボーン_寝顔4_おなかのうえ寝.webp,3fd6aa8b2ac2df73c61ff362392c15fd32b78f02bc078c0d0f429b8b60a87f7f,1475,1768,0,寝顔中心・上下直線・左右16%曲線・枠外透過,863,一次一覧確認で確定なし（細部は実装後確認）,枠内に残る可能性
クワッス_寝顔4_おなかのうえ寝.webp,クワッス/クワッス_寝顔4_おなかのうえ寝.webp,0912,クワッス,通常,4,おなかのうえ寝,IMG_1839.png,カビゴンは元画像に見える範囲のみ。再生ボタンの重なり部分は補描なし。,加工済み・実装後確認,再生ボタン残り：身体の欠損とは別,"(95, 1888, 493, 2167)",構図要確認,未照合,画像/クワッス/クワッス_寝顔4_おなかのうえ寝.webp,088fadc5b12a1ff2d596a27be6db49181d8eafa30382aecbca758f9e841bfa5c,1077,1162,0,寝顔中心・上下直線・左右16%曲線・枠外透過,867,一次一覧確認で確定なし（細部は実装後確認）,枠内に残る可能性
ウェルカモ_寝顔2_かみととのえ寝.webp,ウェルカモ/ウェルカモ_寝顔2_かみととのえ寝.webp,0913,ウェルカモ,通常,2,かみととのえ寝,IMG_1840.png,,加工済み・実装後確認,再生ボタン残り：身体の欠損とは別,"(95, 877, 525, 1148)",撮り直し候補,未照合,画像/ウェルカモ/ウェルカモ_寝顔2_かみととのえ寝.webp,f9de7eadad02203ea79661cdffb7aa1497ce497017ff5709214057f84f50eaa8,126,1767,0,寝顔中心・上下直線・左右16%曲線・枠外透過,869,一次一覧確認で確定なし（細部は実装後確認）,枠内に残る可能性
ウェルカモ_寝顔3_みだれがみ寝.webp,ウェルカモ/ウェルカモ_寝顔3_みだれがみ寝.webp,0913,ウェルカモ,通常,3,みだれがみ寝,IMG_1840.png,,加工済み・実装後確認,再生ボタン残り：身体の欠損とは別,"(140, 1377, 465, 1589)",撮り直し候補,未照合,画像/ウェルカモ/ウェルカモ_寝顔3_みだれがみ寝.webp,f9de7eadad02203ea79661cdffb7aa1497ce497017ff5709214057f84f50eaa8,0,118,0,寝顔中心・上下直線・左右16%曲線・枠外透過,870,一次一覧確認で確定なし（細部は実装後確認）,枠内に残る可能性
ウェルカモ_寝顔4_おなかのうえ寝.webp,ウェルカモ/ウェルカモ_寝顔4_おなかのうえ寝.webp,0913,ウェルカモ,通常,4,おなかのうえ寝,IMG_1840.png,カビゴンは元画像に見える範囲のみ。再生ボタンの重なり部分は補描なし。,加工済み・実装後確認,再生ボタン残り：身体の欠損とは別,"(95, 1792, 525, 2071)",構図要確認,未照合,画像/ウェルカモ/ウェルカモ_寝顔4_おなかのうえ寝.webp,f9de7eadad02203ea79661cdffb7aa1497ce497017ff5709214057f84f50eaa8,3749,1768,0,寝顔中心・上下直線・左右16%曲線・枠外透過,871,一次一覧確認で確定なし（細部は実装後確認）,枠内に残る可能性
ウェーニバル_寝顔1_かたひざたて寝.webp,ウェーニバル/ウェーニバル_寝顔1_かたひざたて寝.webp,0914,ウェーニバル,通常,1,かたひざたて寝,IMG_1841.jpeg,,加工済み・実装後確認,再生ボタン残り：身体の欠損とは別,"(57, 295, 316, 463)",撮り直し候補,未照合,画像/ウェーニバル/ウェーニバル_寝顔1_かたひざたて寝.webp,cbbab7e210889fe445bf1c621a8e8c10b1ca2493c92a1ebcbea0ecf9111b92d1,118,1768,0,寝顔中心・上下直線・左右16%曲線・枠外透過,872,一次一覧確認で確定なし（細部は実装後確認）,枠内に残る可能性
ウェーニバル_寝顔2_きめポーズ寝.webp,ウェーニバル/ウェーニバル_寝顔2_きめポーズ寝.webp,0914,ウェーニバル,通常,2,きめポーズ寝,IMG_1841.jpeg,,加工済み・実装後確認,再生ボタン残り：身体の欠損とは別,"(57, 569, 316, 738)",撮り直し候補,未照合,画像/ウェーニバル/ウェーニバル_寝顔2_きめポーズ寝.webp,cbbab7e210889fe445bf1c621a8e8c10b1ca2493c92a1ebcbea0ecf9111b92d1,127,1768,0,寝顔中心・上下直線・左右16%曲線・枠外透過,873,一次一覧確認で確定なし（細部は実装後確認）,枠内に残る可能性
ウェーニバル_寝顔3_ゆめでダンス寝.webp,ウェーニバル/ウェーニバル_寝顔3_ゆめでダンス寝.webp,0914,ウェーニバル,通常,3,ゆめでダンス寝,IMG_1841.jpeg,,加工済み・実装後確認,再生ボタン残り：身体の欠損とは別,"(77, 856, 302, 998)",撮り直し候補,未照合,画像/ウェーニバル/ウェーニバル_寝顔3_ゆめでダンス寝.webp,cbbab7e210889fe445bf1c621a8e8c10b1ca2493c92a1ebcbea0ecf9111b92d1,0,1174,0,寝顔中心・上下直線・左右16%曲線・枠外透過,874,一次一覧確認で確定なし（細部は実装後確認）,枠内に残る可能性
ウェーニバル_寝顔4_おなかのうえ寝.webp,ウェーニバル/ウェーニバル_寝顔4_おなかのうえ寝.webp,0914,ウェーニバル,通常,4,おなかのうえ寝,IMG_1841.jpeg,カビゴンは元画像に見える範囲のみ。再生ボタンの重なり部分は補描なし。,加工済み・実装後確認,再生ボタン残り：身体の欠損とは別,"(57, 1119, 316, 1287)",構図要確認,未照合,画像/ウェーニバル/ウェーニバル_寝顔4_おなかのうえ寝.webp,cbbab7e210889fe445bf1c621a8e8c10b1ca2493c92a1ebcbea0ecf9111b92d1,650,1768,0,寝顔中心・上下直線・左右16%曲線・枠外透過,875,一次一覧確認で確定なし（細部は実装後確認）,枠内に残る可能性
パモット_寝顔4_おなかのうえ寝.webp,パモット/パモット_寝顔4_おなかのうえ寝.webp,0922,パモット,通常,4,おなかのうえ寝,IMG_1843.png,カビゴンは元画像に見える範囲のみ。再生ボタンの重なり部分は補描なし。,加工済み・実装後確認,再生ボタン残り：身体の欠損とは別,"(95, 1860, 525, 2140)",構図要確認,未照合,画像/パモット/パモット_寝顔4_おなかのうえ寝.webp,c1804a540aedef06b4958d34a28c9dd45d30c97acf49388eb729e990420a3f55,3849,1768,0,寝顔中心・上下直線・左右16%曲線・枠外透過,882,一次一覧確認で確定なし（細部は実装後確認）,枠内に残る可能性
パーモット_寝顔2_ゆめでてあて寝.webp,パーモット/パーモット_寝顔2_ゆめでてあて寝.webp,0923,パーモット,通常,2,ゆめでてあて寝,IMG_1844.png,,加工済み・実装後確認,再生ボタン残り：身体の欠損とは別,"(95, 983, 525, 1256)",撮り直し候補,未照合,画像/パーモット/パーモット_寝顔2_ゆめでてあて寝.webp,affdede8a7301edc493863da9a9d4b041009b9343b71ab356404d0e9e1cec4c8,126,1768,0,寝顔中心・上下直線・左右16%曲線・枠外透過,884,一次一覧確認で確定なし（細部は実装後確認）,枠内に残る可能性
パーモット_寝顔4_おなかのうえ寝.webp,パーモット/パーモット_寝顔4_おなかのうえ寝.webp,0923,パーモット,通常,4,おなかのうえ寝,IMG_1844.png,カビゴンは元画像に見える範囲のみ。再生ボタンの重なり部分は補描なし。,加工済み・実装後確認,再生ボタン残り：身体の欠損とは別,"(95, 1898, 525, 2177)",構図要確認,未照合,画像/パーモット/パーモット_寝顔4_おなかのうえ寝.webp,affdede8a7301edc493863da9a9d4b041009b9343b71ab356404d0e9e1cec4c8,4101,1768,0,寝顔中心・上下直線・左右16%曲線・枠外透過,886,一次一覧確認で確定なし（細部は実装後確認）,枠内に残る可能性
カヌチャン_寝顔4_おなかのうえ寝.webp,カヌチャン/カヌチャン_寝顔4_おなかのうえ寝.webp,0957,カヌチャン,通常,4,おなかのうえ寝,IMG_1845.png,カビゴンは元画像に見える範囲のみ。再生ボタンの重なり部分は補描なし。,加工済み・実装後確認,再生ボタン残り：身体の欠損とは別,"(95, 1901, 525, 2181)",構図要確認,未照合,画像/カヌチャン/カヌチャン_寝顔4_おなかのうえ寝.webp,e009812517672cd16396f4f15bdb4c94fda096f39656aff287c692a0760152f3,603,1768,0,寝顔中心・上下直線・左右16%曲線・枠外透過,890,一次一覧確認で確定なし（細部は実装後確認）,枠内に残る可能性
ナカヌチャン_寝顔1_ほおづえ寝.webp,ナカヌチャン/ナカヌチャン_寝顔1_ほおづえ寝.webp,0958,ナカヌチャン,通常,1,ほおづえ寝,IMG_1846.png,,加工済み・実装後確認,再生ボタン残り：身体の欠損とは別,"(130, 480, 462, 742)",撮り直し候補,未照合,画像/ナカヌチャン/ナカヌチャン_寝顔1_ほおづえ寝.webp,28636e1e0cbfbdb488002efe4c7c66b286edacc7884d574e366ba82ea8d9eed2,0,127,0,寝顔中心・上下直線・左右16%曲線・枠外透過,891,一次一覧確認で確定なし（細部は実装後確認）,枠内に残る可能性
ナカヌチャン_寝顔3_ハンマーまくら寝.webp,ナカヌチャン/ナカヌチャン_寝顔3_ハンマーまくら寝.webp,0958,ナカヌチャン,通常,3,ハンマーまくら寝,IMG_1846.png,,加工済み・実装後確認,再生ボタン残り：身体の欠損とは別,"(105, 1392, 498, 1659)",撮り直し候補,未照合,画像/ナカヌチャン/ナカヌチャン_寝顔3_ハンマーまくら寝.webp,28636e1e0cbfbdb488002efe4c7c66b286edacc7884d574e366ba82ea8d9eed2,0,1266,0,寝顔中心・上下直線・左右16%曲線・枠外透過,893,一次一覧確認で確定なし（細部は実装後確認）,枠内に残る可能性
デカヌチャン_寝顔1_ハンマーのうえ寝.webp,デカヌチャン/デカヌチャン_寝顔1_ハンマーのうえ寝.webp,0959,デカヌチャン,通常,1,ハンマーのうえ寝,IMG_1847.png,,加工済み・実装後確認,再生ボタン残り：身体の欠損とは別,"(102, 716, 492, 974)",撮り直し候補,未照合,画像/デカヌチャン/デカヌチャン_寝顔1_ハンマーのうえ寝.webp,42d3a3bd75ef802a312b0c8dcc8b71d83df42ec8be8027c463b45b45650152a7,0,955,0,寝顔中心・上下直線・左右16%曲線・枠外透過,895,一次一覧確認で確定なし（細部は実装後確認）,枠内に残る可能性
デカヌチャン_寝顔3_ハンマーだきつき寝.webp,デカヌチャン/デカヌチャン_寝顔3_ハンマーだきつき寝.webp,0959,デカヌチャン,通常,3,ハンマーだきつき寝,IMG_1847.png,,加工済み・実装後確認,再生ボタン残り：身体の欠損とは別,"(117, 1632, 482, 1891)",撮り直し候補,未照合,画像/デカヌチャン/デカヌチャン_寝顔3_ハンマーだきつき寝.webp,42d3a3bd75ef802a312b0c8dcc8b71d83df42ec8be8027c463b45b45650152a7,0,706,0,寝顔中心・上下直線・左右16%曲線・枠外透過,897,一次一覧確認で確定なし（細部は実装後確認）,枠内に残る可能性
アルクジラ_寝顔1_ばんざい寝.webp,アルクジラ/アルクジラ_寝顔1_ばんざい寝.webp,0974,アルクジラ,通常,1,ばんざい寝,IMG_1848.png,,加工済み・実装後確認,再生ボタン残り：身体の欠損とは別,"(177, 467, 475, 715)",撮り直し候補,未照合,画像/アルクジラ/アルクジラ_寝顔1_ばんざい寝.webp,19145164b025ac1d3847a22be0a8b1a98f1662510b0b9bf5214fbd4730bcbdf9,0,654,0,寝顔中心・上下直線・左右16%曲線・枠外透過,898,一次一覧確認で確定なし（細部は実装後確認）,枠内に残る可能性
アルクジラ_寝顔2_よたよた寝.webp,アルクジラ/アルクジラ_寝顔2_よたよた寝.webp,0974,アルクジラ,通常,2,よたよた寝,IMG_1848.png,,加工済み・実装後確認,再生ボタン残り：身体の欠損とは別,"(132, 917, 462, 1173)",撮り直し候補,未照合,画像/アルクジラ/アルクジラ_寝顔2_よたよた寝.webp,19145164b025ac1d3847a22be0a8b1a98f1662510b0b9bf5214fbd4730bcbdf9,0,169,0,寝顔中心・上下直線・左右16%曲線・枠外透過,899,一次一覧確認で確定なし（細部は実装後確認）,枠内に残る可能性
アルクジラ_寝顔3_ぐずり寝.webp,アルクジラ/アルクジラ_寝顔3_ぐずり寝.webp,0974,アルクジラ,通常,3,ぐずり寝,IMG_1848.png,,加工済み・実装後確認,再生ボタン残り：身体の欠損とは別,"(127, 1384, 477, 1627)",撮り直し候補,未照合,画像/アルクジラ/アルクジラ_寝顔3_ぐずり寝.webp,19145164b025ac1d3847a22be0a8b1a98f1662510b0b9bf5214fbd4730bcbdf9,0,609,0,寝顔中心・上下直線・左右16%曲線・枠外透過,900,一次一覧確認で確定なし（細部は実装後確認）,枠内に残る可能性
ハルクジラ_寝顔1_ゆめですべり寝.webp,ハルクジラ/ハルクジラ_寝顔1_ゆめですべり寝.webp,0975,ハルクジラ,通常,1,ゆめですべり寝,IMG_1849.png,,加工済み・実装後確認,再生ボタン残り：身体の欠損とは別,"(112, 712, 514, 983)",撮り直し候補,未照合,画像/ハルクジラ/ハルクジラ_寝顔1_ゆめですべり寝.webp,5846fb550f27a8dc157d0037eeb3dc91aca69675ba1c53617b617fe36475db6b,0,1719,0,寝顔中心・上下直線・左右16%曲線・枠外透過,901,一次一覧確認で確定なし（細部は実装後確認）,枠内に残る可能性
ハルクジラ_寝顔3_エコロケーション寝.webp,ハルクジラ/ハルクジラ_寝顔3_エコロケーション寝.webp,0975,ハルクジラ,通常,3,エコロケーション寝,IMG_1849.png,,加工済み・実装後確認,再生ボタン残り：身体の欠損とは別,"(131, 1629, 513, 1903)",撮り直し候補,未照合,画像/ハルクジラ/ハルクジラ_寝顔3_エコロケーション寝.webp,5846fb550f27a8dc157d0037eeb3dc91aca69675ba1c53617b617fe36475db6b,0,1752,0,寝顔中心・上下直線・左右16%曲線・枠外透過,902,一次一覧確認で確定なし（細部は実装後確認）,枠内に残る可能性
ドオー_寝顔3_どろにうまり寝.webp,ドオー/ドオー_寝顔3_どろにうまり寝.webp,0980,ドオー,通常,3,どろにうまり寝,IMG_1850.png,,加工済み・実装後確認,再生ボタン残り：身体の欠損とは別,"(95, 1380, 525, 1659)",撮り直し候補,未照合,画像/ドオー/ドオー_寝顔3_どろにうまり寝.webp,10bd95f491e90715b78b70a97547eccd443816c9ff93cdf868d409defb05953f,126,1768,0,寝顔中心・上下直線・左右16%曲線・枠外透過,905,一次一覧確認で確定なし（細部は実装後確認）,枠内に残る可能性
ドオー_寝顔4_おなかのうえ寝.webp,ドオー/ドオー_寝顔4_おなかのうえ寝.webp,0980,ドオー,通常,4,おなかのうえ寝,IMG_1850.png,カビゴンは元画像に見える範囲のみ。再生ボタンの重なり部分は補描なし。,加工済み・実装後確認,再生ボタン残り：身体の欠損とは別,"(95, 1836, 525, 2116)",構図要確認,未照合,画像/ドオー/ドオー_寝顔4_おなかのうえ寝.webp,10bd95f491e90715b78b70a97547eccd443816c9ff93cdf868d409defb05953f,3843,1768,0,寝顔中心・上下直線・左右16%曲線・枠外透過,906,一次一覧確認で確定なし（細部は実装後確認）,枠内に残る可能性
