ファイル名,相対パス,図鑑番号,ポケモン名,姿違い,寝顔ID,寝顔名,元画像,注記,状態,確認理由,切り抜き範囲,元試作状態,実sleepStyleId,納品相対パス,source_sha256,枠に接する色領域画素,再生ボタン領域画素,内部透明穴数,構図,一覧番号,欠損判定,再生ボタン判定
フシギダネ_寝顔1_こうごうせい寝.webp,フシギダネ/フシギダネ_寝顔1_こうごうせい寝.webp,0001,フシギダネ,通常,1,こうごうせい寝,IMG_1605.png,,加工済み・実装後確認,,"(172, 472, 433, 696)",一次切り抜き,未照合,画像/フシギダネ/フシギダネ_寝顔1_こうごうせい寝.webp,936b4f37c18f55e943719de737a34010d8f8c20be2a62bfeb879be714506bc30,0,0,0,寝顔中心・上下直線・左右16%曲線・枠外透過,0,一次一覧確認で確定なし（細部は実装後確認）,検出なし
フシギダネ_寝顔2_ふんばり寝.webp,フシギダネ/フシギダネ_寝顔2_ふんばり寝.webp,0001,フシギダネ,通常,2,ふんばり寝,IMG_1605.png,,加工済み・実装後確認,,"(165, 926, 433, 1157)",一次切り抜き,未照合,画像/フシギダネ/フシギダネ_寝顔2_ふんばり寝.webp,936b4f37c18f55e943719de737a34010d8f8c20be2a62bfeb879be714506bc30,0,0,0,寝顔中心・上下直線・左右16%曲線・枠外透過,1,一次一覧確認で確定なし（細部は実装後確認）,検出なし
フシギダネ_寝顔3_ツルだし寝.webp,フシギダネ/フシギダネ_寝顔3_ツルだし寝.webp,0001,フシギダネ,通常,3,ツルだし寝,IMG_1605.png,,加工済み・実装後確認,,"(173, 1381, 433, 1608)",一次切り抜き,未照合,画像/フシギダネ/フシギダネ_寝顔3_ツルだし寝.webp,936b4f37c18f55e943719de737a34010d8f8c20be2a62bfeb879be714506bc30,0,0,0,寝顔中心・上下直線・左右16%曲線・枠外透過,2,一次一覧確認で確定なし（細部は実装後確認）,検出なし
フシギダネ_寝顔4_おなかのうえ寝.webp,フシギダネ/フシギダネ_寝顔4_おなかのうえ寝.webp,0001,フシギダネ,通常,4,おなかのうえ寝,IMG_1605.png,カビゴンは元画像に見える範囲のみ。再生ボタンの重なり部分は補描なし。,加工済み・実装後確認,,"(162, 1869, 424, 2080)",構図要確認,未照合,画像/フシギダネ/フシギダネ_寝顔4_おなかのうえ寝.webp,936b4f37c18f55e943719de737a34010d8f8c20be2a62bfeb879be714506bc30,1726,0,0,寝顔中心・上下直線・左右16%曲線・枠外透過,3,一次一覧確認で確定なし（細部は実装後確認）,検出なし
フシギソウ_寝顔1_こうごうせい寝.webp,フシギソウ/フシギソウ_寝顔1_こうごうせい寝.webp,0002,フシギソウ,通常,1,こうごうせい寝,IMG_1606.png,,加工済み・実装後確認,,"(171, 490, 433, 724)",一次切り抜き,未照合,画像/フシギソウ/フシギソウ_寝顔1_こうごうせい寝.webp,7e77f9af2500781a3f4def636d754648752df3660766bed986cb53763f5981f8,0,0,0,寝顔中心・上下直線・左右16%曲線・枠外透過,4,一次一覧確認で確定なし（細部は実装後確認）,検出なし
フシギソウ_寝顔2_ふんばり寝.webp,フシギソウ/フシギソウ_寝顔2_ふんばり寝.webp,0002,フシギソウ,通常,2,ふんばり寝,IMG_1606.png,,加工済み・実装後確認,,"(171, 948, 433, 1179)",一次切り抜き,未照合,画像/フシギソウ/フシギソウ_寝顔2_ふんばり寝.webp,7e77f9af2500781a3f4def636d754648752df3660766bed986cb53763f5981f8,0,0,0,寝顔中心・上下直線・左右16%曲線・枠外透過,5,一次一覧確認で確定なし（細部は実装後確認）,検出なし
フシギソウ_寝顔3_ツルだし寝.webp,フシギソウ/フシギソウ_寝顔3_ツルだし寝.webp,0002,フシギソウ,通常,3,ツルだし寝,IMG_1606.png,,加工済み・実装後確認,,"(161, 1404, 433, 1641)",一次切り抜き,未照合,画像/フシギソウ/フシギソウ_寝顔3_ツルだし寝.webp,7e77f9af2500781a3f4def636d754648752df3660766bed986cb53763f5981f8,0,0,0,寝顔中心・上下直線・左右16%曲線・枠外透過,6,一次一覧確認で確定なし（細部は実装後確認）,検出なし
フシギソウ_寝顔4_おなかのうえ寝.webp,フシギソウ/フシギソウ_寝顔4_おなかのうえ寝.webp,0002,フシギソウ,通常,4,おなかのうえ寝,IMG_1606.png,カビゴンは元画像に見える範囲のみ。再生ボタンの重なり部分は補描なし。,加工済み・実装後確認,再生ボタン残り：身体の欠損とは別,"(95, 1838, 513, 2117)",構図要確認,未照合,画像/フシギソウ/フシギソウ_寝顔4_おなかのうえ寝.webp,7e77f9af2500781a3f4def636d754648752df3660766bed986cb53763f5981f8,2049,1723,0,寝顔中心・上下直線・左右16%曲線・枠外透過,7,一次一覧確認で確定なし（細部は実装後確認）,枠内に残る可能性
フシギバナ_寝顔1_こうごうせい寝.webp,フシギバナ/フシギバナ_寝顔1_こうごうせい寝.webp,0003,フシギバナ,通常,1,こうごうせい寝,IMG_1884.png,,加工済み・実装後確認,,"(246, 574, 989, 1218)",撮り直し候補,未照合,画像/フシギバナ/フシギバナ_寝顔1_こうごうせい寝.webp,515bb4cb0f53ab3dfc07f9ad59e2811fb26024ac835e6a86e3003f57e6c624ed,,0,0,寝顔中心・上下直線・左右16%曲線・枠外透過,8,一次一覧確認で確定なし（細部は実装後確認）,検出なし
フシギバナ_寝顔2_ふんばり寝.webp,フシギバナ/フシギバナ_寝顔2_ふんばり寝.webp,0003,フシギバナ,通常,2,ふんばり寝,IMG_1885.png,,加工済み・実装後確認,,"(296, 604, 875, 1175)",撮り直し候補,未照合,画像/フシギバナ/フシギバナ_寝顔2_ふんばり寝.webp,705259c479c6ddaca7dd1e277f59404be629dcddfb9c73f2949bf3fc72436328,,0,0,寝顔中心・上下直線・左右16%曲線・枠外透過,9,一次一覧確認で確定なし（細部は実装後確認）,検出なし
フシギバナ_寝顔3_ツルだし寝.webp,フシギバナ/フシギバナ_寝顔3_ツルだし寝.webp,0003,フシギバナ,通常,3,ツルだし寝,IMG_1607.png,,加工済み・実装後確認,,"(157, 1369, 433, 1606)",一次切り抜き,未照合,画像/フシギバナ/フシギバナ_寝顔3_ツルだし寝.webp,4a4658ac51b95c62ba09d710a703ed3b89b3289544c17e623843bf00f95122c3,0,0,0,寝顔中心・上下直線・左右16%曲線・枠外透過,10,一次一覧確認で確定なし（細部は実装後確認）,検出なし
フシギバナ_寝顔4_おなかのうえ寝.webp,フシギバナ/フシギバナ_寝顔4_おなかのうえ寝.webp,0003,フシギバナ,通常,4,おなかのうえ寝,IMG_1869.png,カビゴンは元画像に見える範囲のみ。再生ボタンの重なり部分は補描なし。,加工済み・実装後確認,,"(91, 571, 1089, 1357)",構図要確認,未照合,画像/フシギバナ/フシギバナ_寝顔4_おなかのうえ寝.webp,1594ce33b9d02442139274b5e02b4945149d4543f212e0a0ae871d8961c18ef2,,0,0,寝顔中心・上下直線・左右16%曲線・枠外透過,11,一次一覧確認で確定なし（細部は実装後確認）,検出なし
ヒトカゲ_寝顔1_ぱちぱち寝.webp,ヒトカゲ/ヒトカゲ_寝顔1_ぱちぱち寝.webp,0004,ヒトカゲ,通常,1,ぱちぱち寝,IMG_1608.png,,加工済み・実装後確認,,"(183, 512, 429, 676)",一次切り抜き,未照合,画像/ヒトカゲ/ヒトカゲ_寝顔1_ぱちぱち寝.webp,2259f20ad79e1a757c43d389636329afe61760930637a026871b914c2018fadf,0,0,0,寝顔中心・上下直線・左右16%曲線・枠外透過,12,一次一覧確認で確定なし（細部は実装後確認）,検出なし
ヒトカゲ_寝顔2_おなかさすり寝.webp,ヒトカゲ/ヒトカゲ_寝顔2_おなかさすり寝.webp,0004,ヒトカゲ,通常,2,おなかさすり寝,IMG_1608.png,,加工済み・実装後確認,,"(183, 943, 433, 1160)",一次切り抜き,未照合,画像/ヒトカゲ/ヒトカゲ_寝顔2_おなかさすり寝.webp,2259f20ad79e1a757c43d389636329afe61760930637a026871b914c2018fadf,0,0,0,寝顔中心・上下直線・左右16%曲線・枠外透過,13,一次一覧確認で確定なし（細部は実装後確認）,検出なし
ヒトカゲ_寝顔3_おなかだし寝.webp,ヒトカゲ/ヒトカゲ_寝顔3_おなかだし寝.webp,0004,ヒトカゲ,通常,3,おなかだし寝,IMG_1608.png,,加工済み・実装後確認,,"(175, 1395, 433, 1614)",一次切り抜き,未照合,画像/ヒトカゲ/ヒトカゲ_寝顔3_おなかだし寝.webp,2259f20ad79e1a757c43d389636329afe61760930637a026871b914c2018fadf,0,0,0,寝顔中心・上下直線・左右16%曲線・枠外透過,14,一次一覧確認で確定なし（細部は実装後確認）,検出なし
ヒトカゲ_寝顔4_おなかのうえ寝.webp,ヒトカゲ/ヒトカゲ_寝顔4_おなかのうえ寝.webp,0004,ヒトカゲ,通常,4,おなかのうえ寝,IMG_1608.png,カビゴンは元画像に見える範囲のみ。再生ボタンの重なり部分は補描なし。,加工済み・実装後確認,再生ボタン残り：身体の欠損とは別,"(95, 1819, 499, 2098)",構図要確認,未照合,画像/ヒトカゲ/ヒトカゲ_寝顔4_おなかのうえ寝.webp,2259f20ad79e1a757c43d389636329afe61760930637a026871b914c2018fadf,901,1352,0,寝顔中心・上下直線・左右16%曲線・枠外透過,15,一次一覧確認で確定なし（細部は実装後確認）,枠内に残る可能性
リザード_寝顔1_うでまくら寝.webp,リザード/リザード_寝顔1_うでまくら寝.webp,0005,リザード,通常,1,うでまくら寝,IMG_1609.png,,加工済み・実装後確認,,"(173, 503, 433, 677)",一次切り抜き,未照合,画像/リザード/リザード_寝顔1_うでまくら寝.webp,664c0ca8fb11c72ae6ec86f83957762940f16c6c9a8e8a801216dc9123fe00a9,0,0,0,寝顔中心・上下直線・左右16%曲線・枠外透過,16,一次一覧確認で確定なし（細部は実装後確認）,検出なし
リザード_寝顔2_すわり寝.webp,リザード/リザード_寝顔2_すわり寝.webp,0005,リザード,通常,2,すわり寝,IMG_1886.png,,加工済み・実装後確認,,"(266, 554, 870, 1240)",撮り直し候補,未照合,画像/リザード/リザード_寝顔2_すわり寝.webp,c7820c198e98a8217d8343270e7d33866281ae610e168cf3a4fbeb222c2a0d0f,,0,0,寝顔中心・上下直線・左右16%曲線・枠外透過,17,一次一覧確認で確定なし（細部は実装後確認）,検出なし
リザード_寝顔3_ぐうたら寝.webp,リザード/リザード_寝顔3_ぐうたら寝.webp,0005,リザード,通常,3,ぐうたら寝,IMG_1887.png,,加工済み・実装後確認,,"(251, 636, 947, 1130)",撮り直し候補,未照合,画像/リザード/リザード_寝顔3_ぐうたら寝.webp,35be9267545e37f0983743eb7ead474eeea3eeec131ff47e4f05a854faaf4952,,0,0,寝顔中心・上下直線・左右16%曲線・枠外透過,18,一次一覧確認で確定なし（細部は実装後確認）,検出なし
リザード_寝顔4_おなかのうえ寝.webp,リザード/リザード_寝顔4_おなかのうえ寝.webp,0005,リザード,通常,4,おなかのうえ寝,IMG_1609.png,カビゴンは元画像に見える範囲のみ。再生ボタンの重なり部分は補描なし。,加工済み・実装後確認,再生ボタン残り：身体の欠損とは別,"(95, 1815, 525, 2095)",構図要確認,未照合,画像/リザード/リザード_寝顔4_おなかのうえ寝.webp,664c0ca8fb11c72ae6ec86f83957762940f16c6c9a8e8a801216dc9123fe00a9,143,1768,0,寝顔中心・上下直線・左右16%曲線・枠外透過,19,一次一覧確認で確定なし（細部は実装後確認）,枠内に残る可能性
リザードン_寝顔1_はらばい寝.webp,リザードン/リザードン_寝顔1_はらばい寝.webp,0006,リザードン,通常,1,はらばい寝,IMG_1888.png,,加工済み・実装後確認,,"(241, 611, 905, 1150)",撮り直し候補,未照合,画像/リザードン/リザードン_寝顔1_はらばい寝.webp,ff1b0c91ca9c5696d915e6db939f4bb5e25e1707dec2303f2625b33d3fcfc3e3,,0,0,寝顔中心・上下直線・左右16%曲線・枠外透過,20,一次一覧確認で確定なし（細部は実装後確認）,検出なし
リザードン_寝顔2_うでぐみ寝.webp,リザードン/リザードン_寝顔2_うでぐみ寝.webp,0006,リザードン,通常,2,うでぐみ寝,IMG_1889.png,,加工済み・実装後確認,,"(261, 639, 885, 1200)",撮り直し候補,未照合,画像/リザードン/リザードン_寝顔2_うでぐみ寝.webp,202d236705445d075d6b045203ab14af46b490276ce8a31d2991e17841149885,,0,0,寝顔中心・上下直線・左右16%曲線・枠外透過,21,一次一覧確認で確定なし（細部は実装後確認）,検出なし
リザードン_寝顔3_おなかだし寝.webp,リザードン/リザードン_寝顔3_おなかだし寝.webp,0006,リザードン,通常,3,おなかだし寝,IMG_1891.png,,加工済み・実装後確認,,"(231, 644, 880, 1095)",撮り直し候補,未照合,画像/リザードン/リザードン_寝顔3_おなかだし寝.webp,93a98579809c72e03cbf1c950c44eeb86c2dd06035b206ab71553e9ac84dca52,,0,0,寝顔中心・上下直線・左右16%曲線・枠外透過,22,一次一覧確認で確定なし（細部は実装後確認）,検出なし
リザードン_寝顔4_おなかのうえ寝.webp,リザードン/リザードン_寝顔4_おなかのうえ寝.webp,0006,リザードン,通常,4,おなかのうえ寝,IMG_1610.png,カビゴンは元画像に見える範囲のみ。再生ボタンの重なり部分は補描なし。,加工済み・実装後確認,,"(150, 1829, 437, 2062)",構図要確認,未照合,画像/リザードン/リザードン_寝顔4_おなかのうえ寝.webp,83ef13a4fb12a546b7e10565ca6fedd805d407b54ddd3d3b72149c7dc5430bff,130,0,0,寝顔中心・上下直線・左右16%曲線・枠外透過,23,一次一覧確認で確定なし（細部は実装後確認）,検出なし
ゼニガメ_寝顔1_からにこもる寝.webp,ゼニガメ/ゼニガメ_寝顔1_からにこもる寝.webp,0007,ゼニガメ,通常,1,からにこもる寝,IMG_1611.png,,加工済み・実装後確認,,"(191, 523, 424, 717)",一次切り抜き,未照合,画像/ゼニガメ/ゼニガメ_寝顔1_からにこもる寝.webp,f4baf776eac6480328109cad5ffc8e9cd2e5514ddc7f317902d1bacacb95b10d,0,0,0,寝顔中心・上下直線・左右16%曲線・枠外透過,24,一次一覧確認で確定なし（細部は実装後確認）,検出なし
ゼニガメ_寝顔2_こもらない寝.webp,ゼニガメ/ゼニガメ_寝顔2_こもらない寝.webp,0007,ゼニガメ,通常,2,こもらない寝,IMG_1611.png,,加工済み・実装後確認,,"(178, 968, 433, 1194)",一次切り抜き,未照合,画像/ゼニガメ/ゼニガメ_寝顔2_こもらない寝.webp,f4baf776eac6480328109cad5ffc8e9cd2e5514ddc7f317902d1bacacb95b10d,0,0,0,寝顔中心・上下直線・左右16%曲線・枠外透過,25,一次一覧確認で確定なし（細部は実装後確認）,検出なし
ゼニガメ_寝顔3_ひっくりかえり寝.webp,ゼニガメ/ゼニガメ_寝顔3_ひっくりかえり寝.webp,0007,ゼニガメ,通常,3,ひっくりかえり寝,IMG_1611.png,,加工済み・実装後確認,,"(181, 1436, 433, 1633)",一次切り抜き,未照合,画像/ゼニガメ/ゼニガメ_寝顔3_ひっくりかえり寝.webp,f4baf776eac6480328109cad5ffc8e9cd2e5514ddc7f317902d1bacacb95b10d,0,0,0,寝顔中心・上下直線・左右16%曲線・枠外透過,26,一次一覧確認で確定なし（細部は実装後確認）,検出なし
ゼニガメ_寝顔4_おなかのうえ寝.webp,ゼニガメ/ゼニガメ_寝顔4_おなかのうえ寝.webp,0007,ゼニガメ,通常,4,おなかのうえ寝,IMG_1611.png,カビゴンは元画像に見える範囲のみ。再生ボタンの重なり部分は補描なし。,加工済み・実装後確認,再生ボタン残り：身体の欠損とは別,"(95, 1854, 525, 2132)",構図要確認,未照合,画像/ゼニガメ/ゼニガメ_寝顔4_おなかのうえ寝.webp,f4baf776eac6480328109cad5ffc8e9cd2e5514ddc7f317902d1bacacb95b10d,3781,1768,0,寝顔中心・上下直線・左右16%曲線・枠外透過,27,一次一覧確認で確定なし（細部は実装後確認）,枠内に残る可能性
カメール_寝顔1_からにこもる寝.webp,カメール/カメール_寝顔1_からにこもる寝.webp,0008,カメール,通常,1,からにこもる寝,IMG_1892.png,,加工済み・実装後確認,,"(263, 544, 840, 1230)",撮り直し候補,未照合,画像/カメール/カメール_寝顔1_からにこもる寝.webp,703147d4d49ad9c54a8409167c2383b487ff894e58c8a31a49ee22624300fc4e,,0,0,寝顔中心・上下直線・左右16%曲線・枠外透過,28,一次一覧確認で確定なし（細部は実装後確認）,検出なし
カメール_寝顔2_こもらない寝.webp,カメール/カメール_寝顔2_こもらない寝.webp,0008,カメール,通常,2,こもらない寝,IMG_1893.png,,加工済み・実装後確認,,"(263, 564, 880, 1240)",撮り直し候補,未照合,画像/カメール/カメール_寝顔2_こもらない寝.webp,d7e4c7cb428dce1912aa255cc7d57e4f3a4d77b77975fdd6d6e17755e44b337d,,0,0,寝顔中心・上下直線・左右16%曲線・枠外透過,29,一次一覧確認で確定なし（細部は実装後確認）,検出なし
カメール_寝顔3_つっぷし寝.webp,カメール/カメール_寝顔3_つっぷし寝.webp,0008,カメール,通常,3,つっぷし寝,IMG_1894.png,,加工済み・実装後確認,,"(218, 564, 957, 1223)",撮り直し候補,未照合,画像/カメール/カメール_寝顔3_つっぷし寝.webp,0df322c3ebe6dc3bab505523691572826f22682dd41da4deae4d5138f0ee07a6,,0,0,寝顔中心・上下直線・左右16%曲線・枠外透過,30,一次一覧確認で確定なし（細部は実装後確認）,検出なし
カメール_寝顔4_おなかのうえ寝.webp,カメール/カメール_寝顔4_おなかのうえ寝.webp,0008,カメール,通常,4,おなかのうえ寝,IMG_1612.png,カビゴンは元画像に見える範囲のみ。再生ボタンの重なり部分は補描なし。,加工済み・実装後確認,再生ボタン残り：身体の欠損とは別,"(99, 1835, 523, 2115)",構図要確認,未照合,画像/カメール/カメール_寝顔4_おなかのうえ寝.webp,70c5db2311bec788211bce3b77894034281a05d75277a17bdcdd8be454e2748b,1365,1768,0,寝顔中心・上下直線・左右16%曲線・枠外透過,31,一次一覧確認で確定なし（細部は実装後確認）,枠内に残る可能性
カメックス_寝顔1_からにこもる寝.webp,カメックス/カメックス_寝顔1_からにこもる寝.webp,0009,カメックス,通常,1,からにこもる寝,IMG_1613.png,,加工済み・実装後確認,,"(158, 464, 433, 701)",一次切り抜き,未照合,画像/カメックス/カメックス_寝顔1_からにこもる寝.webp,cbc8707ade61b45c642df45eedb321e5bfbc201c64595159addce365805aefb1,0,0,0,寝顔中心・上下直線・左右16%曲線・枠外透過,32,一次一覧確認で確定なし（細部は実装後確認）,検出なし
カメックス_寝顔2_こもらない寝.webp,カメックス/カメックス_寝顔2_こもらない寝.webp,0009,カメックス,通常,2,こもらない寝,IMG_1896.png,,加工済み・実装後確認,,"(243, 584, 934, 1248)",撮り直し候補,未照合,画像/カメックス/カメックス_寝顔2_こもらない寝.webp,2d80dff8565dbe33b362ebc3e8c46c6ff46f9b426d7482bcbd5c8fde02d578c3,,0,0,寝顔中心・上下直線・左右16%曲線・枠外透過,33,一次一覧確認で確定なし（細部は実装後確認）,検出なし
カメックス_寝顔3_ひっくりかえり寝.webp,カメックス/カメックス_寝顔3_ひっくりかえり寝.webp,0009,カメックス,通常,3,ひっくりかえり寝,IMG_1897.png,,加工済み・実装後確認,,"(208, 621, 964, 1228)",撮り直し候補,未照合,画像/カメックス/カメックス_寝顔3_ひっくりかえり寝.webp,8bdb89db69e2249c849fcc5e13d9a99f7cf6ca9f496cdac4203a7e3ed099da63,,0,0,寝顔中心・上下直線・左右16%曲線・枠外透過,34,一次一覧確認で確定なし（細部は実装後確認）,検出なし
カメックス_寝顔4_おなかのうえ寝.webp,カメックス/カメックス_寝顔4_おなかのうえ寝.webp,0009,カメックス,通常,4,おなかのうえ寝,IMG_1613.png,カビゴンは元画像に見える範囲のみ。再生ボタンの重なり部分は補描なし。,加工済み・実装後確認,,"(168, 1859, 437, 2081)",構図要確認,未照合,画像/カメックス/カメックス_寝顔4_おなかのうえ寝.webp,cbc8707ade61b45c642df45eedb321e5bfbc201c64595159addce365805aefb1,2965,0,0,寝顔中心・上下直線・左右16%曲線・枠外透過,35,一次一覧確認で確定なし（細部は実装後確認）,検出なし
キャタピー_寝顔1_ぺったり寝.webp,キャタピー/キャタピー_寝顔1_ぺったり寝.webp,0010,キャタピー,通常,1,ぺったり寝,IMG_1616.png,,加工済み・実装後確認,,"(173, 499, 427, 711)",一次切り抜き,未照合,画像/キャタピー/キャタピー_寝顔1_ぺったり寝.webp,dc3315bb57e2180785ecdea107a839c33b0d4cae82aadba50b4db40b2136ac8a,0,0,0,寝顔中心・上下直線・左右16%曲線・枠外透過,36,一次一覧確認で確定なし（細部は実装後確認）,検出なし
キャタピー_寝顔2_あたまおもい寝.webp,キャタピー/キャタピー_寝顔2_あたまおもい寝.webp,0010,キャタピー,通常,2,あたまおもい寝,IMG_1616.png,,加工済み・実装後確認,,"(173, 973, 433, 1148)",一次切り抜き,未照合,画像/キャタピー/キャタピー_寝顔2_あたまおもい寝.webp,dc3315bb57e2180785ecdea107a839c33b0d4cae82aadba50b4db40b2136ac8a,0,0,0,寝顔中心・上下直線・左右16%曲線・枠外透過,37,一次一覧確認で確定なし（細部は実装後確認）,検出なし
キャタピー_寝顔3_いとをはく寝.webp,キャタピー/キャタピー_寝顔3_いとをはく寝.webp,0010,キャタピー,通常,3,いとをはく寝,IMG_1898.png,,加工済み・実装後確認,,"(333, 606, 912, 1220)",撮り直し候補,未照合,画像/キャタピー/キャタピー_寝顔3_いとをはく寝.webp,47673d680e102fa2ec26b3cf541e1b5d93f7ff4856c324423aaa4e97a6ae24cb,,0,0,寝顔中心・上下直線・左右16%曲線・枠外透過,38,一次一覧確認で確定なし（細部は実装後確認）,検出なし
キャタピー_寝顔4_おなかのうえ寝.webp,キャタピー/キャタピー_寝顔4_おなかのうえ寝.webp,0010,キャタピー,通常,4,おなかのうえ寝,IMG_1616.png,カビゴンは元画像に見える範囲のみ。再生ボタンの重なり部分は補描なし。,加工済み・実装後確認,再生ボタン残り：身体の欠損とは別,"(95, 1834, 525, 2111)",構図要確認,未照合,画像/キャタピー/キャタピー_寝顔4_おなかのうえ寝.webp,dc3315bb57e2180785ecdea107a839c33b0d4cae82aadba50b4db40b2136ac8a,3970,1768,0,寝顔中心・上下直線・左右16%曲線・枠外透過,39,一次一覧確認で確定なし（細部は実装後確認）,枠内に残る可能性
トランセル_寝顔1_じっと寝.webp,トランセル/トランセル_寝顔1_じっと寝.webp,0011,トランセル,通常,1,じっと寝,IMG_1617.png,,加工済み・実装後確認,,"(183, 445, 433, 672)",一次切り抜き,未照合,画像/トランセル/トランセル_寝顔1_じっと寝.webp,844a0ce5802848a42417bc06b4d077c00ad143dc26e8baee2c01df116c6592be,0,0,0,寝顔中心・上下直線・左右16%曲線・枠外透過,40,一次一覧確認で確定なし（細部は実装後確認）,検出なし
トランセル_寝顔2_ゆらゆら寝.webp,トランセル/トランセル_寝顔2_ゆらゆら寝.webp,0011,トランセル,通常,2,ゆらゆら寝,IMG_1617.png,,加工済み・実装後確認,,"(192, 913, 433, 1115)",一次切り抜き,未照合,画像/トランセル/トランセル_寝顔2_ゆらゆら寝.webp,844a0ce5802848a42417bc06b4d077c00ad143dc26e8baee2c01df116c6592be,0,0,0,寝顔中心・上下直線・左右16%曲線・枠外透過,41,一次一覧確認で確定なし（細部は実装後確認）,検出なし
トランセル_寝顔3_かたくなる寝.webp,トランセル/トランセル_寝顔3_かたくなる寝.webp,0011,トランセル,通常,3,かたくなる寝,IMG_1617.png,,加工済み・実装後確認,,"(186, 1381, 450, 1568)",一次切り抜き,未照合,画像/トランセル/トランセル_寝顔3_かたくなる寝.webp,844a0ce5802848a42417bc06b4d077c00ad143dc26e8baee2c01df116c6592be,0,0,0,寝顔中心・上下直線・左右16%曲線・枠外透過,42,一次一覧確認で確定なし（細部は実装後確認）,検出なし
トランセル_寝顔4_おなかのうえ寝.webp,トランセル/トランセル_寝顔4_おなかのうえ寝.webp,0011,トランセル,通常,4,おなかのうえ寝,IMG_1617.png,カビゴンは元画像に見える範囲のみ。再生ボタンの重なり部分は補描なし。,加工済み・実装後確認,再生ボタン残り：身体の欠損とは別,"(95, 1797, 525, 2076)",構図要確認,未照合,画像/トランセル/トランセル_寝顔4_おなかのうえ寝.webp,844a0ce5802848a42417bc06b4d077c00ad143dc26e8baee2c01df116c6592be,3323,1768,0,寝顔中心・上下直線・左右16%曲線・枠外透過,43,一次一覧確認で確定なし（細部は実装後確認）,枠内に残る可能性
バタフリー_寝顔1_すわりふゆう寝.webp,バタフリー/バタフリー_寝顔1_すわりふゆう寝.webp,0012,バタフリー,通常,1,すわりふゆう寝,IMG_1618.png,,加工済み・実装後確認,,"(177, 427, 433, 645)",一次切り抜き,未照合,画像/バタフリー/バタフリー_寝顔1_すわりふゆう寝.webp,468afc8235ae29c95aa662985cf9d3de2e5c2107556a70b59173842d7098b5ff,0,0,0,寝顔中心・上下直線・左右16%曲線・枠外透過,44,一次一覧確認で確定なし（細部は実装後確認）,検出なし
バタフリー_寝顔2_ふゆう寝.webp,バタフリー/バタフリー_寝顔2_ふゆう寝.webp,0012,バタフリー,通常,2,ふゆう寝,IMG_1618.png,,加工済み・実装後確認,,"(171, 880, 433, 1103)",一次切り抜き,未照合,画像/バタフリー/バタフリー_寝顔2_ふゆう寝.webp,468afc8235ae29c95aa662985cf9d3de2e5c2107556a70b59173842d7098b5ff,0,0,0,寝顔中心・上下直線・左右16%曲線・枠外透過,45,一次一覧確認で確定なし（細部は実装後確認）,検出なし
バタフリー_寝顔3_りんぷんだし寝.webp,バタフリー/バタフリー_寝顔3_りんぷんだし寝.webp,0012,バタフリー,通常,3,りんぷんだし寝,IMG_1618.png,,加工済み・実装後確認,,"(151, 1375, 462, 1571)",一次切り抜き,未照合,画像/バタフリー/バタフリー_寝顔3_りんぷんだし寝.webp,468afc8235ae29c95aa662985cf9d3de2e5c2107556a70b59173842d7098b5ff,0,14,0,寝顔中心・上下直線・左右16%曲線・枠外透過,46,一次一覧確認で確定なし（細部は実装後確認）,検出なし
バタフリー_寝顔4_おなかのうえ寝.webp,バタフリー/バタフリー_寝顔4_おなかのうえ寝.webp,0012,バタフリー,通常,4,おなかのうえ寝,IMG_1618.png,カビゴンは元画像に見える範囲のみ。再生ボタンの重なり部分は補描なし。,加工済み・実装後確認,再生ボタン残り：身体の欠損とは別,"(95, 1787, 488, 2066)",構図要確認,未照合,画像/バタフリー/バタフリー_寝顔4_おなかのうえ寝.webp,468afc8235ae29c95aa662985cf9d3de2e5c2107556a70b59173842d7098b5ff,93,1001,0,寝顔中心・上下直線・左右16%曲線・枠外透過,47,一次一覧確認で確定なし（細部は実装後確認）,枠内に残る可能性
コラッタ_寝顔1_かおかき寝.webp,コラッタ/コラッタ_寝顔1_かおかき寝.webp,0019,コラッタ,通常,1,かおかき寝,IMG_1899.png,,加工済み・実装後確認,,"(223, 644, 900, 1128)",撮り直し候補,未照合,画像/コラッタ/コラッタ_寝顔1_かおかき寝.webp,ad8c23db4d7ea19fdcdf22297b298915315fad0f9034572ee692a7ae85bfc629,,0,0,寝顔中心・上下直線・左右16%曲線・枠外透過,48,一次一覧確認で確定なし（細部は実装後確認）,検出なし
コラッタ_寝顔2_くびかしげ寝.webp,コラッタ/コラッタ_寝顔2_くびかしげ寝.webp,0019,コラッタ,通常,2,くびかしげ寝,IMG_1619.png,,加工済み・実装後確認,,"(175, 905, 433, 1135)",一次切り抜き,未照合,画像/コラッタ/コラッタ_寝顔2_くびかしげ寝.webp,be6b9b760f4a5a80d541ebfdc0a09490d20d5d7ab5b262ced9ea3b0d796586ac,0,0,0,寝顔中心・上下直線・左右16%曲線・枠外透過,49,一次一覧確認で確定なし（細部は実装後確認）,検出なし
コラッタ_寝顔3_まえばかじり寝.webp,コラッタ/コラッタ_寝顔3_まえばかじり寝.webp,0019,コラッタ,通常,3,まえばかじり寝,IMG_1619.png,,加工済み・実装後確認,,"(171, 1386, 433, 1583)",一次切り抜き,未照合,画像/コラッタ/コラッタ_寝顔3_まえばかじり寝.webp,be6b9b760f4a5a80d541ebfdc0a09490d20d5d7ab5b262ced9ea3b0d796586ac,0,0,0,寝顔中心・上下直線・左右16%曲線・枠外透過,50,一次一覧確認で確定なし（細部は実装後確認）,検出なし
コラッタ_寝顔4_おなかのうえ寝.webp,コラッタ/コラッタ_寝顔4_おなかのうえ寝.webp,0019,コラッタ,通常,4,おなかのうえ寝,IMG_1619.png,カビゴンは元画像に見える範囲のみ。再生ボタンの重なり部分は補描なし。,加工済み・実装後確認,再生ボタン残り：身体の欠損とは別,"(95, 1795, 525, 2075)",構図要確認,未照合,画像/コラッタ/コラッタ_寝顔4_おなかのうえ寝.webp,be6b9b760f4a5a80d541ebfdc0a09490d20d5d7ab5b262ced9ea3b0d796586ac,3904,1768,0,寝顔中心・上下直線・左右16%曲線・枠外透過,51,一次一覧確認で確定なし（細部は実装後確認）,枠内に残る可能性
ラッタ_寝顔1_はぎしり寝.webp,ラッタ/ラッタ_寝顔1_はぎしり寝.webp,0020,ラッタ,通常,1,はぎしり寝,IMG_1620.png,,加工済み・実装後確認,,"(178, 460, 433, 681)",一次切り抜き,未照合,画像/ラッタ/ラッタ_寝顔1_はぎしり寝.webp,88353a1f2d753817b878c024134661ab01fda632357f9f718b73a49996adac0b,0,0,0,寝顔中心・上下直線・左右16%曲線・枠外透過,52,一次一覧確認で確定なし（細部は実装後確認）,検出なし
ラッタ_寝顔2_ぼうだち寝.webp,ラッタ/ラッタ_寝顔2_ぼうだち寝.webp,0020,ラッタ,通常,2,ぼうだち寝,IMG_1620.png,,加工済み・実装後確認,,"(171, 921, 433, 1150)",一次切り抜き,未照合,画像/ラッタ/ラッタ_寝顔2_ぼうだち寝.webp,88353a1f2d753817b878c024134661ab01fda632357f9f718b73a49996adac0b,0,0,0,寝顔中心・上下直線・左右16%曲線・枠外透過,53,一次一覧確認で確定なし（細部は実装後確認）,検出なし
ラッタ_寝顔3_まえばかじり寝.webp,ラッタ/ラッタ_寝顔3_まえばかじり寝.webp,0020,ラッタ,通常,3,まえばかじり寝,IMG_1620.png,,加工済み・実装後確認,,"(173, 1371, 433, 1598)",一次切り抜き,未照合,画像/ラッタ/ラッタ_寝顔3_まえばかじり寝.webp,88353a1f2d753817b878c024134661ab01fda632357f9f718b73a49996adac0b,0,0,0,寝顔中心・上下直線・左右16%曲線・枠外透過,54,一次一覧確認で確定なし（細部は実装後確認）,検出なし
ラッタ_寝顔4_おなかのうえ寝.webp,ラッタ/ラッタ_寝顔4_おなかのうえ寝.webp,0020,ラッタ,通常,4,おなかのうえ寝,IMG_1620.png,カビゴンは元画像に見える範囲のみ。再生ボタンの重なり部分は補描なし。,加工済み・実装後確認,再生ボタン残り：身体の欠損とは別,"(97, 1800, 525, 2080)",構図要確認,未照合,画像/ラッタ/ラッタ_寝顔4_おなかのうえ寝.webp,88353a1f2d753817b878c024134661ab01fda632357f9f718b73a49996adac0b,1084,1768,0,寝顔中心・上下直線・左右16%曲線・枠外透過,55,一次一覧確認で確定なし（細部は実装後確認）,枠内に残る可能性
アーボ_寝顔1_とぐろ寝.webp,アーボ/アーボ_寝顔1_とぐろ寝.webp,0023,アーボ,通常,1,とぐろ寝,IMG_1900.png,,加工済み・実装後確認,,"(323, 619, 885, 1245)",撮り直し候補,未照合,画像/アーボ/アーボ_寝顔1_とぐろ寝.webp,29f4234cea20dc125ee891f98c34cdac37416937132a21736bd3afb4008166d1,,0,0,寝顔中心・上下直線・左右16%曲線・枠外透過,56,一次一覧確認で確定なし（細部は実装後確認）,検出なし
アーボ_寝顔2_のびちぢみ寝.webp,アーボ/アーボ_寝顔2_のびちぢみ寝.webp,0023,アーボ,通常,2,のびちぢみ寝,IMG_1621.png,,加工済み・実装後確認,,"(188, 954, 433, 1162)",一次切り抜き,未照合,画像/アーボ/アーボ_寝顔2_のびちぢみ寝.webp,7586c4476907bb126506d38af70b5c073d60b0766c3160ab7d36b9ca2d4bc025,0,0,0,寝顔中心・上下直線・左右16%曲線・枠外透過,57,一次一覧確認で確定なし（細部は実装後確認）,検出なし
アーボ_寝顔3_ほぐれ寝.webp,アーボ/アーボ_寝顔3_ほぐれ寝.webp,0023,アーボ,通常,3,ほぐれ寝,IMG_1621.png,,加工済み・実装後確認,,"(170, 1410, 433, 1611)",一次切り抜き,未照合,画像/アーボ/アーボ_寝顔3_ほぐれ寝.webp,7586c4476907bb126506d38af70b5c073d60b0766c3160ab7d36b9ca2d4bc025,0,0,0,寝顔中心・上下直線・左右16%曲線・枠外透過,58,一次一覧確認で確定なし（細部は実装後確認）,検出なし
アーボ_寝顔4_おなかのうえ寝.webp,アーボ/アーボ_寝顔4_おなかのうえ寝.webp,0023,アーボ,通常,4,おなかのうえ寝,IMG_1621.png,カビゴンは元画像に見える範囲のみ。再生ボタンの重なり部分は補描なし。,加工済み・実装後確認,再生ボタン残り：身体の欠損とは別,"(95, 1827, 525, 2106)",構図要確認,未照合,画像/アーボ/アーボ_寝顔4_おなかのうえ寝.webp,7586c4476907bb126506d38af70b5c073d60b0766c3160ab7d36b9ca2d4bc025,1140,1768,0,寝顔中心・上下直線・左右16%曲線・枠外透過,59,一次一覧確認で確定なし（細部は実装後確認）,枠内に残る可能性
アーボック_寝顔1_とぐろ寝.webp,アーボック/アーボック_寝顔1_とぐろ寝.webp,0024,アーボック,通常,1,とぐろ寝,IMG_1901.png,,加工済み・実装後確認,,"(323, 581, 887, 1245)",撮り直し候補,未照合,画像/アーボック/アーボック_寝顔1_とぐろ寝.webp,8d0385330e26d395ab0a7669cb9d867843c031720b562439c7f5ce7cada22e1e,,0,0,寝顔中心・上下直線・左右16%曲線・枠外透過,60,一次一覧確認で確定なし（細部は実装後確認）,検出なし
アーボック_寝顔2_かたむき寝.webp,アーボック/アーボック_寝顔2_かたむき寝.webp,0024,アーボック,通常,2,かたむき寝,IMG_1906.png,,加工済み・実装後確認,,"(233, 619, 855, 1220)",撮り直し候補,未照合,画像/アーボック/アーボック_寝顔2_かたむき寝.webp,5d8c740fb1997fe2fe8139cf94efffdc418266d701806394f92ca3267f5e1ba9,,0,0,寝顔中心・上下直線・左右16%曲線・枠外透過,61,一次一覧確認で確定なし（細部は実装後確認）,検出なし
アーボック_寝顔3_ほぐれ寝.webp,アーボック/アーボック_寝顔3_ほぐれ寝.webp,0024,アーボック,通常,3,ほぐれ寝,IMG_1904.png,,加工済み・実装後確認,,"(263, 619, 862, 1245)",撮り直し候補,未照合,画像/アーボック/アーボック_寝顔3_ほぐれ寝.webp,d5fc46e3c094db61027430b2205940a244cea6aa15f4044ff72e3587a0f6a417,,0,0,寝顔中心・上下直線・左右16%曲線・枠外透過,62,一次一覧確認で確定なし（細部は実装後確認）,検出なし
アーボック_寝顔4_おなかのうえ寝.webp,アーボック/アーボック_寝顔4_おなかのうえ寝.webp,0024,アーボック,通常,4,おなかのうえ寝,IMG_1622.png,カビゴンは元画像に見える範囲のみ。再生ボタンの重なり部分は補描なし。,加工済み・実装後確認,再生ボタン残り：身体の欠損とは別,"(130, 1798, 489, 2077)",構図要確認,未照合,画像/アーボック/アーボック_寝顔4_おなかのうえ寝.webp,f78c83a13ddd986a3357bb2234b2a37a83a2834374513088474c665f7f46f909,1576,1080,0,寝顔中心・上下直線・左右16%曲線・枠外透過,63,一次一覧確認で確定なし（細部は実装後確認）,枠内に残る可能性
ピカチュウ_寝顔1_まるまり寝.webp,ピカチュウ/ピカチュウ_寝顔1_まるまり寝.webp,0025,ピカチュウ,通常,1,まるまり寝,IMG_1623.png,,加工済み・実装後確認,,"(170, 488, 433, 669)",一次切り抜き,未照合,画像/ピカチュウ/ピカチュウ_寝顔1_まるまり寝.webp,2619b687e563bf32adb80abe428f6287c511146aee901a7edc11b8deb43283f9,0,0,0,寝顔中心・上下直線・左右16%曲線・枠外透過,64,一次一覧確認で確定なし（細部は実装後確認）,検出なし
ピカチュウ_寝顔2_たれみみ寝.webp,ピカチュウ/ピカチュウ_寝顔2_たれみみ寝.webp,0025,ピカチュウ,通常,2,たれみみ寝,IMG_1623.png,,加工済み・実装後確認,,"(187, 936, 452, 1125)",一次切り抜き,未照合,画像/ピカチュウ/ピカチュウ_寝顔2_たれみみ寝.webp,2619b687e563bf32adb80abe428f6287c511146aee901a7edc11b8deb43283f9,0,0,0,寝顔中心・上下直線・左右16%曲線・枠外透過,65,一次一覧確認で確定なし（細部は実装後確認）,検出なし
ピカチュウ_寝顔3_ほうでん寝.webp,ピカチュウ/ピカチュウ_寝顔3_ほうでん寝.webp,0025,ピカチュウ,通常,3,ほうでん寝,IMG_1623.png,,加工済み・実装後確認,,"(178, 1404, 433, 1598)",一次切り抜き,未照合,画像/ピカチュウ/ピカチュウ_寝顔3_ほうでん寝.webp,2619b687e563bf32adb80abe428f6287c511146aee901a7edc11b8deb43283f9,0,0,0,寝顔中心・上下直線・左右16%曲線・枠外透過,66,一次一覧確認で確定なし（細部は実装後確認）,検出なし
ピカチュウ_寝顔4_おなかのうえ寝.webp,ピカチュウ/ピカチュウ_寝顔4_おなかのうえ寝.webp,0025,ピカチュウ,通常,4,おなかのうえ寝,IMG_1623.png,カビゴンは元画像に見える範囲のみ。再生ボタンの重なり部分は補描なし。,加工済み・実装後確認,再生ボタン残り：身体の欠損とは別,"(95, 1800, 503, 2080)",構図要確認,未照合,画像/ピカチュウ/ピカチュウ_寝顔4_おなかのうえ寝.webp,2619b687e563bf32adb80abe428f6287c511146aee901a7edc11b8deb43283f9,1074,1491,0,寝顔中心・上下直線・左右16%曲線・枠外透過,67,一次一覧確認で確定なし（細部は実装後確認）,枠内に残る可能性
ピカチュウ_ハロウィン橙_寝顔1_まるまり寝.webp,ピカチュウ_ハロウィン橙/ピカチュウ_ハロウィン橙_寝顔1_まるまり寝.webp,0025,ピカチュウ,ハロウィン橙,1,まるまり寝,IMG_1624.png,,加工済み・実装後確認,,"(170, 1195, 433, 1406)",一次切り抜き,未照合,画像/ピカチュウ_ハロウィン橙/ピカチュウ_ハロウィン橙_寝顔1_まるまり寝.webp,6c21fbc4a381e9f3755fd7eb080fd154e4c4ed036aaed7117ef7ee243aa6ceb2,0,0,0,寝顔中心・上下直線・左右16%曲線・枠外透過,68,一次一覧確認で確定なし（細部は実装後確認）,検出なし
ピカチュウ_ハロウィン橙_寝顔2_たれみみ寝.webp,ピカチュウ_ハロウィン橙/ピカチュウ_ハロウィン橙_寝顔2_たれみみ寝.webp,0025,ピカチュウ,ハロウィン橙,2,たれみみ寝,IMG_1624.png,,加工済み・実装後確認,,"(181, 1629, 462, 1863)",一次切り抜き,未照合,画像/ピカチュウ_ハロウィン橙/ピカチュウ_ハロウィン橙_寝顔2_たれみみ寝.webp,6c21fbc4a381e9f3755fd7eb080fd154e4c4ed036aaed7117ef7ee243aa6ceb2,0,4,0,寝顔中心・上下直線・左右16%曲線・枠外透過,69,一次一覧確認で確定なし（細部は実装後確認）,検出なし
ピカチュウ_ハロウィン紫_寝顔1_まるまり寝.webp,ピカチュウ_ハロウィン紫/ピカチュウ_ハロウィン紫_寝顔1_まるまり寝.webp,0025,ピカチュウ,ハロウィン紫,1,まるまり寝,IMG_1625.png,,加工済み・実装後確認,,"(170, 1279, 433, 1490)",一次切り抜き,未照合,画像/ピカチュウ_ハロウィン紫/ピカチュウ_ハロウィン紫_寝顔1_まるまり寝.webp,0bca5d872580cdb13c31e3defeb01b9e446256a993cca29b79da0755fa3644e6,0,0,0,寝顔中心・上下直線・左右16%曲線・枠外透過,70,一次一覧確認で確定なし（細部は実装後確認）,検出なし
ピカチュウ_ハロウィン紫_寝顔2_たれみみ寝.webp,ピカチュウ_ハロウィン紫/ピカチュウ_ハロウィン紫_寝顔2_たれみみ寝.webp,0025,ピカチュウ,ハロウィン紫,2,たれみみ寝,IMG_1625.png,,加工済み・実装後確認,,"(181, 1714, 462, 1948)",一次切り抜き,未照合,画像/ピカチュウ_ハロウィン紫/ピカチュウ_ハロウィン紫_寝顔2_たれみみ寝.webp,0bca5d872580cdb13c31e3defeb01b9e446256a993cca29b79da0755fa3644e6,0,9,0,寝顔中心・上下直線・左右16%曲線・枠外透過,71,一次一覧確認で確定なし（細部は実装後確認）,検出なし
ピカチュウ_クリスマス_寝顔1_まるまり寝.webp,ピカチュウ_クリスマス/ピカチュウ_クリスマス_寝顔1_まるまり寝.webp,0025,ピカチュウ,クリスマス,1,まるまり寝,IMG_1626.png,,加工済み・実装後確認,,"(163, 1205, 433, 1411)",一次切り抜き,未照合,画像/ピカチュウ_クリスマス/ピカチュウ_クリスマス_寝顔1_まるまり寝.webp,aa2491b538362643a8db89d1337cec210d20e2c3352e07be664a9471d36bbda5,0,0,0,寝顔中心・上下直線・左右16%曲線・枠外透過,72,一次一覧確認で確定なし（細部は実装後確認）,検出なし
ピカチュウ_クリスマス_寝顔2_プレゼント寝.webp,ピカチュウ_クリスマス/ピカチュウ_クリスマス_寝顔2_プレゼント寝.webp,0025,ピカチュウ,クリスマス,2,プレゼント寝,IMG_1626.png,,加工済み・実装後確認,,"(151, 1682, 433, 1865)",一次切り抜き,未照合,画像/ピカチュウ_クリスマス/ピカチュウ_クリスマス_寝顔2_プレゼント寝.webp,aa2491b538362643a8db89d1337cec210d20e2c3352e07be664a9471d36bbda5,0,0,0,寝顔中心・上下直線・左右16%曲線・枠外透過,73,一次一覧確認で確定なし（細部は実装後確認）,検出なし
ピカチュウ_船長_寝顔1_しっぽたち寝.webp,ピカチュウ_船長/ピカチュウ_船長_寝顔1_しっぽたち寝.webp,0025,ピカチュウ,船長,1,しっぽたち寝,IMG_1627.png,,加工済み・実装後確認,,"(180, 1646, 457, 1868)",撮り直し候補,未照合,画像/ピカチュウ_船長/ピカチュウ_船長_寝顔1_しっぽたち寝.webp,47b3efb49a9cff428890ab024698c0b373a20af9a8d24494dacf9adcad99ac57,0,0,0,寝顔中心・上下直線・左右16%曲線・枠外透過,74,一次一覧確認で確定なし（細部は実装後確認）,検出なし
ライチュウ_寝顔1_しっぽゆらゆら寝.webp,ライチュウ/ライチュウ_寝顔1_しっぽゆらゆら寝.webp,0026,ライチュウ,通常,1,しっぽゆらゆら寝,IMG_1628.png,,加工済み・実装後確認,,"(148, 559, 460, 759)",一次切り抜き,未照合,画像/ライチュウ/ライチュウ_寝顔1_しっぽゆらゆら寝.webp,2bd79d75013fd89498262ea1ff5ec3662b41320aff4335884d536e58dda1af43,0,3,0,寝顔中心・上下直線・左右16%曲線・枠外透過,75,一次一覧確認で確定なし（細部は実装後確認）,検出なし
ライチュウ_寝顔2_すわり寝.webp,ライチュウ/ライチュウ_寝顔2_すわり寝.webp,0026,ライチュウ,通常,2,すわり寝,IMG_1905.png,,加工済み・実装後確認,,"(226, 611, 887, 1180)",撮り直し候補,未照合,画像/ライチュウ/ライチュウ_寝顔2_すわり寝.webp,0a3df81375ea9394365b19962420a1e7778e6ef47823f148d70a0eb87f18b66b,,0,0,寝顔中心・上下直線・左右16%曲線・枠外透過,76,一次一覧確認で確定なし（細部は実装後確認）,検出なし
ライチュウ_寝顔3_しっぽアース寝.webp,ライチュウ/ライチュウ_寝顔3_しっぽアース寝.webp,0026,ライチュウ,通常,3,しっぽアース寝,IMG_1908(1).png,,加工済み・実装後確認,,"(228, 664, 910, 1125)",撮り直し候補,未照合,画像/ライチュウ/ライチュウ_寝顔3_しっぽアース寝.webp,99d94a4e5886b5161dd91a4c57669fa4aaf2d4fe4852ed1c46ae4f4aae243438,,0,0,寝顔中心・上下直線・左右16%曲線・枠外透過,77,一次一覧確認で確定なし（細部は実装後確認）,検出なし
ライチュウ_寝顔4_おなかのうえ寝.webp,ライチュウ/ライチュウ_寝顔4_おなかのうえ寝.webp,0026,ライチュウ,通常,4,おなかのうえ寝,IMG_1628.png,カビゴンは元画像に見える範囲のみ。再生ボタンの重なり部分は補描なし。,加工済み・実装後確認,再生ボタン残り：身体の欠損とは別,"(95, 1888, 525, 2167)",構図要確認,未照合,画像/ライチュウ/ライチュウ_寝顔4_おなかのうえ寝.webp,2bd79d75013fd89498262ea1ff5ec3662b41320aff4335884d536e58dda1af43,126,1768,0,寝顔中心・上下直線・左右16%曲線・枠外透過,78,一次一覧確認で確定なし（細部は実装後確認）,枠内に残る可能性
サンド_寝顔1_おなかだし寝.webp,サンド/サンド_寝顔1_おなかだし寝.webp,0027,サンド,通常,1,おなかだし寝,IMG_1909(1).png,,加工済み・実装後確認,,"(223, 619, 957, 1165)",撮り直し候補,未照合,画像/サンド/サンド_寝顔1_おなかだし寝.webp,618433283db3239163cd85b98eb6f237a5a747a852fbfcb4cbb0757baec92c9f,,0,0,寝顔中心・上下直線・左右16%曲線・枠外透過,79,一次一覧確認で確定なし（細部は実装後確認）,検出なし
サンド_寝顔2_こっくり寝.webp,サンド/サンド_寝顔2_こっくり寝.webp,0027,サンド,通常,2,こっくり寝,IMG_1910(1).png,,加工済み・実装後確認,,"(221, 541, 959, 1230)",撮り直し候補,未照合,画像/サンド/サンド_寝顔2_こっくり寝.webp,4b110ac24d7b826fb42cb05bd10de378e2caf90683f9c62ee4c61e6274af5026,,0,0,寝顔中心・上下直線・左右16%曲線・枠外透過,80,一次一覧確認で確定なし（細部は実装後確認）,検出なし
サンド_寝顔3_つちうまり寝.webp,サンド/サンド_寝顔3_つちうまり寝.webp,0027,サンド,通常,3,つちうまり寝,IMG_1629.png,,加工済み・実装後確認,,"(141, 1435, 433, 1673)",一次切り抜き,未照合,画像/サンド/サンド_寝顔3_つちうまり寝.webp,1dce7ff5397476bc192f5f6453a7ed75e19856cd84ab98ec664b6aa8a57f5a16,0,0,0,寝顔中心・上下直線・左右16%曲線・枠外透過,81,一次一覧確認で確定なし（細部は実装後確認）,検出なし
サンド_寝顔4_おなかのうえ寝.webp,サンド/サンド_寝顔4_おなかのうえ寝.webp,0027,サンド,通常,4,おなかのうえ寝,IMG_1629.png,カビゴンは元画像に見える範囲のみ。再生ボタンの重なり部分は補描なし。,加工済み・実装後確認,再生ボタン残り：身体の欠損とは別,"(95, 1873, 525, 2152)",構図要確認,未照合,画像/サンド/サンド_寝顔4_おなかのうえ寝.webp,1dce7ff5397476bc192f5f6453a7ed75e19856cd84ab98ec664b6aa8a57f5a16,868,1768,0,寝顔中心・上下直線・左右16%曲線・枠外透過,82,一次一覧確認で確定なし（細部は実装後確認）,枠内に残る可能性
サンドパン_寝顔1_かおごしごし寝.webp,サンドパン/サンドパン_寝顔1_かおごしごし寝.webp,0028,サンドパン,通常,1,かおごしごし寝,IMG_1911(1).png,,加工済み・実装後確認,,"(226, 624, 974, 1175)",撮り直し候補,未照合,画像/サンドパン/サンドパン_寝顔1_かおごしごし寝.webp,b47cc523efa21e4de5a0f65fd27cc3bf145e2135d41a7ad7f49096d9228653cf,,0,0,寝顔中心・上下直線・左右16%曲線・枠外透過,83,一次一覧確認で確定なし（細部は実装後確認）,検出なし
サンドパン_寝顔2_こっくり寝.webp,サンドパン/サンドパン_寝顔2_こっくり寝.webp,0028,サンドパン,通常,2,こっくり寝,IMG_1912(1).png,,加工済み・実装後確認,,"(241, 569, 939, 1243)",撮り直し候補,未照合,画像/サンドパン/サンドパン_寝顔2_こっくり寝.webp,7b5ce5da1df2657c53935649e992c135dfcdc418783cef874eb6599082afe9a9,,0,0,寝顔中心・上下直線・左右16%曲線・枠外透過,84,一次一覧確認で確定なし（細部は実装後確認）,検出なし
サンドパン_寝顔3_つちうまり寝.webp,サンドパン/サンドパン_寝顔3_つちうまり寝.webp,0028,サンドパン,通常,3,つちうまり寝,IMG_1919.png,,加工済み・実装後確認,,"(221, 576, 952, 1215)",撮り直し候補,未照合,画像/サンドパン/サンドパン_寝顔3_つちうまり寝.webp,ed1a14a59b82ab64d349e9e5872e6bd171e812baf8c841489a8b14c526cd53b6,,0,0,寝顔中心・上下直線・左右16%曲線・枠外透過,85,一次一覧確認で確定なし（細部は実装後確認）,検出なし
サンドパン_寝顔4_おなかのうえ寝.webp,サンドパン/サンドパン_寝顔4_おなかのうえ寝.webp,0028,サンドパン,通常,4,おなかのうえ寝,IMG_1630.png,カビゴンは元画像に見える範囲のみ。再生ボタンの重なり部分は補描なし。,加工済み・実装後確認,再生ボタン残り：身体の欠損とは別,"(95, 1803, 525, 2082)",構図要確認,未照合,画像/サンドパン/サンドパン_寝顔4_おなかのうえ寝.webp,ea791bae70a3818aa008f290d7d205d68b34c85aab07eb4beb3d503276ea3f45,3840,1768,0,寝顔中心・上下直線・左右16%曲線・枠外透過,86,一次一覧確認で確定なし（細部は実装後確認）,枠内に残る可能性
ピッピ_寝顔1_おだやか寝.webp,ピッピ/ピッピ_寝顔1_おだやか寝.webp,0035,ピッピ,通常,1,おだやか寝,IMG_1631.png,,加工済み・実装後確認,,"(187, 477, 428, 679)",一次切り抜き,未照合,画像/ピッピ/ピッピ_寝顔1_おだやか寝.webp,3961ee6753f579518b48d60e8fd8f74ad97824a27b0ce19557470518122fa1af,0,0,0,寝顔中心・上下直線・左右16%曲線・枠外透過,87,一次一覧確認で確定なし（細部は実装後確認）,検出なし
ピッピ_寝顔2_こっくり寝.webp,ピッピ/ピッピ_寝顔2_こっくり寝.webp,0035,ピッピ,通常,2,こっくり寝,IMG_1631.png,,加工済み・実装後確認,,"(175, 931, 428, 1142)",一次切り抜き,未照合,画像/ピッピ/ピッピ_寝顔2_こっくり寝.webp,3961ee6753f579518b48d60e8fd8f74ad97824a27b0ce19557470518122fa1af,0,0,0,寝顔中心・上下直線・左右16%曲線・枠外透過,88,一次一覧確認で確定なし（細部は実装後確認）,検出なし
ピッピ_寝顔3_ゆびをふる寝.webp,ピッピ/ピッピ_寝顔3_ゆびをふる寝.webp,0035,ピッピ,通常,3,ゆびをふる寝,IMG_1631.png,,加工済み・実装後確認,,"(175, 1381, 433, 1592)",一次切り抜き,未照合,画像/ピッピ/ピッピ_寝顔3_ゆびをふる寝.webp,3961ee6753f579518b48d60e8fd8f74ad97824a27b0ce19557470518122fa1af,0,0,0,寝顔中心・上下直線・左右16%曲線・枠外透過,89,一次一覧確認で確定なし（細部は実装後確認）,検出なし
ピッピ_寝顔4_おなかのうえ寝.webp,ピッピ/ピッピ_寝顔4_おなかのうえ寝.webp,0035,ピッピ,通常,4,おなかのうえ寝,IMG_1631.png,カビゴンは元画像に見える範囲のみ。再生ボタンの重なり部分は補描なし。,加工済み・実装後確認,再生ボタン残り：身体の欠損とは別,"(101, 1804, 517, 2084)",構図要確認,未照合,画像/ピッピ/ピッピ_寝顔4_おなかのうえ寝.webp,3961ee6753f579518b48d60e8fd8f74ad97824a27b0ce19557470518122fa1af,456,1762,0,寝顔中心・上下直線・左右16%曲線・枠外透過,90,一次一覧確認で確定なし（細部は実装後確認）,枠内に残る可能性
ピクシー_寝顔1_おだやか寝.webp,ピクシー/ピクシー_寝顔1_おだやか寝.webp,0036,ピクシー,通常,1,おだやか寝,IMG_1914(1).png,,加工済み・実装後確認,,"(171, 604, 1034, 1203)",撮り直し候補,未照合,画像/ピクシー/ピクシー_寝顔1_おだやか寝.webp,0b9fb66cdcb355cd4e40994ebf95391529ebd33082c50faa9d96cdd3d994ea0d,,0,0,寝顔中心・上下直線・左右16%曲線・枠外透過,91,一次一覧確認で確定なし（細部は実装後確認）,検出なし
ピクシー_寝顔2_こっくり寝.webp,ピクシー/ピクシー_寝顔2_こっくり寝.webp,0036,ピクシー,通常,2,こっくり寝,IMG_1915(1).png,,加工済み・実装後確認,,"(168, 594, 1032, 1198)",撮り直し候補,未照合,画像/ピクシー/ピクシー_寝顔2_こっくり寝.webp,16b61d76a2505c5569b6dd0822add0f5036c2bbed5a0c9f8d84fceb29c778b3b,,0,0,寝顔中心・上下直線・左右16%曲線・枠外透過,92,一次一覧確認で確定なし（細部は実装後確認）,検出なし
ピクシー_寝顔3_ゆびをふる寝.webp,ピクシー/ピクシー_寝顔3_ゆびをふる寝.webp,0036,ピクシー,通常,3,ゆびをふる寝,IMG_1916(1).png,,加工済み・実装後確認,,"(231, 581, 984, 1193)",撮り直し候補,未照合,画像/ピクシー/ピクシー_寝顔3_ゆびをふる寝.webp,f4285b87ded995da2cf4827f41a16a84a8e1972cf04a3555078f2e996a83f96e,,0,0,寝顔中心・上下直線・左右16%曲線・枠外透過,93,一次一覧確認で確定なし（細部は実装後確認）,検出なし
ピクシー_寝顔4_おなかのうえ寝.webp,ピクシー/ピクシー_寝顔4_おなかのうえ寝.webp,0036,ピクシー,通常,4,おなかのうえ寝,IMG_1632.png,カビゴンは元画像に見える範囲のみ。再生ボタンの重なり部分は補描なし。,加工済み・実装後確認,再生ボタン残り：身体の欠損とは別,"(95, 1822, 525, 2101)",構図要確認,未照合,画像/ピクシー/ピクシー_寝顔4_おなかのうえ寝.webp,67edb10f8bc7acba8215f06690ea2bd1e4ef8c27111e63a014c4b720153b64d0,3777,1768,0,寝顔中心・上下直線・左右16%曲線・枠外透過,94,一次一覧確認で確定なし（細部は実装後確認）,枠内に残る可能性
ロコン_寝顔1_まるまり寝.webp,ロコン/ロコン_寝顔1_まるまり寝.webp,0037,ロコン,通常,1,まるまり寝,IMG_1633.png,,加工済み・実装後確認,,"(143, 475, 462, 666)",一次切り抜き,未照合,画像/ロコン/ロコン_寝顔1_まるまり寝.webp,3cc20a73e3c62212dd81120a1ae0ef7f09187ca029c14c6dce112cd2f82eff04,0,0,0,寝顔中心・上下直線・左右16%曲線・枠外透過,95,一次一覧確認で確定なし（細部は実装後確認）,検出なし
ロコン_寝顔2_こっくり寝.webp,ロコン/ロコン_寝顔2_こっくり寝.webp,0037,ロコン,通常,2,こっくり寝,IMG_1917(1).png,,加工済み・実装後確認,,"(223, 589, 967, 1225)",撮り直し候補,未照合,画像/ロコン/ロコン_寝顔2_こっくり寝.webp,340b052529af5d80e942e70f358c1fd5607421236f845b0a9c6ad975fbc22a6f,,0,0,寝顔中心・上下直線・左右16%曲線・枠外透過,96,一次一覧確認で確定なし（細部は実装後確認）,検出なし
ロコン_寝顔3_ひのこ寝.webp,ロコン/ロコン_寝顔3_ひのこ寝.webp,0037,ロコン,通常,3,ひのこ寝,IMG_1920.png,,加工済み・実装後確認,,"(246, 656, 1092, 1118)",撮り直し候補,未照合,画像/ロコン/ロコン_寝顔3_ひのこ寝.webp,8d050a9236732748d6d7a065344250289ab03ab5ed2a14ef0c5940949712b6a3,,0,0,寝顔中心・上下直線・左右16%曲線・枠外透過,97,一次一覧確認で確定なし（細部は実装後確認）,検出なし
ロコン_寝顔4_おなかのうえ寝.webp,ロコン/ロコン_寝顔4_おなかのうえ寝.webp,0037,ロコン,通常,4,おなかのうえ寝,IMG_1633.png,カビゴンは元画像に見える範囲のみ。再生ボタンの重なり部分は補描なし。,加工済み・実装後確認,再生ボタン残り：身体の欠損とは別,"(95, 1805, 525, 2085)",構図要確認,未照合,画像/ロコン/ロコン_寝顔4_おなかのうえ寝.webp,3cc20a73e3c62212dd81120a1ae0ef7f09187ca029c14c6dce112cd2f82eff04,3329,1768,0,寝顔中心・上下直線・左右16%曲線・枠外透過,98,一次一覧確認で確定なし（細部は実装後確認）,枠内に残る可能性
ロコン_アローラ_寝顔1_まるまり寝.webp,ロコン_アローラ/ロコン_アローラ_寝顔1_まるまり寝.webp,0037,ロコン,アローラ,1,まるまり寝,IMG_1634.png,,加工済み・実装後確認,,"(142, 524, 459, 724)",一次切り抜き,未照合,画像/ロコン_アローラ/ロコン_アローラ_寝顔1_まるまり寝.webp,f9be124184d011c88e3942812c9b8f13033ec54c6677afbae9a71bb8693080cb,0,0,0,寝顔中心・上下直線・左右16%曲線・枠外透過,99,一次一覧確認で確定なし（細部は実装後確認）,検出なし
ロコン_アローラ_寝顔2_こっくり寝.webp,ロコン_アローラ/ロコン_アローラ_寝顔2_こっくり寝.webp,0037,ロコン,アローラ,2,こっくり寝,IMG_1921.png,,加工済み・実装後確認,,"(218, 594, 927, 1215)",撮り直し候補,未照合,画像/ロコン_アローラ/ロコン_アローラ_寝顔2_こっくり寝.webp,5048d6257d66dd1a87076fee5b66fb7c63f1cf8c86dca6e3639a4d85d147f94c,,0,0,寝顔中心・上下直線・左右16%曲線・枠外透過,100,一次一覧確認で確定なし（細部は実装後確認）,検出なし
ロコン_アローラ_寝顔3_こなゆき寝.webp,ロコン_アローラ/ロコン_アローラ_寝顔3_こなゆき寝.webp,0037,ロコン,アローラ,3,こなゆき寝,IMG_1922.png,,加工済み・実装後確認,,"(203, 654, 1077, 1138)",撮り直し候補,未照合,画像/ロコン_アローラ/ロコン_アローラ_寝顔3_こなゆき寝.webp,98898afc0367ee5e2211bacb37632638278a8acdcee82deb6039c3612aaccea4,,0,0,寝顔中心・上下直線・左右16%曲線・枠外透過,101,一次一覧確認で確定なし（細部は実装後確認）,検出なし
ロコン_アローラ_寝顔4_おなかのうえ寝.webp,ロコン_アローラ/ロコン_アローラ_寝顔4_おなかのうえ寝.webp,0037,ロコン,アローラ,4,おなかのうえ寝,IMG_1634.png,カビゴンは元画像に見える範囲のみ。再生ボタンの重なり部分は補描なし。,加工済み・実装後確認,再生ボタン残り：身体の欠損とは別,"(95, 1860, 525, 2140)",構図要確認,未照合,画像/ロコン_アローラ/ロコン_アローラ_寝顔4_おなかのうえ寝.webp,f9be124184d011c88e3942812c9b8f13033ec54c6677afbae9a71bb8693080cb,3788,1768,0,寝顔中心・上下直線・左右16%曲線・枠外透過,102,一次一覧確認で確定なし（細部は実装後確認）,枠内に残る可能性
キュウコン_寝顔1_のび寝.webp,キュウコン/キュウコン_寝顔1_のび寝.webp,0038,キュウコン,通常,1,のび寝,IMG_1923.png,,加工済み・実装後確認,,"(218, 626, 962, 1145)",撮り直し候補,未照合,画像/キュウコン/キュウコン_寝顔1_のび寝.webp,3a167f16c81651a37da8f2a006e59285fa2071a7984611d59c3f5d159fa4836d,,0,0,寝顔中心・上下直線・左右16%曲線・枠外透過,103,一次一覧確認で確定なし（細部は実装後確認）,検出なし
キュウコン_寝顔2_しっぽふわり寝.webp,キュウコン/キュウコン_寝顔2_しっぽふわり寝.webp,0038,キュウコン,通常,2,しっぽふわり寝,IMG_1924.png,,加工済み・実装後確認,,"(218, 606, 974, 1175)",撮り直し候補,未照合,画像/キュウコン/キュウコン_寝顔2_しっぽふわり寝.webp,49d2d9e6f4e2557db91993a376ae3e17cd3dac5776cc50d46c4caa39d8c22c7f,,0,0,寝顔中心・上下直線・左右16%曲線・枠外透過,104,一次一覧確認で確定なし（細部は実装後確認）,検出なし
キュウコン_寝顔3_しっぽふとん寝.webp,キュウコン/キュウコン_寝顔3_しっぽふとん寝.webp,0038,キュウコン,通常,3,しっぽふとん寝,IMG_1926.png,,加工済み・実装後確認,,"(278, 681, 959, 1160)",撮り直し候補,未照合,画像/キュウコン/キュウコン_寝顔3_しっぽふとん寝.webp,c578f99d743d71d6876557b2728bf570dd9f790417f0d34fa0323e2dc3bec55f,,0,0,寝顔中心・上下直線・左右16%曲線・枠外透過,105,一次一覧確認で確定なし（細部は実装後確認）,検出なし
キュウコン_寝顔4_おなかのうえ寝.webp,キュウコン/キュウコン_寝顔4_おなかのうえ寝.webp,0038,キュウコン,通常,4,おなかのうえ寝,IMG_1870.png,カビゴンは元画像に見える範囲のみ。再生ボタンの重なり部分は補描なし。,加工済み・実装後確認,,"(91, 571, 1089, 1357)",構図要確認,未照合,画像/キュウコン/キュウコン_寝顔4_おなかのうえ寝.webp,0cee36aac9964a903e4f037dc5ba768f6c41ee3d1ee9e42c856519568f7334c2,,0,0,寝顔中心・上下直線・左右16%曲線・枠外透過,106,一次一覧確認で確定なし（細部は実装後確認）,検出なし
キュウコン_アローラ_寝顔1_のび寝.webp,キュウコン_アローラ/キュウコン_アローラ_寝顔1_のび寝.webp,0038,キュウコン,アローラ,1,のび寝,IMG_1927.png,,加工済み・実装後確認,,"(218, 636, 957, 1143)",撮り直し候補,未照合,画像/キュウコン_アローラ/キュウコン_アローラ_寝顔1_のび寝.webp,317db3a0b3bce76bb5e357aebc928900d5ee2c86867a3297696d2d790405493b,,0,0,寝顔中心・上下直線・左右16%曲線・枠外透過,107,一次一覧確認で確定なし（細部は実装後確認）,検出なし
キュウコン_アローラ_寝顔2_しっぽふわり寝.webp,キュウコン_アローラ/キュウコン_アローラ_寝顔2_しっぽふわり寝.webp,0038,キュウコン,アローラ,2,しっぽふわり寝,IMG_1928.png,,加工済み・実装後確認,,"(206, 621, 977, 1168)",撮り直し候補,未照合,画像/キュウコン_アローラ/キュウコン_アローラ_寝顔2_しっぽふわり寝.webp,749286df849ad007563d6870edd68cfa1041080df24133c286f3249791dc4ce0,,0,0,寝顔中心・上下直線・左右16%曲線・枠外透過,108,一次一覧確認で確定なし（細部は実装後確認）,検出なし
キュウコン_アローラ_寝顔3_しっぽつつまれ寝.webp,キュウコン_アローラ/キュウコン_アローラ_寝顔3_しっぽつつまれ寝.webp,0038,キュウコン,アローラ,3,しっぽつつまれ寝,IMG_1929.png,,加工済み・実装後確認,,"(218, 596, 969, 1160)",撮り直し候補,未照合,画像/キュウコン_アローラ/キュウコン_アローラ_寝顔3_しっぽつつまれ寝.webp,3e7c2db5f6c7ee86f9626269b633f1d2a2ce7016b1c094c3c687ec2b13294b4e,,0,0,寝顔中心・上下直線・左右16%曲線・枠外透過,109,一次一覧確認で確定なし（細部は実装後確認）,検出なし
キュウコン_アローラ_寝顔4_おなかのうえ寝.webp,キュウコン_アローラ/キュウコン_アローラ_寝顔4_おなかのうえ寝.webp,0038,キュウコン,アローラ,4,おなかのうえ寝,IMG_1871.png,カビゴンは元画像に見える範囲のみ。再生ボタンの重なり部分は補描なし。,加工済み・実装後確認,,"(91, 571, 1089, 1357)",構図要確認,未照合,画像/キュウコン_アローラ/キュウコン_アローラ_寝顔4_おなかのうえ寝.webp,4bc0a5c30e8abc7bdc524644e47f899d4c21cc417dddfbb709442f4b03d2bf8e,,0,0,寝顔中心・上下直線・左右16%曲線・枠外透過,110,一次一覧確認で確定なし（細部は実装後確認）,検出なし
プリン_寝顔1_すわり寝.webp,プリン/プリン_寝顔1_すわり寝.webp,0039,プリン,通常,1,すわり寝,IMG_1637.png,,加工済み・実装後確認,,"(185, 513, 433, 727)",一次切り抜き,未照合,画像/プリン/プリン_寝顔1_すわり寝.webp,5089ec5a15588508440cc01833af0996b08c6372231d28ae57f1ffda2576e19e,0,0,0,寝顔中心・上下直線・左右16%曲線・枠外透過,111,一次一覧確認で確定なし（細部は実装後確認）,検出なし
プリン_寝顔2_ぼんやり寝.webp,プリン/プリン_寝顔2_ぼんやり寝.webp,0039,プリン,通常,2,ぼんやり寝,IMG_1637.png,,加工済み・実装後確認,,"(173, 963, 433, 1190)",一次切り抜き,未照合,画像/プリン/プリン_寝顔2_ぼんやり寝.webp,5089ec5a15588508440cc01833af0996b08c6372231d28ae57f1ffda2576e19e,0,0,0,寝顔中心・上下直線・左右16%曲線・枠外透過,112,一次一覧確認で確定なし（細部は実装後確認）,検出なし
プリン_寝顔3_うたう寝.webp,プリン/プリン_寝顔3_うたう寝.webp,0039,プリン,通常,3,うたう寝,IMG_1637.png,,加工済み・実装後確認,,"(173, 1414, 433, 1642)",一次切り抜き,未照合,画像/プリン/プリン_寝顔3_うたう寝.webp,5089ec5a15588508440cc01833af0996b08c6372231d28ae57f1ffda2576e19e,0,0,0,寝顔中心・上下直線・左右16%曲線・枠外透過,113,一次一覧確認で確定なし（細部は実装後確認）,検出なし
プリン_寝顔4_おなかのうえ寝.webp,プリン/プリン_寝顔4_おなかのうえ寝.webp,0039,プリン,通常,4,おなかのうえ寝,IMG_1637.png,カビゴンは元画像に見える範囲のみ。再生ボタンの重なり部分は補描なし。,加工済み・実装後確認,再生ボタン残り：身体の欠損とは別,"(95, 1851, 525, 2131)",構図要確認,未照合,画像/プリン/プリン_寝顔4_おなかのうえ寝.webp,5089ec5a15588508440cc01833af0996b08c6372231d28ae57f1ffda2576e19e,791,1768,0,寝顔中心・上下直線・左右16%曲線・枠外透過,114,一次一覧確認で確定なし（細部は実装後確認）,枠内に残る可能性
プクリン_寝顔1_ほほえみ寝.webp,プクリン/プクリン_寝顔1_ほほえみ寝.webp,0040,プクリン,通常,1,ほほえみ寝,IMG_1931.png,,加工済み・実装後確認,,"(168, 599, 924, 1233)",撮り直し候補,未照合,画像/プクリン/プクリン_寝顔1_ほほえみ寝.webp,7e88d2f012bef67883c654f6e128e295ab51c17b7e81afb2136959fb127cdac7,,0,0,寝顔中心・上下直線・左右16%曲線・枠外透過,115,一次一覧確認で確定なし（細部は実装後確認）,検出なし
プクリン_寝顔2_びっくり寝.webp,プクリン/プクリン_寝顔2_びっくり寝.webp,0040,プクリン,通常,2,びっくり寝,IMG_1932.png,,加工済み・実装後確認,,"(243, 729, 972, 1193)",撮り直し候補,未照合,画像/プクリン/プクリン_寝顔2_びっくり寝.webp,a7d8f9672d34e47ed56574d4231f57822d4e2b55d7d869b0367d568afd943218,,0,0,寝顔中心・上下直線・左右16%曲線・枠外透過,116,一次一覧確認で確定なし（細部は実装後確認）,検出なし
プクリン_寝顔3_ぷくぷく寝.webp,プクリン/プクリン_寝顔3_ぷくぷく寝.webp,0040,プクリン,通常,3,ぷくぷく寝,IMG_1933.png,,加工済み・実装後確認,,"(246, 609, 957, 1180)",撮り直し候補,未照合,画像/プクリン/プクリン_寝顔3_ぷくぷく寝.webp,93e3b2838f5b50718f9225228b869a22ea21da13f43a8d6893445b1340b67857,,0,0,寝顔中心・上下直線・左右16%曲線・枠外透過,117,一次一覧確認で確定なし（細部は実装後確認）,検出なし
プクリン_寝顔4_おなかのうえ寝.webp,プクリン/プクリン_寝顔4_おなかのうえ寝.webp,0040,プクリン,通常,4,おなかのうえ寝,IMG_1638.png,カビゴンは元画像に見える範囲のみ。再生ボタンの重なり部分は補描なし。,加工済み・実装後確認,再生ボタン残り：身体の欠損とは別,"(95, 1876, 525, 2156)",構図要確認,未照合,画像/プクリン/プクリン_寝顔4_おなかのうえ寝.webp,df28539bc38ae792926b77298a2465e29895ed01d46f2ebfd729b60d8c174951,126,1768,0,寝顔中心・上下直線・左右16%曲線・枠外透過,118,一次一覧確認で確定なし（細部は実装後確認）,枠内に残る可能性
ディグダ_寝顔1_ちちゅう寝.webp,ディグダ/ディグダ_寝顔1_ちちゅう寝.webp,0050,ディグダ,通常,1,ちちゅう寝,IMG_1639.png,,加工済み・実装後確認,,"(177, 757, 433, 951)",一次切り抜き,未照合,画像/ディグダ/ディグダ_寝顔1_ちちゅう寝.webp,30b89d9779bba2b82f30e9bfaeb5f49b32dc10e4329d65b399730db02843a8a4,0,0,0,寝顔中心・上下直線・左右16%曲線・枠外透過,119,一次一覧確認で確定なし（細部は実装後確認）,検出なし
ディグダ_寝顔2_ちじょう寝.webp,ディグダ/ディグダ_寝顔2_ちじょう寝.webp,0050,ディグダ,通常,2,ちじょう寝,IMG_1639.png,,加工済み・実装後確認,,"(173, 1193, 433, 1417)",一次切り抜き,未照合,画像/ディグダ/ディグダ_寝顔2_ちじょう寝.webp,30b89d9779bba2b82f30e9bfaeb5f49b32dc10e4329d65b399730db02843a8a4,0,0,0,寝顔中心・上下直線・左右16%曲線・枠外透過,120,一次一覧確認で確定なし（細部は実装後確認）,検出なし
ディグダ_寝顔3_あなをほる寝.webp,ディグダ/ディグダ_寝顔3_あなをほる寝.webp,0050,ディグダ,通常,3,あなをほる寝,IMG_1639.png,,加工済み・実装後確認,,"(173, 1651, 433, 1876)",一次切り抜き,未照合,画像/ディグダ/ディグダ_寝顔3_あなをほる寝.webp,30b89d9779bba2b82f30e9bfaeb5f49b32dc10e4329d65b399730db02843a8a4,0,0,0,寝顔中心・上下直線・左右16%曲線・枠外透過,121,一次一覧確認で確定なし（細部は実装後確認）,検出なし
ダグトリオ_寝顔1_ちちゅう寝.webp,ダグトリオ/ダグトリオ_寝顔1_ちちゅう寝.webp,0051,ダグトリオ,通常,1,ちちゅう寝,IMG_1934.png,,加工済み・実装後確認,,"(61, 604, 962, 1178)",撮り直し候補,未照合,画像/ダグトリオ/ダグトリオ_寝顔1_ちちゅう寝.webp,f7e5a14e16c2c588cce784dd5bf4635f5f58dafc15a3dc16a6f98e88f50474ec,,0,0,寝顔中心・上下直線・左右16%曲線・枠外透過,122,一次一覧確認で確定なし（細部は実装後確認）,検出なし
ダグトリオ_寝顔2_ちじょう寝.webp,ダグトリオ/ダグトリオ_寝顔2_ちじょう寝.webp,0051,ダグトリオ,通常,2,ちじょう寝,IMG_1935.png,,加工済み・実装後確認,,"(218, 581, 962, 1203)",撮り直し候補,未照合,画像/ダグトリオ/ダグトリオ_寝顔2_ちじょう寝.webp,9d685025723f5d8174e28caea9fab267b64450c0be20559801e378ce9177ce5a,,0,0,寝顔中心・上下直線・左右16%曲線・枠外透過,123,一次一覧確認で確定なし（細部は実装後確認）,検出なし
ダグトリオ_寝顔3_みつごなかよし寝.webp,ダグトリオ/ダグトリオ_寝顔3_みつごなかよし寝.webp,0051,ダグトリオ,通常,3,みつごなかよし寝,IMG_1936.png,,加工済み・実装後確認,,"(218, 619, 957, 1168)",撮り直し候補,未照合,画像/ダグトリオ/ダグトリオ_寝顔3_みつごなかよし寝.webp,6d057cc2f5246bcf5b900849e5ce549383377b9dbf2cf62dd5d0324e180d227a,,0,0,寝顔中心・上下直線・左右16%曲線・枠外透過,124,一次一覧確認で確定なし（細部は実装後確認）,検出なし
ニャース_寝顔1_まるまり寝.webp,ニャース/ニャース_寝顔1_まるまり寝.webp,0052,ニャース,通常,1,まるまり寝,IMG_1641.png,,加工済み・実装後確認,,"(163, 563, 433, 788)",一次切り抜き,未照合,画像/ニャース/ニャース_寝顔1_まるまり寝.webp,fd28bb4320d2d0552af0698e06598bfa232151d9ad611ad1d986a5ba1308fdd0,0,0,0,寝顔中心・上下直線・左右16%曲線・枠外透過,125,一次一覧確認で確定なし（細部は実装後確認）,検出なし
ニャース_寝顔2_すわり寝.webp,ニャース/ニャース_寝顔2_すわり寝.webp,0052,ニャース,通常,2,すわり寝,IMG_1641.png,,加工済み・実装後確認,,"(175, 1024, 433, 1243)",一次切り抜き,未照合,画像/ニャース/ニャース_寝顔2_すわり寝.webp,fd28bb4320d2d0552af0698e06598bfa232151d9ad611ad1d986a5ba1308fdd0,0,0,0,寝顔中心・上下直線・左右16%曲線・枠外透過,126,一次一覧確認で確定なし（細部は実装後確認）,検出なし
ニャース_寝顔3_ネコにこばん寝.webp,ニャース/ニャース_寝顔3_ネコにこばん寝.webp,0052,ニャース,通常,3,ネコにこばん寝,IMG_1938.png,,加工済み・実装後確認,,"(208, 599, 964, 1165)",撮り直し候補,未照合,画像/ニャース/ニャース_寝顔3_ネコにこばん寝.webp,2833b84e710613f13ba994f8420d93ef5c60b130ac302c3dda18c7d91dfd10a1,,0,0,寝顔中心・上下直線・左右16%曲線・枠外透過,127,一次一覧確認で確定なし（細部は実装後確認）,検出なし
ニャース_寝顔4_おなかのうえ寝.webp,ニャース/ニャース_寝顔4_おなかのうえ寝.webp,0052,ニャース,通常,4,おなかのうえ寝,IMG_1641.png,カビゴンは元画像に見える範囲のみ。再生ボタンの重なり部分は補描なし。,加工済み・実装後確認,再生ボタン残り：身体の欠損とは別,"(176, 1906, 525, 2186)",構図要確認,未照合,画像/ニャース/ニャース_寝顔4_おなかのうえ寝.webp,fd28bb4320d2d0552af0698e06598bfa232151d9ad611ad1d986a5ba1308fdd0,3460,1768,0,寝顔中心・上下直線・左右16%曲線・枠外透過,128,一次一覧確認で確定なし（細部は実装後確認）,枠内に残る可能性
ペルシアン_寝顔1_ゆうが寝.webp,ペルシアン/ペルシアン_寝顔1_ゆうが寝.webp,0053,ペルシアン,通常,1,ゆうが寝,IMG_1939.png,,加工済み・実装後確認,,"(228, 671, 957, 1120)",撮り直し候補,未照合,画像/ペルシアン/ペルシアン_寝顔1_ゆうが寝.webp,e14b04ad99cb03e4cd3bcdaa14a0f9929dd1c3489b550765253c4a66e85bacd6,,0,0,寝顔中心・上下直線・左右16%曲線・枠外透過,129,一次一覧確認で確定なし（細部は実装後確認）,検出なし
ペルシアン_寝顔2_ふんばり寝.webp,ペルシアン/ペルシアン_寝顔2_ふんばり寝.webp,0053,ペルシアン,通常,2,ふんばり寝,IMG_1940.png,,加工済み・実装後確認,,"(243, 611, 947, 1155)",撮り直し候補,未照合,画像/ペルシアン/ペルシアン_寝顔2_ふんばり寝.webp,b0a391f692614c8c31e5ff42c1346047fb4a187d291e7dd1c05456942752499b,,0,0,寝顔中心・上下直線・左右16%曲線・枠外透過,130,一次一覧確認で確定なし（細部は実装後確認）,検出なし
ペルシアン_寝顔3_ごめん寝.webp,ペルシアン/ペルシアン_寝顔3_ごめん寝.webp,0053,ペルシアン,通常,3,ごめん寝,IMG_1941.png,,加工済み・実装後確認,,"(236, 649, 947, 1138)",撮り直し候補,未照合,画像/ペルシアン/ペルシアン_寝顔3_ごめん寝.webp,e6b9d383fafff4bb8a4ae7fa275f16182a9a923208183895a68838c6949ee84b,,0,0,寝顔中心・上下直線・左右16%曲線・枠外透過,131,一次一覧確認で確定なし（細部は実装後確認）,検出なし
ペルシアン_寝顔4_おなかのうえ寝.webp,ペルシアン/ペルシアン_寝顔4_おなかのうえ寝.webp,0053,ペルシアン,通常,4,おなかのうえ寝,IMG_1642.png,カビゴンは元画像に見える範囲のみ。再生ボタンの重なり部分は補描なし。,加工済み・実装後確認,再生ボタン残り：身体の欠損とは別,"(95, 1886, 525, 2166)",構図要確認,未照合,画像/ペルシアン/ペルシアン_寝顔4_おなかのうえ寝.webp,b8d6f7a565a6fa7371fe857f4f983b8ebd0b8add0ec42538361b6118cbdb8b13,806,1768,0,寝顔中心・上下直線・左右16%曲線・枠外透過,132,一次一覧確認で確定なし（細部は実装後確認）,枠内に残る可能性
コダック_寝顔1_ずつう寝.webp,コダック/コダック_寝顔1_ずつう寝.webp,0054,コダック,通常,1,ずつう寝,IMG_1643(1).png,,加工済み・実装後確認,,"(167, 553, 433, 786)",一次切り抜き,未照合,画像/コダック/コダック_寝顔1_ずつう寝.webp,b108dee0961fd00754fd2485ea176e0a9b495a16a6d61a33bdbf622939c30200,0,0,0,寝顔中心・上下直線・左右16%曲線・枠外透過,133,一次一覧確認で確定なし（細部は実装後確認）,検出なし
コダック_寝顔2_おおあくび寝.webp,コダック/コダック_寝顔2_おおあくび寝.webp,0054,コダック,通常,2,おおあくび寝,IMG_1942.png,,加工済み・実装後確認,,"(306, 616, 867, 1245)",撮り直し候補,未照合,画像/コダック/コダック_寝顔2_おおあくび寝.webp,8412c9295d33588fa3f35e9a8ddfbd5bdf70f48822c5814d0d6bcd5ae9bd964c,,0,0,寝顔中心・上下直線・左右16%曲線・枠外透過,134,一次一覧確認で確定なし（細部は実装後確認）,検出なし
コダック_寝顔3_やだやだ寝.webp,コダック/コダック_寝顔3_やだやだ寝.webp,0054,コダック,通常,3,やだやだ寝,IMG_1643(1).png,,加工済み・実装後確認,,"(167, 1458, 433, 1693)",一次切り抜き,未照合,画像/コダック/コダック_寝顔3_やだやだ寝.webp,b108dee0961fd00754fd2485ea176e0a9b495a16a6d61a33bdbf622939c30200,0,0,0,寝顔中心・上下直線・左右16%曲線・枠外透過,135,一次一覧確認で確定なし（細部は実装後確認）,検出なし
コダック_寝顔4_おなかのうえ寝.webp,コダック/コダック_寝顔4_おなかのうえ寝.webp,0054,コダック,通常,4,おなかのうえ寝,IMG_1643(1).png,カビゴンは元画像に見える範囲のみ。再生ボタンの重なり部分は補描なし。,加工済み・実装後確認,再生ボタン残り：身体の欠損とは別,"(95, 1898, 525, 2177)",構図要確認,未照合,画像/コダック/コダック_寝顔4_おなかのうえ寝.webp,b108dee0961fd00754fd2485ea176e0a9b495a16a6d61a33bdbf622939c30200,503,1768,0,寝顔中心・上下直線・左右16%曲線・枠外透過,136,一次一覧確認で確定なし（細部は実装後確認）,枠内に残る可能性
ゴルダック_寝顔1_うでまくら寝.webp,ゴルダック/ゴルダック_寝顔1_うでまくら寝.webp,0055,ゴルダック,通常,1,うでまくら寝,IMG_1943.png,,加工済み・実装後確認,,"(231, 679, 919, 1135)",撮り直し候補,未照合,画像/ゴルダック/ゴルダック_寝顔1_うでまくら寝.webp,f59e6748ee6a42e943c10dfb53ada90d95591c2f16e72c07f9eaa64a22573122,,0,0,寝顔中心・上下直線・左右16%曲線・枠外透過,137,一次一覧確認で確定なし（細部は実装後確認）,検出なし
ゴルダック_寝顔2_おしりかき寝.webp,ゴルダック/ゴルダック_寝顔2_おしりかき寝.webp,0055,ゴルダック,通常,2,おしりかき寝,IMG_1944.png,,加工済み・実装後確認,,"(318, 619, 944, 1245)",撮り直し候補,未照合,画像/ゴルダック/ゴルダック_寝顔2_おしりかき寝.webp,ce8de2ea2f6b6b6bdb2a80e155c42c67fcb93ecee4b51fde3592392f111d8bed,,0,0,寝顔中心・上下直線・左右16%曲線・枠外透過,138,一次一覧確認で確定なし（細部は実装後確認）,検出なし
ゴルダック_寝顔3_およぎ寝.webp,ゴルダック/ゴルダック_寝顔3_およぎ寝.webp,0055,ゴルダック,通常,3,およぎ寝,IMG_1945.png,,加工済み・実装後確認,,"(218, 659, 897, 1125)",撮り直し候補,未照合,画像/ゴルダック/ゴルダック_寝顔3_およぎ寝.webp,2e7da2d7203e2c7c97c01455aafeae172926e8d14e21004f2652013a373b0bd8,,0,0,寝顔中心・上下直線・左右16%曲線・枠外透過,139,一次一覧確認で確定なし（細部は実装後確認）,検出なし
ゴルダック_寝顔4_おなかのうえ寝.webp,ゴルダック/ゴルダック_寝顔4_おなかのうえ寝.webp,0055,ゴルダック,通常,4,おなかのうえ寝,IMG_1644(1).png,カビゴンは元画像に見える範囲のみ。再生ボタンの重なり部分は補描なし。,加工済み・実装後確認,再生ボタン残り：身体の欠損とは別,"(120, 1792, 498, 2071)",構図要確認,未照合,画像/ゴルダック/ゴルダック_寝顔4_おなかのうえ寝.webp,cde9d55568d49faad764c89c3c80b3006eef18e2b7169d03a84e4c48238239bb,1708,1361,0,寝顔中心・上下直線・左右16%曲線・枠外透過,140,一次一覧確認で確定なし（細部は実装後確認）,枠内に残る可能性
マンキー_寝顔1_おこり寝.webp,マンキー/マンキー_寝顔1_おこり寝.webp,0056,マンキー,通常,1,おこり寝,IMG_1645(1).png,,加工済み・実装後確認,,"(165, 493, 452, 730)",一次切り抜き,未照合,画像/マンキー/マンキー_寝顔1_おこり寝.webp,b05cab15888d51a3b7cf9d4a5b426a71109bf4a0db75ec218bc16d7110668d85,0,0,0,寝顔中心・上下直線・左右16%曲線・枠外透過,141,一次一覧確認で確定なし（細部は実装後確認）,検出なし
マンキー_寝顔2_ぼうだち寝.webp,マンキー/マンキー_寝顔2_ぼうだち寝.webp,0056,マンキー,通常,2,ぼうだち寝,IMG_1946.png,,加工済み・実装後確認,,"(221, 559, 964, 1205)",撮り直し候補,未照合,画像/マンキー/マンキー_寝顔2_ぼうだち寝.webp,784f5d845df2ce440b37a7668f83395cd23fd718cb7be2d0610c4742ef5f7171,,0,0,寝顔中心・上下直線・左右16%曲線・枠外透過,142,一次一覧確認で確定なし（細部は実装後確認）,検出なし
マンキー_寝顔3_おだやか寝.webp,マンキー/マンキー_寝顔3_おだやか寝.webp,0056,マンキー,通常,3,おだやか寝,IMG_1645(1).png,,加工済み・実装後確認,,"(163, 1411, 433, 1647)",一次切り抜き,未照合,画像/マンキー/マンキー_寝顔3_おだやか寝.webp,b05cab15888d51a3b7cf9d4a5b426a71109bf4a0db75ec218bc16d7110668d85,0,0,0,寝顔中心・上下直線・左右16%曲線・枠外透過,143,一次一覧確認で確定なし（細部は実装後確認）,検出なし
マンキー_寝顔4_おなかのうえ寝.webp,マンキー/マンキー_寝顔4_おなかのうえ寝.webp,0056,マンキー,通常,4,おなかのうえ寝,IMG_1645(1).png,カビゴンは元画像に見える範囲のみ。再生ボタンの重なり部分は補描なし。,加工済み・実装後確認,再生ボタン残り：身体の欠損とは別,"(132, 1846, 489, 2126)",構図要確認,未照合,画像/マンキー/マンキー_寝顔4_おなかのうえ寝.webp,b05cab15888d51a3b7cf9d4a5b426a71109bf4a0db75ec218bc16d7110668d85,1211,1104,0,寝顔中心・上下直線・左右16%曲線・枠外透過,144,一次一覧確認で確定なし（細部は実装後確認）,枠内に残る可能性
オコリザル_寝顔1_おこり寝.webp,オコリザル/オコリザル_寝顔1_おこり寝.webp,0057,オコリザル,通常,1,おこり寝,IMG_1947.png,,加工済み・実装後確認,,"(243, 569, 954, 1220)",撮り直し候補,未照合,画像/オコリザル/オコリザル_寝顔1_おこり寝.webp,168093d81d2d417a2b678c5593623c04e2d3ef47bb24f50476f774be0902279d,,0,0,寝顔中心・上下直線・左右16%曲線・枠外透過,145,一次一覧確認で確定なし（細部は実装後確認）,検出なし
オコリザル_寝顔2_じだんだ寝.webp,オコリザル/オコリザル_寝顔2_じだんだ寝.webp,0057,オコリザル,通常,2,じだんだ寝,IMG_1948.png,,加工済み・実装後確認,,"(151, 571, 900, 1268)",撮り直し候補,未照合,画像/オコリザル/オコリザル_寝顔2_じだんだ寝.webp,14dc71bcd44b271c576866a66d9e7e2b6f2d0e282c159bb0e2bf1591ea383eeb,,0,0,寝顔中心・上下直線・左右16%曲線・枠外透過,146,一次一覧確認で確定なし（細部は実装後確認）,検出なし
オコリザル_寝顔3_おだやか寝.webp,オコリザル/オコリザル_寝顔3_おだやか寝.webp,0057,オコリザル,通常,3,おだやか寝,IMG_1949.png,,加工済み・実装後確認,,"(218, 624, 964, 1160)",撮り直し候補,未照合,画像/オコリザル/オコリザル_寝顔3_おだやか寝.webp,526a0ae05e6c30494bd200e4b063c1638b40e716f8a530fd4ad4f3453b595edb,,0,0,寝顔中心・上下直線・左右16%曲線・枠外透過,147,一次一覧確認で確定なし（細部は実装後確認）,検出なし
オコリザル_寝顔4_おなかのうえ寝.webp,オコリザル/オコリザル_寝顔4_おなかのうえ寝.webp,0057,オコリザル,通常,4,おなかのうえ寝,IMG_1646(1).png,カビゴンは元画像に見える範囲のみ。再生ボタンの重なり部分は補描なし。,加工済み・実装後確認,再生ボタン残り：身体の欠損とは別,"(95, 1868, 525, 2147)",構図要確認,未照合,画像/オコリザル/オコリザル_寝顔4_おなかのうえ寝.webp,e035ad89a9ef0f6129ce9aad7e14270bbb617bc8f0b2cdac7478ed18e127d2b6,2128,1768,0,寝顔中心・上下直線・左右16%曲線・枠外透過,148,一次一覧確認で確定なし（細部は実装後確認）,枠内に残る可能性
ガーディ_寝顔1_のび寝.webp,ガーディ/ガーディ_寝顔1_のび寝.webp,0058,ガーディ,通常,1,のび寝,IMG_1647(1).png,,加工済み・実装後確認,,"(156, 556, 450, 727)",一次切り抜き,未照合,画像/ガーディ/ガーディ_寝顔1_のび寝.webp,e03fb9c0cec980a81e0ae30a79fe97636ee5466e9e2de9ae49f297f41acfb552,0,0,0,寝顔中心・上下直線・左右16%曲線・枠外透過,149,一次一覧確認で確定なし（細部は実装後確認）,検出なし
ガーディ_寝顔2_おすわり寝.webp,ガーディ/ガーディ_寝顔2_おすわり寝.webp,0058,ガーディ,通常,2,おすわり寝,IMG_1647(1).png,,加工済み・実装後確認,,"(178, 981, 433, 1210)",一次切り抜き,未照合,画像/ガーディ/ガーディ_寝顔2_おすわり寝.webp,e03fb9c0cec980a81e0ae30a79fe97636ee5466e9e2de9ae49f297f41acfb552,0,0,0,寝顔中心・上下直線・左右16%曲線・枠外透過,150,一次一覧確認で確定なし（細部は実装後確認）,検出なし
ガーディ_寝顔3_へそてん寝.webp,ガーディ/ガーディ_寝顔3_へそてん寝.webp,0058,ガーディ,通常,3,へそてん寝,IMG_1647(1).png,,加工済み・実装後確認,,"(157, 1466, 460, 1641)",一次切り抜き,未照合,画像/ガーディ/ガーディ_寝顔3_へそてん寝.webp,e03fb9c0cec980a81e0ae30a79fe97636ee5466e9e2de9ae49f297f41acfb552,0,0,0,寝顔中心・上下直線・左右16%曲線・枠外透過,151,一次一覧確認で確定なし（細部は実装後確認）,検出なし
ガーディ_寝顔4_おなかのうえ寝.webp,ガーディ/ガーディ_寝顔4_おなかのうえ寝.webp,0058,ガーディ,通常,4,おなかのうえ寝,IMG_1647(1).png,カビゴンは元画像に見える範囲のみ。再生ボタンの重なり部分は補描なし。,加工済み・実装後確認,再生ボタン残り：身体の欠損とは別,"(111, 1863, 510, 2142)",構図要確認,未照合,画像/ガーディ/ガーディ_寝顔4_おなかのうえ寝.webp,e03fb9c0cec980a81e0ae30a79fe97636ee5466e9e2de9ae49f297f41acfb552,112,1703,0,寝顔中心・上下直線・左右16%曲線・枠外透過,152,一次一覧確認で確定なし（細部は実装後確認）,枠内に残る可能性
ウインディ_寝顔1_ふせ寝.webp,ウインディ/ウインディ_寝顔1_ふせ寝.webp,0059,ウインディ,通常,1,ふせ寝,IMG_1950.png,,加工済み・実装後確認,,"(221, 614, 917, 1203)",撮り直し候補,未照合,画像/ウインディ/ウインディ_寝顔1_ふせ寝.webp,7754768ad27561d3972c5588c0ff68770e0e6523a6101940ca67d9e3d7d3dffa,,0,0,寝顔中心・上下直線・左右16%曲線・枠外透過,153,一次一覧確認で確定なし（細部は実装後確認）,検出なし
ウインディ_寝顔2_おすわり寝.webp,ウインディ/ウインディ_寝顔2_おすわり寝.webp,0059,ウインディ,通常,2,おすわり寝,IMG_1951.png,,加工済み・実装後確認,,"(243, 624, 964, 1153)",撮り直し候補,未照合,画像/ウインディ/ウインディ_寝顔2_おすわり寝.webp,08235ec9019174f760419953e1b4aac94db2a4315695a0d673d7d16e68dc31cd,,0,0,寝顔中心・上下直線・左右16%曲線・枠外透過,154,一次一覧確認で確定なし（細部は実装後確認）,検出なし
ウインディ_寝顔3_へそてん寝.webp,ウインディ/ウインディ_寝顔3_へそてん寝.webp,0059,ウインディ,通常,3,へそてん寝,IMG_1952.png,,加工済み・実装後確認,,"(236, 644, 959, 1160)",撮り直し候補,未照合,画像/ウインディ/ウインディ_寝顔3_へそてん寝.webp,7f000e4d3108dc2757ba54e14cb329eca3f8f762106fbd2375ad7457237e7070,,0,0,寝顔中心・上下直線・左右16%曲線・枠外透過,155,一次一覧確認で確定なし（細部は実装後確認）,検出なし
ウインディ_寝顔4_おなかのうえ寝.webp,ウインディ/ウインディ_寝顔4_おなかのうえ寝.webp,0059,ウインディ,通常,4,おなかのうえ寝,IMG_1648(1).png,カビゴンは元画像に見える範囲のみ。再生ボタンの重なり部分は補描なし。,加工済み・実装後確認,再生ボタン残り：身体の欠損とは別,"(112, 1840, 503, 2120)",構図要確認,未照合,画像/ウインディ/ウインディ_寝顔4_おなかのうえ寝.webp,61eba665107687ff4d335ae36219a92dba213a0fa97f1382be70bbba1b84f3a4,373,1516,0,寝顔中心・上下直線・左右16%曲線・枠外透過,156,一次一覧確認で確定なし（細部は実装後確認）,枠内に残る可能性
マダツボミ_寝顔1_あしのばし寝.webp,マダツボミ/マダツボミ_寝顔1_あしのばし寝.webp,0069,マダツボミ,通常,1,あしのばし寝,IMG_1649(1).png,,加工済み・実装後確認,,"(168, 479, 433, 707)",一次切り抜き,未照合,画像/マダツボミ/マダツボミ_寝顔1_あしのばし寝.webp,511da615f10dbf43bcd521996a8e4f3ff6b167858fd3ebb51dd491cfc62cc228,0,0,0,寝顔中心・上下直線・左右16%曲線・枠外透過,157,一次一覧確認で確定なし（細部は実装後確認）,検出なし
マダツボミ_寝顔2_ようかいえき寝.webp,マダツボミ/マダツボミ_寝顔2_ようかいえき寝.webp,0069,マダツボミ,通常,2,ようかいえき寝,IMG_1649(1).png,,加工済み・実装後確認,,"(177, 931, 433, 1160)",一次切り抜き,未照合,画像/マダツボミ/マダツボミ_寝顔2_ようかいえき寝.webp,511da615f10dbf43bcd521996a8e4f3ff6b167858fd3ebb51dd491cfc62cc228,0,0,0,寝顔中心・上下直線・左右16%曲線・枠外透過,158,一次一覧確認で確定なし（細部は実装後確認）,検出なし
マダツボミ_寝顔3_ねをはる寝.webp,マダツボミ/マダツボミ_寝顔3_ねをはる寝.webp,0069,マダツボミ,通常,3,ねをはる寝,IMG_1649(1).png,,加工済み・実装後確認,,"(175, 1404, 399, 1591)",一次切り抜き,未照合,画像/マダツボミ/マダツボミ_寝顔3_ねをはる寝.webp,511da615f10dbf43bcd521996a8e4f3ff6b167858fd3ebb51dd491cfc62cc228,0,0,0,寝顔中心・上下直線・左右16%曲線・枠外透過,159,一次一覧確認で確定なし（細部は実装後確認）,検出なし
マダツボミ_寝顔4_おなかのうえ寝.webp,マダツボミ/マダツボミ_寝顔4_おなかのうえ寝.webp,0069,マダツボミ,通常,4,おなかのうえ寝,IMG_1649(1).png,カビゴンは元画像に見える範囲のみ。再生ボタンの重なり部分は補描なし。,加工済み・実装後確認,再生ボタン残り：身体の欠損とは別,"(95, 1812, 525, 2091)",構図要確認,未照合,画像/マダツボミ/マダツボミ_寝顔4_おなかのうえ寝.webp,511da615f10dbf43bcd521996a8e4f3ff6b167858fd3ebb51dd491cfc62cc228,3591,1768,0,寝顔中心・上下直線・左右16%曲線・枠外透過,160,一次一覧確認で確定なし（細部は実装後確認）,枠内に残る可能性
ウツドン_寝顔1_ようかいえき寝.webp,ウツドン/ウツドン_寝顔1_ようかいえき寝.webp,0070,ウツドン,通常,1,ようかいえき寝,IMG_1650(1).png,,加工済み・実装後確認,,"(176, 499, 433, 694)",一次切り抜き,未照合,画像/ウツドン/ウツドン_寝顔1_ようかいえき寝.webp,00d0d107bcc17a36338a0c110c357e9a7393d002f38dbfe5f36abbd7bb6afac8,0,0,0,寝顔中心・上下直線・左右16%曲線・枠外透過,161,一次一覧確認で確定なし（細部は実装後確認）,検出なし
ウツドン_寝顔2_ふゆう寝.webp,ウツドン/ウツドン_寝顔2_ふゆう寝.webp,0070,ウツドン,通常,2,ふゆう寝,IMG_1650(1).png,,加工済み・実装後確認,,"(191, 906, 433, 1113)",一次切り抜き,未照合,画像/ウツドン/ウツドン_寝顔2_ふゆう寝.webp,00d0d107bcc17a36338a0c110c357e9a7393d002f38dbfe5f36abbd7bb6afac8,0,0,0,寝顔中心・上下直線・左右16%曲線・枠外透過,162,一次一覧確認で確定なし（細部は実装後確認）,検出なし
ウツドン_寝顔3_くっつき寝.webp,ウツドン/ウツドン_寝顔3_くっつき寝.webp,0070,ウツドン,通常,3,くっつき寝,IMG_1650(1).png,,加工済み・実装後確認,,"(165, 1376, 433, 1617)",一次切り抜き,未照合,画像/ウツドン/ウツドン_寝顔3_くっつき寝.webp,00d0d107bcc17a36338a0c110c357e9a7393d002f38dbfe5f36abbd7bb6afac8,0,0,0,寝顔中心・上下直線・左右16%曲線・枠外透過,163,一次一覧確認で確定なし（細部は実装後確認）,検出なし
ウツドン_寝顔4_おなかのうえ寝.webp,ウツドン/ウツドン_寝顔4_おなかのうえ寝.webp,0070,ウツドン,通常,4,おなかのうえ寝,IMG_1650(1).png,カビゴンは元画像に見える範囲のみ。再生ボタンの重なり部分は補描なし。,加工済み・実装後確認,再生ボタン残り：身体の欠損とは別,"(95, 1817, 525, 2096)",構図要確認,未照合,画像/ウツドン/ウツドン_寝顔4_おなかのうえ寝.webp,00d0d107bcc17a36338a0c110c357e9a7393d002f38dbfe5f36abbd7bb6afac8,231,1768,0,寝顔中心・上下直線・左右16%曲線・枠外透過,164,一次一覧確認で確定なし（細部は実装後確認）,枠内に残る可能性
ウツボット_寝顔1_ばふばふ寝.webp,ウツボット/ウツボット_寝顔1_ばふばふ寝.webp,0071,ウツボット,通常,1,ばふばふ寝,IMG_1954(1).png,,加工済み・実装後確認,,"(301, 619, 782, 1195)",撮り直し候補,未照合,画像/ウツボット/ウツボット_寝顔1_ばふばふ寝.webp,62972c593054ac8e3593067d9a430e75ec28531c9707f211f2c3fece78b91126,,0,0,寝顔中心・上下直線・左右16%曲線・枠外透過,165,一次一覧確認で確定なし（細部は実装後確認）,検出なし
ウツボット_寝顔2_つるささえ寝.webp,ウツボット/ウツボット_寝顔2_つるささえ寝.webp,0071,ウツボット,通常,2,つるささえ寝,IMG_1955(1).png,,加工済み・実装後確認,,"(405, 621, 867, 1185)",撮り直し候補,未照合,画像/ウツボット/ウツボット_寝顔2_つるささえ寝.webp,5eb0abb8f2814b7ab5631c84f29cbfd70cc82790170959192f4f2892677da75e,,0,0,寝顔中心・上下直線・左右16%曲線・枠外透過,166,一次一覧確認で確定なし（細部は実装後確認）,検出なし
ウツボット_寝顔3_ひっくりかえり寝.webp,ウツボット/ウツボット_寝顔3_ひっくりかえり寝.webp,0071,ウツボット,通常,3,ひっくりかえり寝,IMG_1956(1).png,,加工済み・実装後確認,,"(298, 644, 860, 1125)",撮り直し候補,未照合,画像/ウツボット/ウツボット_寝顔3_ひっくりかえり寝.webp,925a3bd935ef4eba0ed7f5a6a9738eb95feee1f550ec05cf0db01355d80c7c4b,,0,0,寝顔中心・上下直線・左右16%曲線・枠外透過,167,一次一覧確認で確定なし（細部は実装後確認）,検出なし
ウツボット_寝顔4_おなかのうえ寝.webp,ウツボット/ウツボット_寝顔4_おなかのうえ寝.webp,0071,ウツボット,通常,4,おなかのうえ寝,IMG_1651(1).png,カビゴンは元画像に見える範囲のみ。再生ボタンの重なり部分は補描なし。,加工済み・実装後確認,再生ボタン残り：身体の欠損とは別,"(95, 1802, 525, 2081)",構図要確認,未照合,画像/ウツボット/ウツボット_寝顔4_おなかのうえ寝.webp,737beeddf81ff442406e7ba17aa28043af33fb06d1abb55a158425913abb9660,2909,1768,0,寝顔中心・上下直線・左右16%曲線・枠外透過,168,一次一覧確認で確定なし（細部は実装後確認）,枠内に残る可能性
イシツブテ_寝顔1_うでぐみ寝.webp,イシツブテ/イシツブテ_寝顔1_うでぐみ寝.webp,0074,イシツブテ,通常,1,うでぐみ寝,IMG_1652(1).png,,加工済み・実装後確認,,"(193, 490, 423, 681)",一次切り抜き,未照合,画像/イシツブテ/イシツブテ_寝顔1_うでぐみ寝.webp,b7c768a70b17316460aa1f5beec7b91d087bfc8239c8fdba658513266dee5650,0,0,0,寝顔中心・上下直線・左右16%曲線・枠外透過,169,一次一覧確認で確定なし（細部は実装後確認）,検出なし
イシツブテ_寝顔2_がまん寝.webp,イシツブテ/イシツブテ_寝顔2_がまん寝.webp,0074,イシツブテ,通常,2,がまん寝,IMG_1652(1).png,,加工済み・実装後確認,,"(190, 938, 433, 1143)",一次切り抜き,未照合,画像/イシツブテ/イシツブテ_寝顔2_がまん寝.webp,b7c768a70b17316460aa1f5beec7b91d087bfc8239c8fdba658513266dee5650,0,0,0,寝顔中心・上下直線・左右16%曲線・枠外透過,170,一次一覧確認で確定なし（細部は実装後確認）,検出なし
イシツブテ_寝顔3_めりこみ寝.webp,イシツブテ/イシツブテ_寝顔3_めりこみ寝.webp,0074,イシツブテ,通常,3,めりこみ寝,IMG_1652(1).png,,加工済み・実装後確認,,"(180, 1390, 433, 1606)",一次切り抜き,未照合,画像/イシツブテ/イシツブテ_寝顔3_めりこみ寝.webp,b7c768a70b17316460aa1f5beec7b91d087bfc8239c8fdba658513266dee5650,0,0,0,寝顔中心・上下直線・左右16%曲線・枠外透過,171,一次一覧確認で確定なし（細部は実装後確認）,検出なし
イシツブテ_寝顔4_おなかのうえ寝.webp,イシツブテ/イシツブテ_寝顔4_おなかのうえ寝.webp,0074,イシツブテ,通常,4,おなかのうえ寝,IMG_1652(1).png,カビゴンは元画像に見える範囲のみ。再生ボタンの重なり部分は補描なし。,加工済み・実装後確認,再生ボタン残り：身体の欠損とは別,"(95, 1814, 525, 2094)",構図要確認,未照合,画像/イシツブテ/イシツブテ_寝顔4_おなかのうえ寝.webp,b7c768a70b17316460aa1f5beec7b91d087bfc8239c8fdba658513266dee5650,1000,1768,0,寝顔中心・上下直線・左右16%曲線・枠外透過,172,一次一覧確認で確定なし（細部は実装後確認）,枠内に残る可能性
ゴローン_寝顔1_ごろーん寝.webp,ゴローン/ゴローン_寝顔1_ごろーん寝.webp,0075,ゴローン,通常,1,ごろーん寝,IMG_1957(1).png,,加工済み・実装後確認,,"(218, 574, 962, 1208)",撮り直し候補,未照合,画像/ゴローン/ゴローン_寝顔1_ごろーん寝.webp,f89838a15796a0543ac36bb3297a71b703aa0bacd9d180bd545eddd07b51ad87,,0,0,寝顔中心・上下直線・左右16%曲線・枠外透過,173,一次一覧確認で確定なし（細部は実装後確認）,検出なし
ゴローン_寝顔2_ごうかい寝.webp,ゴローン/ゴローン_寝顔2_ごうかい寝.webp,0075,ゴローン,通常,2,ごうかい寝,IMG_1653.png,,加工済み・実装後確認,,"(167, 902, 433, 1134)",一次切り抜き,未照合,画像/ゴローン/ゴローン_寝顔2_ごうかい寝.webp,66e4b9c258a60acfd43d45b6c054f9b4e52644248d878fa46f55330251c03c11,0,0,0,寝顔中心・上下直線・左右16%曲線・枠外透過,174,一次一覧確認で確定なし（細部は実装後確認）,検出なし
ゴローン_寝顔3_ごろごろ寝.webp,ゴローン/ゴローン_寝顔3_ごろごろ寝.webp,0075,ゴローン,通常,3,ごろごろ寝,IMG_1653.png,,加工済み・実装後確認,,"(171, 1362, 433, 1587)",一次切り抜き,未照合,画像/ゴローン/ゴローン_寝顔3_ごろごろ寝.webp,66e4b9c258a60acfd43d45b6c054f9b4e52644248d878fa46f55330251c03c11,0,0,0,寝顔中心・上下直線・左右16%曲線・枠外透過,175,一次一覧確認で確定なし（細部は実装後確認）,検出なし
ゴローン_寝顔4_おなかのうえ寝.webp,ゴローン/ゴローン_寝顔4_おなかのうえ寝.webp,0075,ゴローン,通常,4,おなかのうえ寝,IMG_1653.png,カビゴンは元画像に見える範囲のみ。再生ボタンの重なり部分は補描なし。,加工済み・実装後確認,再生ボタン残り：身体の欠損とは別,"(120, 1792, 498, 2071)",構図要確認,未照合,画像/ゴローン/ゴローン_寝顔4_おなかのうえ寝.webp,66e4b9c258a60acfd43d45b6c054f9b4e52644248d878fa46f55330251c03c11,1734,1361,0,寝顔中心・上下直線・左右16%曲線・枠外透過,176,一次一覧確認で確定なし（細部は実装後確認）,枠内に残る可能性
ゴローニャ_寝顔1_どっしり寝.webp,ゴローニャ/ゴローニャ_寝顔1_どっしり寝.webp,0076,ゴローニャ,通常,1,どっしり寝,IMG_1958(1).png,,加工済み・実装後確認,,"(246, 594, 954, 1183)",撮り直し候補,未照合,画像/ゴローニャ/ゴローニャ_寝顔1_どっしり寝.webp,14159eaa42bfddf8dc820135fb719ac8dde28704277ffcba3160a8b220b4f100,,0,0,寝顔中心・上下直線・左右16%曲線・枠外透過,177,一次一覧確認で確定なし（細部は実装後確認）,検出なし
ゴローニャ_寝顔2_におうだち寝.webp,ゴローニャ/ゴローニャ_寝顔2_におうだち寝.webp,0076,ゴローニャ,通常,2,におうだち寝,IMG_1959(1).png,,加工済み・実装後確認,,"(271, 544, 932, 1245)",撮り直し候補,未照合,画像/ゴローニャ/ゴローニャ_寝顔2_におうだち寝.webp,95be6f6e031684d67b3f4a7126493d2401f3e224ff82cbc85341bc5ff66b05f2,,0,0,寝顔中心・上下直線・左右16%曲線・枠外透過,178,一次一覧確認で確定なし（細部は実装後確認）,検出なし
ゴローニャ_寝顔3_ごろごろ寝.webp,ゴローニャ/ゴローニャ_寝顔3_ごろごろ寝.webp,0076,ゴローニャ,通常,3,ごろごろ寝,IMG_1960(1).png,,加工済み・実装後確認,,"(291, 594, 922, 1198)",撮り直し候補,未照合,画像/ゴローニャ/ゴローニャ_寝顔3_ごろごろ寝.webp,96743cbfc2ee117acf8fdf824ad32db7a7d4b3548b1c1f4429ea19aa0ef6b27a,,0,0,寝顔中心・上下直線・左右16%曲線・枠外透過,179,一次一覧確認で確定なし（細部は実装後確認）,検出なし
ゴローニャ_寝顔4_おなかのうえ寝.webp,ゴローニャ/ゴローニャ_寝顔4_おなかのうえ寝.webp,0076,ゴローニャ,通常,4,おなかのうえ寝,IMG_1654.png,カビゴンは元画像に見える範囲のみ。再生ボタンの重なり部分は補描なし。,加工済み・実装後確認,再生ボタン残り：身体の欠損とは別,"(133, 1868, 494, 2147)",構図要確認,未照合,画像/ゴローニャ/ゴローニャ_寝顔4_おなかのうえ寝.webp,a47663582f8a409c745f3f2833625c1dfd2b08894772ba9caef22a71ed88a94d,1391,1249,0,寝顔中心・上下直線・左右16%曲線・枠外透過,180,一次一覧確認で確定なし（細部は実装後確認）,枠内に残る可能性
ヤドン_寝顔1_ぐでぐで寝.webp,ヤドン/ヤドン_寝顔1_ぐでぐで寝.webp,0079,ヤドン,通常,1,ぐでぐで寝,IMG_1655.png,,加工済み・実装後確認,,"(172, 561, 454, 742)",一次切り抜き,未照合,画像/ヤドン/ヤドン_寝顔1_ぐでぐで寝.webp,ca1382980a140ae46750889748c9b22dbc06acc969da7ace5a2a08524e8d6472,0,0,0,寝顔中心・上下直線・左右16%曲線・枠外透過,181,一次一覧確認で確定なし（細部は実装後確認）,検出なし
ヤドン_寝顔2_ぼーっと寝.webp,ヤドン/ヤドン_寝顔2_ぼーっと寝.webp,0079,ヤドン,通常,2,ぼーっと寝,IMG_1962(1).png,,加工済み・実装後確認,,"(318, 539, 875, 1220)",撮り直し候補,未照合,画像/ヤドン/ヤドン_寝顔2_ぼーっと寝.webp,de1b692f3030c7fb845b2b6e6585f48f79b5dc5a16ae3df61a9fd250964f6d51,,0,0,寝顔中心・上下直線・左右16%曲線・枠外透過,182,一次一覧確認で確定なし（細部は実装後確認）,検出なし
ヤドン_寝顔3_まぬけだ寝.webp,ヤドン/ヤドン_寝顔3_まぬけだ寝.webp,0079,ヤドン,通常,3,まぬけだ寝,IMG_1655.png,,加工済み・実装後確認,,"(153, 1471, 460, 1657)",一次切り抜き,未照合,画像/ヤドン/ヤドン_寝顔3_まぬけだ寝.webp,ca1382980a140ae46750889748c9b22dbc06acc969da7ace5a2a08524e8d6472,0,4,0,寝顔中心・上下直線・左右16%曲線・枠外透過,183,一次一覧確認で確定なし（細部は実装後確認）,検出なし
ヤドン_寝顔4_おなかのうえ寝.webp,ヤドン/ヤドン_寝顔4_おなかのうえ寝.webp,0079,ヤドン,通常,4,おなかのうえ寝,IMG_1655.png,カビゴンは元画像に見える範囲のみ。再生ボタンの重なり部分は補描なし。,加工済み・実装後確認,再生ボタン残り：身体の欠損とは別,"(95, 1874, 525, 2153)",構図要確認,未照合,画像/ヤドン/ヤドン_寝顔4_おなかのうえ寝.webp,ca1382980a140ae46750889748c9b22dbc06acc969da7ace5a2a08524e8d6472,811,1768,0,寝顔中心・上下直線・左右16%曲線・枠外透過,184,一次一覧確認で確定なし（細部は実装後確認）,枠内に残る可能性
ヤドラン_寝顔1_なかよし寝.webp,ヤドラン/ヤドラン_寝顔1_なかよし寝.webp,0080,ヤドラン,通常,1,なかよし寝,IMG_1963(1).png,,加工済み・実装後確認,,"(236, 564, 912, 1245)",撮り直し候補,未照合,画像/ヤドラン/ヤドラン_寝顔1_なかよし寝.webp,b7bb52705a4806b749f9f08d3e4d11d65d3a826e8dd574524e7790e3e1d8a568,,0,0,寝顔中心・上下直線・左右16%曲線・枠外透過,185,一次一覧確認で確定なし（細部は実装後確認）,検出なし
ヤドラン_寝顔2_よだれ寝.webp,ヤドラン/ヤドラン_寝顔2_よだれ寝.webp,0080,ヤドラン,通常,2,よだれ寝,IMG_1964(1).png,,加工済み・実装後確認,,"(223, 604, 942, 1190)",撮り直し候補,未照合,画像/ヤドラン/ヤドラン_寝顔2_よだれ寝.webp,50118e364e3df4478b6e40d73c26ceae3fa0fe1d6c1dd2791efe2e237047e1b4,,0,0,寝顔中心・上下直線・左右16%曲線・枠外透過,186,一次一覧確認で確定なし（細部は実装後確認）,検出なし
ヤドラン_寝顔3_しっぽかまれ寝.webp,ヤドラン/ヤドラン_寝顔3_しっぽかまれ寝.webp,0080,ヤドラン,通常,3,しっぽかまれ寝,IMG_1965.png,,加工済み・実装後確認,,"(233, 584, 942, 1230)",撮り直し候補,未照合,画像/ヤドラン/ヤドラン_寝顔3_しっぽかまれ寝.webp,0ff721c1144f22efcc48ba77ce4ce8c25f54c958f3e14d2beec46795b0f80059,,0,0,寝顔中心・上下直線・左右16%曲線・枠外透過,187,一次一覧確認で確定なし（細部は実装後確認）,検出なし
ヤドラン_寝顔4_おなかのうえ寝.webp,ヤドラン/ヤドラン_寝顔4_おなかのうえ寝.webp,0080,ヤドラン,通常,4,おなかのうえ寝,IMG_1656.png,カビゴンは元画像に見える範囲のみ。再生ボタンの重なり部分は補描なし。,加工済み・実装後確認,再生ボタン残り：身体の欠損とは別,"(95, 1864, 525, 2143)",構図要確認,未照合,画像/ヤドラン/ヤドラン_寝顔4_おなかのうえ寝.webp,a250c37cf72b2f9084620c49d0b7563ad5b8c2090b09c66d94ed25aadcaf5674,1091,1768,0,寝顔中心・上下直線・左右16%曲線・枠外透過,188,一次一覧確認で確定なし（細部は実装後確認）,枠内に残る可能性
コイル_寝顔1_かたむきふゆう寝.webp,コイル/コイル_寝顔1_かたむきふゆう寝.webp,0081,コイル,通常,1,かたむきふゆう寝,IMG_1657.png,,加工済み・実装後確認,,"(196, 741, 422, 905)",一次切り抜き,未照合,画像/コイル/コイル_寝顔1_かたむきふゆう寝.webp,cd0d9e883f0d259ec556a44cb9e7d21f593523e2e21280a9eca5c7cbedd0f286,0,0,0,寝顔中心・上下直線・左右16%曲線・枠外透過,189,一次一覧確認で確定なし（細部は実装後確認）,検出なし
コイル_寝顔2_でんじふゆう寝.webp,コイル/コイル_寝顔2_でんじふゆう寝.webp,0081,コイル,通常,2,でんじふゆう寝,IMG_1657.png,,加工済み・実装後確認,,"(193, 1198, 433, 1364)",一次切り抜き,未照合,画像/コイル/コイル_寝顔2_でんじふゆう寝.webp,cd0d9e883f0d259ec556a44cb9e7d21f593523e2e21280a9eca5c7cbedd0f286,0,0,0,寝顔中心・上下直線・左右16%曲線・枠外透過,190,一次一覧確認で確定なし（細部は実装後確認）,検出なし
コイル_寝顔3_さかさふゆう寝.webp,コイル/コイル_寝顔3_さかさふゆう寝.webp,0081,コイル,通常,3,さかさふゆう寝,IMG_1657.png,,加工済み・実装後確認,,"(187, 1662, 433, 1830)",一次切り抜き,未照合,画像/コイル/コイル_寝顔3_さかさふゆう寝.webp,cd0d9e883f0d259ec556a44cb9e7d21f593523e2e21280a9eca5c7cbedd0f286,0,0,0,寝顔中心・上下直線・左右16%曲線・枠外透過,191,一次一覧確認で確定なし（細部は実装後確認）,検出なし
レアコイル_寝顔1_れんけつふゆう寝.webp,レアコイル/レアコイル_寝顔1_れんけつふゆう寝.webp,0082,レアコイル,通常,1,れんけつふゆう寝,IMG_1658.png,,加工済み・実装後確認,,"(177, 712, 433, 929)",一次切り抜き,未照合,画像/レアコイル/レアコイル_寝顔1_れんけつふゆう寝.webp,c4812835e0b7379e72f976718578cb84accb060de688328eb29b37aea0a74c6c,0,0,0,寝顔中心・上下直線・左右16%曲線・枠外透過,192,一次一覧確認で確定なし（細部は実装後確認）,検出なし
レアコイル_寝顔2_おちかけふゆう寝.webp,レアコイル/レアコイル_寝顔2_おちかけふゆう寝.webp,0082,レアコイル,通常,2,おちかけふゆう寝,IMG_1658.png,,加工済み・実装後確認,,"(178, 1167, 433, 1382)",一次切り抜き,未照合,画像/レアコイル/レアコイル_寝顔2_おちかけふゆう寝.webp,c4812835e0b7379e72f976718578cb84accb060de688328eb29b37aea0a74c6c,0,0,0,寝顔中心・上下直線・左右16%曲線・枠外透過,193,一次一覧確認で確定なし（細部は実装後確認）,検出なし
レアコイル_寝顔3_ばらばらふゆう寝.webp,レアコイル/レアコイル_寝顔3_ばらばらふゆう寝.webp,0082,レアコイル,通常,3,ばらばらふゆう寝,IMG_1658.png,,加工済み・実装後確認,,"(168, 1623, 433, 1854)",一次切り抜き,未照合,画像/レアコイル/レアコイル_寝顔3_ばらばらふゆう寝.webp,c4812835e0b7379e72f976718578cb84accb060de688328eb29b37aea0a74c6c,0,0,0,寝顔中心・上下直線・左右16%曲線・枠外透過,194,一次一覧確認で確定なし（細部は実装後確認）,検出なし
カモネギ_寝顔1_ぺったり寝.webp,カモネギ/カモネギ_寝顔1_ぺったり寝.webp,0083,カモネギ,通常,1,ぺったり寝,IMG_1966.png,,加工済み・実装後確認,,"(226, 674, 842, 1165)",撮り直し候補,未照合,画像/カモネギ/カモネギ_寝顔1_ぺったり寝.webp,9c3e91baae3be0eb47ae779e7cf9f563253db8c3c9c9e3828549695848eebdfc,,0,0,寝顔中心・上下直線・左右16%曲線・枠外透過,195,一次一覧確認で確定なし（細部は実装後確認）,検出なし
カモネギ_寝顔2_クキかまえ寝.webp,カモネギ/カモネギ_寝顔2_クキかまえ寝.webp,0083,カモネギ,通常,2,クキかまえ寝,IMG_1967.png,,加工済み・実装後確認,,"(281, 541, 825, 1240)",撮り直し候補,未照合,画像/カモネギ/カモネギ_寝顔2_クキかまえ寝.webp,ec3454438044361ea1c56913925dc7e423eda0ecd591adedb9b6e0afadc60282,,0,0,寝顔中心・上下直線・左右16%曲線・枠外透過,196,一次一覧確認で確定なし（細部は実装後確認）,検出なし
カモネギ_寝顔3_クキがみ寝.webp,カモネギ/カモネギ_寝顔3_クキがみ寝.webp,0083,カモネギ,通常,3,クキがみ寝,IMG_1968.png,,加工済み・実装後確認,,"(241, 611, 872, 1145)",撮り直し候補,未照合,画像/カモネギ/カモネギ_寝顔3_クキがみ寝.webp,26cab1f1a96f3899a427ea896a7c7fe6cc1156c272bb4d51d2ae3ed2fb27c0ea,,0,0,寝顔中心・上下直線・左右16%曲線・枠外透過,197,一次一覧確認で確定なし（細部は実装後確認）,検出なし
カモネギ_寝顔4_おなかのうえ寝.webp,カモネギ/カモネギ_寝顔4_おなかのうえ寝.webp,0083,カモネギ,通常,4,おなかのうえ寝,IMG_1659.png,カビゴンは元画像に見える範囲のみ。再生ボタンの重なり部分は補描なし。,加工済み・実装後確認,再生ボタン残り：身体の欠損とは別,"(95, 1893, 498, 2172)",構図要確認,未照合,画像/カモネギ/カモネギ_寝顔4_おなかのうえ寝.webp,7ec01aeaa61b85b694bdfd9fc9f9b7675284115f78dcba4a7f71f2cd71912325,2780,1324,0,寝顔中心・上下直線・左右16%曲線・枠外透過,198,一次一覧確認で確定なし（細部は実装後確認）,枠内に残る可能性
ドードー_寝顔1_みはり寝.webp,ドードー/ドードー_寝顔1_みはり寝.webp,0084,ドードー,通常,1,みはり寝,IMG_1969.png,,加工済み・実装後確認,,"(306, 554, 872, 1243)",撮り直し候補,未照合,画像/ドードー/ドードー_寝顔1_みはり寝.webp,3b09ff09d9786139f4152a3deb92ad84317e5edb7ea0872ef9e093b94854a73c,,0,0,寝顔中心・上下直線・左右16%曲線・枠外透過,199,一次一覧確認で確定なし（細部は実装後確認）,検出なし
ドードー_寝顔2_みはりさぼり寝.webp,ドードー/ドードー_寝顔2_みはりさぼり寝.webp,0084,ドードー,通常,2,みはりさぼり寝,IMG_1970.png,,加工済み・実装後確認,,"(281, 539, 984, 1320)",撮り直し候補,未照合,画像/ドードー/ドードー_寝顔2_みはりさぼり寝.webp,2e41cea5fdf89a2effd84f5111efa21fe37d199f672d7b2cabd8a612b0247dd0,,0,0,寝顔中心・上下直線・左右16%曲線・枠外透過,200,一次一覧確認で確定なし（細部は実装後確認）,検出なし
ドードー_寝顔3_ふたご寝.webp,ドードー/ドードー_寝顔3_ふたご寝.webp,0084,ドードー,通常,3,ふたご寝,IMG_1971.png,,加工済み・実装後確認,,"(331, 576, 880, 1195)",撮り直し候補,未照合,画像/ドードー/ドードー_寝顔3_ふたご寝.webp,37637fd84d3bac9c09f48da2ae0c7dce6120e677844e8d5fbc751b716eef8cb0,,0,0,寝顔中心・上下直線・左右16%曲線・枠外透過,201,一次一覧確認で確定なし（細部は実装後確認）,検出なし
ドードー_寝顔4_おなかのうえ寝.webp,ドードー/ドードー_寝顔4_おなかのうえ寝.webp,0084,ドードー,通常,4,おなかのうえ寝,IMG_1660.png,カビゴンは元画像に見える範囲のみ。再生ボタンの重なり部分は補描なし。,加工済み・実装後確認,再生ボタン残り：身体の欠損とは別,"(135, 1890, 483, 2168)",構図要確認,未照合,画像/ドードー/ドードー_寝顔4_おなかのうえ寝.webp,6ccb19a88fa38869b90a7f432bed513762f19012c14dc2868b2f04f0eedb89de,802,895,0,寝顔中心・上下直線・左右16%曲線・枠外透過,202,一次一覧確認で確定なし（細部は実装後確認）,枠内に残る可能性
ドードリオ_寝顔1_みはり寝.webp,ドードリオ/ドードリオ_寝顔1_みはり寝.webp,0085,ドードリオ,通常,1,みはり寝,IMG_1972.png,,加工済み・実装後確認,,"(323, 559, 984, 1235)",撮り直し候補,未照合,画像/ドードリオ/ドードリオ_寝顔1_みはり寝.webp,f9bb1a30304a42e59ea07946232ac9512c8b296bf0c7a6c68c4cfdc27769554d,,0,0,寝顔中心・上下直線・左右16%曲線・枠外透過,203,一次一覧確認で確定なし（細部は実装後確認）,検出なし
ドードリオ_寝顔2_みはりさぼり寝.webp,ドードリオ/ドードリオ_寝顔2_みはりさぼり寝.webp,0085,ドードリオ,通常,2,みはりさぼり寝,IMG_1973.png,,加工済み・実装後確認,,"(261, 571, 1049, 1245)",撮り直し候補,未照合,画像/ドードリオ/ドードリオ_寝顔2_みはりさぼり寝.webp,f3ca93cf4a6e15e68ee938488f7764aa1ad1e946f1f5bfc945ee21a2adb9b697,,0,0,寝顔中心・上下直線・左右16%曲線・枠外透過,204,一次一覧確認で確定なし（細部は実装後確認）,検出なし
ドードリオ_寝顔3_みつご寝.webp,ドードリオ/ドードリオ_寝顔3_みつご寝.webp,0085,ドードリオ,通常,3,みつご寝,IMG_1974.png,,加工済み・実装後確認,,"(248, 554, 932, 1240)",撮り直し候補,未照合,画像/ドードリオ/ドードリオ_寝顔3_みつご寝.webp,ead90576d06dd60ac34a461a6ca7f582e74c64011da268ec2355c241a9abb62f,,0,0,寝顔中心・上下直線・左右16%曲線・枠外透過,205,一次一覧確認で確定なし（細部は実装後確認）,検出なし
ドードリオ_寝顔4_おなかのうえ寝.webp,ドードリオ/ドードリオ_寝顔4_おなかのうえ寝.webp,0085,ドードリオ,通常,4,おなかのうえ寝,IMG_1661.png,カビゴンは元画像に見える範囲のみ。再生ボタンの重なり部分は補描なし。,加工済み・実装後確認,再生ボタン残り：身体の欠損とは別,"(133, 1880, 492, 2160)",構図要確認,未照合,画像/ドードリオ/ドードリオ_寝顔4_おなかのうえ寝.webp,84f84ec6d933dd484e0f0d1fe64867750e87a4a3b84de208a749edcc220aaf8f,331,1191,0,寝顔中心・上下直線・左右16%曲線・枠外透過,206,一次一覧確認で確定なし（細部は実装後確認）,枠内に残る可能性
ゴース_寝顔1_にこにこ寝.webp,ゴース/ゴース_寝顔1_にこにこ寝.webp,0092,ゴース,通常,1,にこにこ寝,IMG_1662.png,,加工済み・実装後確認,,"(180, 721, 433, 922)",一次切り抜き,未照合,画像/ゴース/ゴース_寝顔1_にこにこ寝.webp,6eaa3c3f2c185314c72652c60acc01fb3f28d26eb5a4af50e0326411ce806e9c,0,0,0,寝顔中心・上下直線・左右16%曲線・枠外透過,207,一次一覧確認で確定なし（細部は実装後確認）,検出なし
ゴース_寝顔2_ガスふゆう寝.webp,ゴース/ゴース_寝顔2_ガスふゆう寝.webp,0092,ゴース,通常,2,ガスふゆう寝,IMG_1662.png,,加工済み・実装後確認,,"(171, 1167, 433, 1394)",一次切り抜き,未照合,画像/ゴース/ゴース_寝顔2_ガスふゆう寝.webp,6eaa3c3f2c185314c72652c60acc01fb3f28d26eb5a4af50e0326411ce806e9c,0,0,0,寝顔中心・上下直線・左右16%曲線・枠外透過,208,一次一覧確認で確定なし（細部は実装後確認）,検出なし
ゴース_寝顔3_べろべろばー寝.webp,ゴース/ゴース_寝顔3_べろべろばー寝.webp,0092,ゴース,通常,3,べろべろばー寝,IMG_1662.png,,加工済み・実装後確認,,"(166, 1626, 433, 1856)",一次切り抜き,未照合,画像/ゴース/ゴース_寝顔3_べろべろばー寝.webp,6eaa3c3f2c185314c72652c60acc01fb3f28d26eb5a4af50e0326411ce806e9c,0,0,0,寝顔中心・上下直線・左右16%曲線・枠外透過,209,一次一覧確認で確定なし（細部は実装後確認）,検出なし
ゴースト_寝顔1_くびかしげ寝.webp,ゴースト/ゴースト_寝顔1_くびかしげ寝.webp,0093,ゴースト,通常,1,くびかしげ寝,IMG_1978(1).png,,加工済み・実装後確認,,"(283, 514, 915, 1090)",撮り直し候補,未照合,画像/ゴースト/ゴースト_寝顔1_くびかしげ寝.webp,442ed19f200a806e433e1ee4e8678a5e6169d9acf211d5048c63add93c6ed1b3,,0,0,寝顔中心・上下直線・左右16%曲線・枠外透過,210,一次一覧確認で確定なし（細部は実装後確認）,検出なし
ゴースト_寝顔2_ガスふゆう寝.webp,ゴースト/ゴースト_寝顔2_ガスふゆう寝.webp,0093,ゴースト,通常,2,ガスふゆう寝,IMG_1979(1).png,,加工済み・実装後確認,,"(271, 524, 915, 1125)",撮り直し候補,未照合,画像/ゴースト/ゴースト_寝顔2_ガスふゆう寝.webp,985a99a21cfbc65920ff15d7d3b6e3d2397c29862a45a18a33c92cb8ca247fda,,0,0,寝顔中心・上下直線・左右16%曲線・枠外透過,211,一次一覧確認で確定なし（細部は実装後確認）,検出なし
ゴースト_寝顔3_べろべろばー寝.webp,ゴースト/ゴースト_寝顔3_べろべろばー寝.webp,0093,ゴースト,通常,3,べろべろばー寝,IMG_1980(1).png,,加工済み・実装後確認,,"(283, 569, 905, 1163)",撮り直し候補,未照合,画像/ゴースト/ゴースト_寝顔3_べろべろばー寝.webp,459c05051eca9c01ec5a323d512ba4366449108b91dff3248388c34dbc3b7fdb,,0,0,寝顔中心・上下直線・左右16%曲線・枠外透過,212,一次一覧確認で確定なし（細部は実装後確認）,検出なし
ゲンガー_寝顔1_いたずら寝.webp,ゲンガー/ゲンガー_寝顔1_いたずら寝.webp,0094,ゲンガー,通常,1,いたずら寝,IMG_1981(1).png,,加工済み・実装後確認,,"(193, 494, 967, 1175)",撮り直し候補,未照合,画像/ゲンガー/ゲンガー_寝顔1_いたずら寝.webp,b001f38fc19d51a270107759fe2b3b1be7f6ec49070f83639499e1d907946129,,0,0,寝顔中心・上下直線・左右16%曲線・枠外透過,213,一次一覧確認で確定なし（細部は実装後確認）,検出なし
ゲンガー_寝顔2_にやにや寝.webp,ゲンガー/ゲンガー_寝顔2_にやにや寝.webp,0094,ゲンガー,通常,2,にやにや寝,IMG_1982(1).png,,加工済み・実装後確認,,"(243, 546, 937, 1243)",撮り直し候補,未照合,画像/ゲンガー/ゲンガー_寝顔2_にやにや寝.webp,87a2b358ec4c5a2f52731275b27e73d4b5318168002442fba62221a936945bfd,,0,0,寝顔中心・上下直線・左右16%曲線・枠外透過,214,一次一覧確認で確定なし（細部は実装後確認）,検出なし
ゲンガー_寝顔3_べろべろばー寝.webp,ゲンガー/ゲンガー_寝顔3_べろべろばー寝.webp,0094,ゲンガー,通常,3,べろべろばー寝,IMG_1983(1).png,,加工済み・実装後確認,,"(241, 609, 977, 1183)",撮り直し候補,未照合,画像/ゲンガー/ゲンガー_寝顔3_べろべろばー寝.webp,3e39fb431848a36decd4f1dd6ddb76d8e720fc4847c4adc0c49662bf97e83c12,,0,0,寝顔中心・上下直線・左右16%曲線・枠外透過,215,一次一覧確認で確定なし（細部は実装後確認）,検出なし
ゲンガー_寝顔4_おなかのうえ寝.webp,ゲンガー/ゲンガー_寝顔4_おなかのうえ寝.webp,0094,ゲンガー,通常,4,おなかのうえ寝,IMG_1664.png,カビゴンは元画像に見える範囲のみ。再生ボタンの重なり部分は補描なし。,加工済み・実装後確認,再生ボタン残り：身体の欠損とは別,"(99, 1898, 523, 2177)",構図要確認,未照合,画像/ゲンガー/ゲンガー_寝顔4_おなかのうえ寝.webp,86deb719e5dcf8c80eff8c8d76f848be0c0295068cecc8b778b5b72ea0e410af,403,1768,0,寝顔中心・上下直線・左右16%曲線・枠外透過,216,一次一覧確認で確定なし（細部は実装後確認）,枠内に残る可能性
イワーク_寝顔1_うずまき寝.webp,イワーク/イワーク_寝顔1_うずまき寝.webp,0095,イワーク,通常,1,うずまき寝,IMG_1987.png,,加工済み・実装後確認,,"(221, 561, 954, 1223)",撮り直し候補,未照合,画像/イワーク/イワーク_寝顔1_うずまき寝.webp,43c32db4d4b8ad6551555973fac7fcdf34dc51b851b1f7284469596be233236b,,0,0,寝顔中心・上下直線・左右16%曲線・枠外透過,217,一次一覧確認で確定なし（細部は実装後確認）,検出なし
イワーク_寝顔2_ぐらぐら寝.webp,イワーク/イワーク_寝顔2_ぐらぐら寝.webp,0095,イワーク,通常,2,ぐらぐら寝,IMG_1984(1).png,,加工済み・実装後確認,,"(221, 549, 959, 1235)",撮り直し候補,未照合,画像/イワーク/イワーク_寝顔2_ぐらぐら寝.webp,dba9f102bfb78663ef06d1f85a33b666c78dbb842b755063e0b15555bd870c80,,0,0,寝顔中心・上下直線・左右16%曲線・枠外透過,218,一次一覧確認で確定なし（細部は実装後確認）,検出なし
イワーク_寝顔3_ほりすすみ寝.webp,イワーク/イワーク_寝顔3_ほりすすみ寝.webp,0095,イワーク,通常,3,ほりすすみ寝,IMG_1985(1).png,,加工済み・実装後確認,,"(218, 596, 962, 1188)",撮り直し候補,未照合,画像/イワーク/イワーク_寝顔3_ほりすすみ寝.webp,1975214d2f3eab6a9ba3d71996fae9de2879ea28f4e80bffa2b0daed04f95eee,,0,0,寝顔中心・上下直線・左右16%曲線・枠外透過,219,一次一覧確認で確定なし（細部は実装後確認）,検出なし
カラカラ_寝顔1_しくしく寝.webp,カラカラ/カラカラ_寝顔1_しくしく寝.webp,0104,カラカラ,通常,1,しくしく寝,IMG_1666.png,,加工済み・実装後確認,,"(172, 560, 433, 754)",一次切り抜き,未照合,画像/カラカラ/カラカラ_寝顔1_しくしく寝.webp,0f159818ddf8fd3cc25dc68df449d4c4e24e5486888a8b9d6d34e1b0f2b1241a,0,0,0,寝顔中心・上下直線・左右16%曲線・枠外透過,220,一次一覧確認で確定なし（細部は実装後確認）,検出なし
カラカラ_寝顔2_ホネかき寝.webp,カラカラ/カラカラ_寝顔2_ホネかき寝.webp,0104,カラカラ,通常,2,ホネかき寝,IMG_1666.png,,加工済み・実装後確認,,"(167, 1006, 433, 1231)",一次切り抜き,未照合,画像/カラカラ/カラカラ_寝顔2_ホネかき寝.webp,0f159818ddf8fd3cc25dc68df449d4c4e24e5486888a8b9d6d34e1b0f2b1241a,0,0,0,寝顔中心・上下直線・左右16%曲線・枠外透過,221,一次一覧確認で確定なし（細部は実装後確認）,検出なし
カラカラ_寝顔3_ホネまくら寝.webp,カラカラ/カラカラ_寝顔3_ホネまくら寝.webp,0104,カラカラ,通常,3,ホネまくら寝,IMG_1666.png,,加工済み・実装後確認,,"(178, 1475, 433, 1672)",一次切り抜き,未照合,画像/カラカラ/カラカラ_寝顔3_ホネまくら寝.webp,0f159818ddf8fd3cc25dc68df449d4c4e24e5486888a8b9d6d34e1b0f2b1241a,0,0,0,寝顔中心・上下直線・左右16%曲線・枠外透過,222,一次一覧確認で確定なし（細部は実装後確認）,検出なし
カラカラ_寝顔4_おなかのうえ寝.webp,カラカラ/カラカラ_寝顔4_おなかのうえ寝.webp,0104,カラカラ,通常,4,おなかのうえ寝,IMG_1666.png,カビゴンは元画像に見える範囲のみ。再生ボタンの重なり部分は補描なし。,加工済み・実装後確認,再生ボタン残り：身体の欠損とは別,"(95, 1893, 525, 2172)",構図要確認,未照合,画像/カラカラ/カラカラ_寝顔4_おなかのうえ寝.webp,0f159818ddf8fd3cc25dc68df449d4c4e24e5486888a8b9d6d34e1b0f2b1241a,1146,1768,0,寝顔中心・上下直線・左右16%曲線・枠外透過,223,一次一覧確認で確定なし（細部は実装後確認）,枠内に残る可能性
ガラガラ_寝顔1_ホネだき寝.webp,ガラガラ/ガラガラ_寝顔1_ホネだき寝.webp,0105,ガラガラ,通常,1,ホネだき寝,IMG_1667.png,,加工済み・実装後確認,,"(166, 560, 460, 701)",一次切り抜き,未照合,画像/ガラガラ/ガラガラ_寝顔1_ホネだき寝.webp,5c85910ba131135e1a1eaf406a6b4194a91f3d08e16ee3f1e889d0e446672847,0,0,0,寝顔中心・上下直線・左右16%曲線・枠外透過,224,一次一覧確認で確定なし（細部は実装後確認）,検出なし
ガラガラ_寝顔2_ホネかき寝.webp,ガラガラ/ガラガラ_寝顔2_ホネかき寝.webp,0105,ガラガラ,通常,2,ホネかき寝,IMG_1986(1).png,,加工済み・実装後確認,,"(288, 556, 910, 1250)",撮り直し候補,未照合,画像/ガラガラ/ガラガラ_寝顔2_ホネかき寝.webp,e2b38b058ddf8c7f2f8e9327386b6e65fb5c3f4b38bea4fe241746e1fd89d3be,,0,0,寝顔中心・上下直線・左右16%曲線・枠外透過,225,一次一覧確認で確定なし（細部は実装後確認）,検出なし
ガラガラ_寝顔3_ホネまくら寝.webp,ガラガラ/ガラガラ_寝顔3_ホネまくら寝.webp,0105,ガラガラ,通常,3,ホネまくら寝,IMG_1667.png,,加工済み・実装後確認,,"(165, 1437, 433, 1664)",一次切り抜き,未照合,画像/ガラガラ/ガラガラ_寝顔3_ホネまくら寝.webp,5c85910ba131135e1a1eaf406a6b4194a91f3d08e16ee3f1e889d0e446672847,0,0,0,寝顔中心・上下直線・左右16%曲線・枠外透過,226,一次一覧確認で確定なし（細部は実装後確認）,検出なし
ガラガラ_寝顔4_おなかのうえ寝.webp,ガラガラ/ガラガラ_寝顔4_おなかのうえ寝.webp,0105,ガラガラ,通常,4,おなかのうえ寝,IMG_1667.png,カビゴンは元画像に見える範囲のみ。再生ボタンの重なり部分は補描なし。,加工済み・実装後確認,再生ボタン残り：身体の欠損とは別,"(131, 1865, 492, 2145)",構図要確認,未照合,画像/ガラガラ/ガラガラ_寝顔4_おなかのうえ寝.webp,5c85910ba131135e1a1eaf406a6b4194a91f3d08e16ee3f1e889d0e446672847,125,1186,0,寝顔中心・上下直線・左右16%曲線・枠外透過,227,一次一覧確認で確定なし（細部は実装後確認）,枠内に残る可能性
ラッキー_寝顔1_すわり寝.webp,ラッキー/ラッキー_寝顔1_すわり寝.webp,0113,ラッキー,通常,1,すわり寝,IMG_1988.png,,加工済み・実装後確認,,"(196, 591, 934, 1208)",撮り直し候補,未照合,画像/ラッキー/ラッキー_寝顔1_すわり寝.webp,a9f55b3497a7fd3f175af65dedcc5bbf76dbbaaca4d2f7502a3a8d9072d37d1c,,0,0,寝顔中心・上下直線・左右16%曲線・枠外透過,228,一次一覧確認で確定なし（細部は実装後確認）,検出なし
ラッキー_寝顔2_こっくり寝.webp,ラッキー/ラッキー_寝顔2_こっくり寝.webp,0113,ラッキー,通常,2,こっくり寝,IMG_1989.png,,加工済み・実装後確認,,"(216, 589, 959, 1188)",撮り直し候補,未照合,画像/ラッキー/ラッキー_寝顔2_こっくり寝.webp,b7e248edf744025bbabaa218e1322fdbd0d9f7bf2344ab1fbb8a8791d893714a,,0,0,寝顔中心・上下直線・左右16%曲線・枠外透過,229,一次一覧確認で確定なし（細部は実装後確認）,検出なし
ラッキー_寝顔3_タマゴだいじ寝.webp,ラッキー/ラッキー_寝顔3_タマゴだいじ寝.webp,0113,ラッキー,通常,3,タマゴだいじ寝,IMG_1990.png,,加工済み・実装後確認,,"(218, 574, 942, 1233)",撮り直し候補,未照合,画像/ラッキー/ラッキー_寝顔3_タマゴだいじ寝.webp,0f98885d7b6abfde3a230ecb05ca2e907f260ae9092f12e499de479d7327ddb7,,0,0,寝顔中心・上下直線・左右16%曲線・枠外透過,230,一次一覧確認で確定なし（細部は実装後確認）,検出なし
ラッキー_寝顔4_おなかのうえ寝.webp,ラッキー/ラッキー_寝顔4_おなかのうえ寝.webp,0113,ラッキー,通常,4,おなかのうえ寝,IMG_1668.png,カビゴンは元画像に見える範囲のみ。再生ボタンの重なり部分は補描なし。,加工済み・実装後確認,再生ボタン残り：身体の欠損とは別,"(95, 1873, 525, 2152)",構図要確認,未照合,画像/ラッキー/ラッキー_寝顔4_おなかのうえ寝.webp,a6173ab33d855b645305570c39f47808870d39a5ae2c0d8c086658ac2119f0ab,2432,1768,0,寝顔中心・上下直線・左右16%曲線・枠外透過,231,一次一覧確認で確定なし（細部は実装後確認）,枠内に残る可能性
ガルーラ_寝顔1_おやこあい寝.webp,ガルーラ/ガルーラ_寝顔1_おやこあい寝.webp,0115,ガルーラ,通常,1,おやこあい寝,IMG_1991.png,,加工済み・実装後確認,,"(221, 599, 949, 1210)",撮り直し候補,未照合,画像/ガルーラ/ガルーラ_寝顔1_おやこあい寝.webp,7a21075146833ba4a7e401e448bb2093dd684673b6f3073944516de44bb09522,,0,0,寝顔中心・上下直線・左右16%曲線・枠外透過,232,一次一覧確認で確定なし（細部は実装後確認）,検出なし
ガルーラ_寝顔2_おやこシンクロ寝.webp,ガルーラ/ガルーラ_寝顔2_おやこシンクロ寝.webp,0115,ガルーラ,通常,2,おやこシンクロ寝,IMG_1994.png,,加工済み・実装後確認,,"(278, 566, 937, 1245)",撮り直し候補,未照合,画像/ガルーラ/ガルーラ_寝顔2_おやこシンクロ寝.webp,c67f743b4f023f1dcc46f4c4dcefb5ab440d49282398967508f5b682e6a13fdf,,0,0,寝顔中心・上下直線・左右16%曲線・枠外透過,233,一次一覧確認で確定なし（細部は実装後確認）,検出なし
ガルーラ_寝顔3_さきにおきた寝.webp,ガルーラ/ガルーラ_寝顔3_さきにおきた寝.webp,0115,ガルーラ,通常,3,さきにおきた寝,IMG_1995.png,,加工済み・実装後確認,,"(241, 639, 959, 1173)",撮り直し候補,未照合,画像/ガルーラ/ガルーラ_寝顔3_さきにおきた寝.webp,d8bf85a29c45d1adcac7e9bd11f9cc729aada66a0efb37ee51d1c21df5006e89,,0,0,寝顔中心・上下直線・左右16%曲線・枠外透過,234,一次一覧確認で確定なし（細部は実装後確認）,検出なし
ガルーラ_寝顔4_おなかのうえ寝.webp,ガルーラ/ガルーラ_寝顔4_おなかのうえ寝.webp,0115,ガルーラ,通常,4,おなかのうえ寝,IMG_1669.png,カビゴンは元画像に見える範囲のみ。再生ボタンの重なり部分は補描なし。,加工済み・実装後確認,再生ボタン残り：身体の欠損とは別,"(135, 1849, 513, 2127)",構図要確認,未照合,画像/ガルーラ/ガルーラ_寝顔4_おなかのうえ寝.webp,7b0216ec3908ad2c782c7c5f32cc02c83067d44057011df35eebfcf39dcd413d,1532,1748,0,寝顔中心・上下直線・左右16%曲線・枠外透過,235,一次一覧確認で確定なし（細部は実装後確認）,枠内に残る可能性
バリヤード_寝顔1_マイムのかべ寝.webp,バリヤード/バリヤード_寝顔1_マイムのかべ寝.webp,0122,バリヤード,通常,1,マイムのかべ寝,IMG_1996.png,,加工済み・実装後確認,,"(221, 636, 974, 1203)",撮り直し候補,未照合,画像/バリヤード/バリヤード_寝顔1_マイムのかべ寝.webp,2f4598071034b6d804d3896c17a6550d073114b4fbc8e43981dc39645d2fdc23,,0,0,寝顔中心・上下直線・左右16%曲線・枠外透過,236,一次一覧確認で確定なし（細部は実装後確認）,検出なし
バリヤード_寝顔2_こいしコツン寝.webp,バリヤード/バリヤード_寝顔2_こいしコツン寝.webp,0122,バリヤード,通常,2,こいしコツン寝,IMG_1670.png,,加工済み・実装後確認,,"(173, 987, 433, 1220)",一次切り抜き,未照合,画像/バリヤード/バリヤード_寝顔2_こいしコツン寝.webp,d9a7d21319ea7e9ec914a2dbb2aa8009ca30af48cc522a20e9520b71bb1dde96,0,0,0,寝顔中心・上下直線・左右16%曲線・枠外透過,237,一次一覧確認で確定なし（細部は実装後確認）,検出なし
バリヤード_寝顔3_マイムのベッド寝.webp,バリヤード/バリヤード_寝顔3_マイムのベッド寝.webp,0122,バリヤード,通常,3,マイムのベッド寝,IMG_1997.png,,加工済み・実装後確認,,"(171, 584, 947, 1240)",撮り直し候補,未照合,画像/バリヤード/バリヤード_寝顔3_マイムのベッド寝.webp,5c435099e983c8b77e9cbe418693b718801a4edb6cb76cb9b6b072b15cdedac6,,0,0,寝顔中心・上下直線・左右16%曲線・枠外透過,238,一次一覧確認で確定なし（細部は実装後確認）,検出なし
バリヤード_寝顔4_おなかのうえ寝.webp,バリヤード/バリヤード_寝顔4_おなかのうえ寝.webp,0122,バリヤード,通常,4,おなかのうえ寝,IMG_1670.png,カビゴンは元画像に見える範囲のみ。再生ボタンの重なり部分は補描なし。,加工済み・実装後確認,再生ボタン残り：身体の欠損とは別,"(100, 1879, 517, 2158)",構図要確認,未照合,画像/バリヤード/バリヤード_寝顔4_おなかのうえ寝.webp,d9a7d21319ea7e9ec914a2dbb2aa8009ca30af48cc522a20e9520b71bb1dde96,348,1759,0,寝顔中心・上下直線・左右16%曲線・枠外透過,239,一次一覧確認で確定なし（細部は実装後確認）,枠内に残る可能性
カイロス_寝顔1_だいたん寝.webp,カイロス/カイロス_寝顔1_だいたん寝.webp,0127,カイロス,通常,1,だいたん寝,IMG_1998.png,,加工済み・実装後確認,,"(223, 624, 959, 1143)",撮り直し候補,未照合,画像/カイロス/カイロス_寝顔1_だいたん寝.webp,6ef33272f6b4a116ae36ee8f360a7a00944d45a0eb2b277c674cdcafe05f7cfe,,0,0,寝顔中心・上下直線・左右16%曲線・枠外透過,240,一次一覧確認で確定なし（細部は実装後確認）,検出なし
カイロス_寝顔2_ぼうだち寝.webp,カイロス/カイロス_寝顔2_ぼうだち寝.webp,0127,カイロス,通常,2,ぼうだち寝,IMG_1999.png,,加工済み・実装後確認,,"(323, 581, 885, 1223)",撮り直し候補,未照合,画像/カイロス/カイロス_寝顔2_ぼうだち寝.webp,93edd1b1e5354c621cf26749df6be5c2672076a05f3dc51b0b79f148a16a04c4,,0,0,寝顔中心・上下直線・左右16%曲線・枠外透過,241,一次一覧確認で確定なし（細部は実装後確認）,検出なし
カイロス_寝顔3_もぐり寝.webp,カイロス/カイロス_寝顔3_もぐり寝.webp,0127,カイロス,通常,3,もぐり寝,IMG_1671.png,,加工済み・実装後確認,,"(167, 1390, 433, 1626)",一次切り抜き,未照合,画像/カイロス/カイロス_寝顔3_もぐり寝.webp,bb6ec461594eb4aa155ab4e712ab265a9fd33d0e4a97b30a7711797044a74186,0,0,0,寝顔中心・上下直線・左右16%曲線・枠外透過,242,一次一覧確認で確定なし（細部は実装後確認）,検出なし
カイロス_寝顔4_おなかのうえ寝.webp,カイロス/カイロス_寝顔4_おなかのうえ寝.webp,0127,カイロス,通常,4,おなかのうえ寝,IMG_1671.png,カビゴンは元画像に見える範囲のみ。再生ボタンの重なり部分は補描なし。,加工済み・実装後確認,再生ボタン残り：身体の欠損とは別,"(127, 1827, 492, 2106)",構図要確認,未照合,画像/カイロス/カイロス_寝顔4_おなかのうえ寝.webp,bb6ec461594eb4aa155ab4e712ab265a9fd33d0e4a97b30a7711797044a74186,102,1180,0,寝顔中心・上下直線・左右16%曲線・枠外透過,243,一次一覧確認で確定なし（細部は実装後確認）,枠内に残る可能性
メタモン_寝顔1_いしにへんしん寝.webp,メタモン/メタモン_寝顔1_いしにへんしん寝.webp,0132,メタモン,通常,1,いしにへんしん寝,IMG_1672.png,,加工済み・実装後確認,,"(191, 540, 418, 730)",一次切り抜き,未照合,画像/メタモン/メタモン_寝顔1_いしにへんしん寝.webp,262bf601a12f8103ef5b67b38cf208d37f0bf902bf07dde426d6f9e2eba0bac1,0,0,0,寝顔中心・上下直線・左右16%曲線・枠外透過,244,一次一覧確認で確定なし（細部は実装後確認）,検出なし
メタモン_寝顔2_そのまま寝.webp,メタモン/メタモン_寝顔2_そのまま寝.webp,0132,メタモン,通常,2,そのまま寝,IMG_1672.png,,加工済み・実装後確認,,"(188, 1001, 419, 1184)",一次切り抜き,未照合,画像/メタモン/メタモン_寝顔2_そのまま寝.webp,262bf601a12f8103ef5b67b38cf208d37f0bf902bf07dde426d6f9e2eba0bac1,0,0,0,寝顔中心・上下直線・左右16%曲線・枠外透過,245,一次一覧確認で確定なし（細部は実装後確認）,検出なし
メタモン_寝顔3_ピカチュウ寝.webp,メタモン/メタモン_寝顔3_ピカチュウ寝.webp,0132,メタモン,通常,3,ピカチュウ寝,IMG_2001.png,,加工済み・実装後確認,,"(253, 671, 949, 1155)",撮り直し候補,未照合,画像/メタモン/メタモン_寝顔3_ピカチュウ寝.webp,f8ab578003e41f19d9bbc35cf35bddb61adbeaed19d63682037e672cba3fa1d6,,0,0,寝顔中心・上下直線・左右16%曲線・枠外透過,246,一次一覧確認で確定なし（細部は実装後確認）,検出なし
メタモン_寝顔4_おなかのうえ寝.webp,メタモン/メタモン_寝顔4_おなかのうえ寝.webp,0132,メタモン,通常,4,おなかのうえ寝,IMG_1672.png,カビゴンは元画像に見える範囲のみ。再生ボタンの重なり部分は補描なし。,加工済み・実装後確認,再生ボタン残り：身体の欠損とは別,"(95, 1851, 508, 2131)",構図要確認,未照合,画像/メタモン/メタモン_寝顔4_おなかのうえ寝.webp,262bf601a12f8103ef5b67b38cf208d37f0bf902bf07dde426d6f9e2eba0bac1,2558,1651,0,寝顔中心・上下直線・左右16%曲線・枠外透過,247,一次一覧確認で確定なし（細部は実装後確認）,枠内に残る可能性
メタモン_寝顔5_フシギダネ寝.webp,メタモン/メタモン_寝顔5_フシギダネ寝.webp,0132,メタモン,通常,5,フシギダネ寝,IMG_1673.png,,加工済み・実装後確認,,"(163, 534, 433, 767)",一次切り抜き,未照合,画像/メタモン/メタモン_寝顔5_フシギダネ寝.webp,6f4781793cef952c8e7bdd614b6a4d741b55860a076dab3c5385a9203f771d6e,0,0,0,寝顔中心・上下直線・左右16%曲線・枠外透過,248,一次一覧確認で確定なし（細部は実装後確認）,検出なし
メタモン_寝顔6_ヒトカゲ寝.webp,メタモン/メタモン_寝顔6_ヒトカゲ寝.webp,0132,メタモン,通常,6,ヒトカゲ寝,IMG_1673.png,,加工済み・実装後確認,,"(173, 996, 433, 1224)",一次切り抜き,未照合,画像/メタモン/メタモン_寝顔6_ヒトカゲ寝.webp,6f4781793cef952c8e7bdd614b6a4d741b55860a076dab3c5385a9203f771d6e,0,0,0,寝顔中心・上下直線・左右16%曲線・枠外透過,249,一次一覧確認で確定なし（細部は実装後確認）,検出なし
メタモン_寝顔7_ゼニガメ寝.webp,メタモン/メタモン_寝顔7_ゼニガメ寝.webp,0132,メタモン,通常,7,ゼニガメ寝,IMG_1673.png,,加工済み・実装後確認,,"(178, 1453, 433, 1681)",一次切り抜き,未照合,画像/メタモン/メタモン_寝顔7_ゼニガメ寝.webp,6f4781793cef952c8e7bdd614b6a4d741b55860a076dab3c5385a9203f771d6e,0,0,0,寝顔中心・上下直線・左右16%曲線・枠外透過,250,一次一覧確認で確定なし（細部は実装後確認）,検出なし
メタモン_寝顔9_ゲンガー寝.webp,メタモン/メタモン_寝顔9_ゲンガー寝.webp,0132,メタモン,通常,9,ゲンガー寝,IMG_1673.png,,加工済み・実装後確認,,"(165, 1909, 433, 2145)",一次切り抜き,未照合,画像/メタモン/メタモン_寝顔9_ゲンガー寝.webp,6f4781793cef952c8e7bdd614b6a4d741b55860a076dab3c5385a9203f771d6e,0,0,0,寝顔中心・上下直線・左右16%曲線・枠外透過,251,一次一覧確認で確定なし（細部は実装後確認）,検出なし
メタモン_寝顔10_カイリュー寝.webp,メタモン/メタモン_寝顔10_カイリュー寝.webp,0132,メタモン,通常,10,カイリュー寝,IMG_2002.png,,加工済み・実装後確認,,"(278, 589, 910, 1250)",撮り直し候補,未照合,画像/メタモン/メタモン_寝顔10_カイリュー寝.webp,b063f0db828f7e553561effd2621d655722dd2d5ad1c7f7f33fe173cef8f5c80,,0,0,寝顔中心・上下直線・左右16%曲線・枠外透過,252,一次一覧確認で確定なし（細部は実装後確認）,検出なし
メタモン_寝顔11_ヨーギラス寝.webp,メタモン/メタモン_寝顔11_ヨーギラス寝.webp,0132,メタモン,通常,11,ヨーギラス寝,IMG_1674.png,,加工済み・実装後確認,,"(165, 994, 433, 1225)",一次切り抜き,未照合,画像/メタモン/メタモン_寝顔11_ヨーギラス寝.webp,193bc0c15b09ee6227c717bfc39766138f7759e6fd2b3069eb9dec6343e18488,0,0,0,寝顔中心・上下直線・左右16%曲線・枠外透過,253,一次一覧確認で確定なし（細部は実装後確認）,検出なし
メタモン_寝顔12_グレイシア寝.webp,メタモン/メタモン_寝顔12_グレイシア寝.webp,0132,メタモン,通常,12,グレイシア寝,IMG_2003.png,,加工済み・実装後確認,,"(303, 581, 822, 1243)",撮り直し候補,未照合,画像/メタモン/メタモン_寝顔12_グレイシア寝.webp,7acd0b9e9950eff5c5088fe72182dd582f63e25e9d7494a028f728c7a26825bc,,0,0,寝顔中心・上下直線・左右16%曲線・枠外透過,254,一次一覧確認で確定なし（細部は実装後確認）,検出なし
メタモン_寝顔13_ミュウ寝.webp,メタモン/メタモン_寝顔13_ミュウ寝.webp,0132,メタモン,通常,13,ミュウ寝,IMG_2005.png,,加工済み・実装後確認,,"(258, 604, 877, 1168)",撮り直し候補,未照合,画像/メタモン/メタモン_寝顔13_ミュウ寝.webp,6d3d1c231680a1016eef7f4d1fadd2063bb910aa390f33bfb8fe7062068f17a3,,0,0,寝顔中心・上下直線・左右16%曲線・枠外透過,255,一次一覧確認で確定なし（細部は実装後確認）,検出なし
イーブイ_寝顔1_まるまり寝.webp,イーブイ/イーブイ_寝顔1_まるまり寝.webp,0133,イーブイ,通常,1,まるまり寝,IMG_1675.png,,加工済み・実装後確認,,"(156, 526, 452, 691)",一次切り抜き,未照合,画像/イーブイ/イーブイ_寝顔1_まるまり寝.webp,2961b77a2d719ccaba3f5549f566cd6f4745bc8956251143c15259fa749cc074,0,0,0,寝顔中心・上下直線・左右16%曲線・枠外透過,256,一次一覧確認で確定なし（細部は実装後確認）,検出なし
イーブイ_寝顔2_たれみみ寝.webp,イーブイ/イーブイ_寝顔2_たれみみ寝.webp,0133,イーブイ,通常,2,たれみみ寝,IMG_1675.png,,加工済み・実装後確認,,"(173, 981, 425, 1169)",一次切り抜き,未照合,画像/イーブイ/イーブイ_寝顔2_たれみみ寝.webp,2961b77a2d719ccaba3f5549f566cd6f4745bc8956251143c15259fa749cc074,0,0,0,寝顔中心・上下直線・左右16%曲線・枠外透過,257,一次一覧確認で確定なし（細部は実装後確認）,検出なし
イーブイ_寝顔3_げんきいっぱい寝.webp,イーブイ/イーブイ_寝顔3_げんきいっぱい寝.webp,0133,イーブイ,通常,3,げんきいっぱい寝,IMG_2006.png,,加工済み・実装後確認,,"(218, 679, 939, 1070)",撮り直し候補,未照合,画像/イーブイ/イーブイ_寝顔3_げんきいっぱい寝.webp,a18e474119a27f21badb6d57a097116bdf1b0d11adc81f1306d007f15ac169cb,,0,0,寝顔中心・上下直線・左右16%曲線・枠外透過,258,一次一覧確認で確定なし（細部は実装後確認）,検出なし
イーブイ_寝顔4_おなかのうえ寝.webp,イーブイ/イーブイ_寝顔4_おなかのうえ寝.webp,0133,イーブイ,通常,4,おなかのうえ寝,IMG_1675.png,カビゴンは元画像に見える範囲のみ。再生ボタンの重なり部分は補描なし。,加工済み・実装後確認,再生ボタン残り：身体の欠損とは別,"(122, 1836, 472, 2116)",構図要確認,未照合,画像/イーブイ/イーブイ_寝顔4_おなかのうえ寝.webp,2961b77a2d719ccaba3f5549f566cd6f4745bc8956251143c15259fa749cc074,1556,521,0,寝顔中心・上下直線・左右16%曲線・枠外透過,259,一次一覧確認で確定なし（細部は実装後確認）,枠内に残る可能性
シャワーズ_寝顔1_おびれふり寝.webp,シャワーズ/シャワーズ_寝顔1_おびれふり寝.webp,0134,シャワーズ,通常,1,おびれふり寝,IMG_1676.png,,加工済み・実装後確認,,"(158, 482, 452, 717)",一次切り抜き,未照合,画像/シャワーズ/シャワーズ_寝顔1_おびれふり寝.webp,2b9b1079fc8ca5bade27960c8117480a2bcd2f838184fc8d507f2bf584207b32,0,0,0,寝顔中心・上下直線・左右16%曲線・枠外透過,260,一次一覧確認で確定なし（細部は実装後確認）,検出なし
シャワーズ_寝顔2_おすわり寝.webp,シャワーズ/シャワーズ_寝顔2_おすわり寝.webp,0134,シャワーズ,通常,2,おすわり寝,IMG_2007.png,,加工済み・実装後確認,,"(256, 596, 922, 1203)",撮り直し候補,未照合,画像/シャワーズ/シャワーズ_寝顔2_おすわり寝.webp,e3adb7f4ce88b3726e7ae14d14c3ce8f233b8d6e8eb6e3ca94a130073ba4ccbb,,0,0,寝顔中心・上下直線・左右16%曲線・枠外透過,261,一次一覧確認で確定なし（細部は実装後確認）,検出なし
シャワーズ_寝顔3_ぺったり寝.webp,シャワーズ/シャワーズ_寝顔3_ぺったり寝.webp,0134,シャワーズ,通常,3,ぺったり寝,IMG_2008.png,,加工済み・実装後確認,,"(238, 616, 957, 1235)",撮り直し候補,未照合,画像/シャワーズ/シャワーズ_寝顔3_ぺったり寝.webp,0829f53155f30335282ebc3cec4c8f29dc572fd97d1a59a995649114f59b9298,,0,0,寝顔中心・上下直線・左右16%曲線・枠外透過,262,一次一覧確認で確定なし（細部は実装後確認）,検出なし
サンダース_寝顔1_ふせ寝.webp,サンダース/サンダース_寝顔1_ふせ寝.webp,0135,サンダース,通常,1,ふせ寝,IMG_1677.png,,加工済み・実装後確認,,"(175, 515, 433, 709)",一次切り抜き,未照合,画像/サンダース/サンダース_寝顔1_ふせ寝.webp,04d37e3930499e4f251e9d047f0b5e77900d7f93dd189738363c92fd13ed245d,0,0,0,寝顔中心・上下直線・左右16%曲線・枠外透過,263,一次一覧確認で確定なし（細部は実装後確認）,検出なし
サンダース_寝顔2_おすわり寝.webp,サンダース/サンダース_寝顔2_おすわり寝.webp,0135,サンダース,通常,2,おすわり寝,IMG_2009.png,,加工済み・実装後確認,,"(278, 566, 944, 1238)",撮り直し候補,未照合,画像/サンダース/サンダース_寝顔2_おすわり寝.webp,3c0e45bb920edd3fec7eaa0886d9fb67d8162f367b5b95e8a6a9d9f36e6efa49,,0,0,寝顔中心・上下直線・左右16%曲線・枠外透過,264,一次一覧確認で確定なし（細部は実装後確認）,検出なし
サンダース_寝顔3_ゆめではしり寝.webp,サンダース/サンダース_寝顔3_ゆめではしり寝.webp,0135,サンダース,通常,3,ゆめではしり寝,IMG_2010.png,,加工済み・実装後確認,,"(233, 644, 924, 1250)",撮り直し候補,未照合,画像/サンダース/サンダース_寝顔3_ゆめではしり寝.webp,c5d7ed6df29a30ccb2ff888282c52dc1ee15e16d3cffd78229ae1ff68797a901,,0,0,寝顔中心・上下直線・左右16%曲線・枠外透過,265,一次一覧確認で確定なし（細部は実装後確認）,検出なし
サンダース_寝顔4_おなかのうえ寝.webp,サンダース/サンダース_寝顔4_おなかのうえ寝.webp,0135,サンダース,通常,4,おなかのうえ寝,IMG_1677.png,カビゴンは元画像に見える範囲のみ。再生ボタンの重なり部分は補描なし。,加工済み・実装後確認,再生ボタン残り：身体の欠損とは別,"(122, 1844, 499, 2123)",構図要確認,未照合,画像/サンダース/サンダース_寝顔4_おなかのうえ寝.webp,04d37e3930499e4f251e9d047f0b5e77900d7f93dd189738363c92fd13ed245d,231,1393,0,寝顔中心・上下直線・左右16%曲線・枠外透過,266,一次一覧確認で確定なし（細部は実装後確認）,枠内に残る可能性
ブースター_寝顔1_しっぽをふる寝.webp,ブースター/ブースター_寝顔1_しっぽをふる寝.webp,0136,ブースター,通常,1,しっぽをふる寝,IMG_1678.png,,加工済み・実装後確認,,"(160, 475, 433, 695)",一次切り抜き,未照合,画像/ブースター/ブースター_寝顔1_しっぽをふる寝.webp,6eb95fceb785682b257a01edcd5001a0488dc2ac3cbf9aef3bccdf480d5088bf,0,0,0,寝顔中心・上下直線・左右16%曲線・枠外透過,267,一次一覧確認で確定なし（細部は実装後確認）,検出なし
ブースター_寝顔2_こうばこすわり寝.webp,ブースター/ブースター_寝顔2_こうばこすわり寝.webp,0136,ブースター,通常,2,こうばこすわり寝,IMG_2011.png,,加工済み・実装後確認,,"(308, 591, 912, 1208)",撮り直し候補,未照合,画像/ブースター/ブースター_寝顔2_こうばこすわり寝.webp,81aea5c49223c1f8702cade290ad0617b286c8fd1afa08dba73259fe4f8e1c81,,0,0,寝顔中心・上下直線・左右16%曲線・枠外透過,268,一次一覧確認で確定なし（細部は実装後確認）,検出なし
ブースター_寝顔3_しっぽくるまり寝.webp,ブースター/ブースター_寝顔3_しっぽくるまり寝.webp,0136,ブースター,通常,3,しっぽくるまり寝,IMG_1678.png,,加工済み・実装後確認,,"(162, 1405, 433, 1611)",一次切り抜き,未照合,画像/ブースター/ブースター_寝顔3_しっぽくるまり寝.webp,6eb95fceb785682b257a01edcd5001a0488dc2ac3cbf9aef3bccdf480d5088bf,0,0,0,寝顔中心・上下直線・左右16%曲線・枠外透過,269,一次一覧確認で確定なし（細部は実装後確認）,検出なし
ブースター_寝顔4_おなかのうえ寝.webp,ブースター/ブースター_寝顔4_おなかのうえ寝.webp,0136,ブースター,通常,4,おなかのうえ寝,IMG_1678.png,カビゴンは元画像に見える範囲のみ。再生ボタンの重なり部分は補描なし。,加工済み・実装後確認,再生ボタン残り：身体の欠損とは別,"(95, 1822, 467, 2101)",構図要確認,未照合,画像/ブースター/ブースター_寝顔4_おなかのうえ寝.webp,6eb95fceb785682b257a01edcd5001a0488dc2ac3cbf9aef3bccdf480d5088bf,71,318,0,寝顔中心・上下直線・左右16%曲線・枠外透過,270,一次一覧確認で確定なし（細部は実装後確認）,枠内に残る可能性
ミニリュウ_寝顔1_とぐろ寝.webp,ミニリュウ/ミニリュウ_寝顔1_とぐろ寝.webp,0147,ミニリュウ,通常,1,とぐろ寝,IMG_1679.png,,加工済み・実装後確認,,"(177, 474, 433, 700)",一次切り抜き,未照合,画像/ミニリュウ/ミニリュウ_寝顔1_とぐろ寝.webp,ebf576f74253a742caaf281b26a8d7541b8ad5df6af2c8cb4f66df4555a171f4,0,0,0,寝顔中心・上下直線・左右16%曲線・枠外透過,271,一次一覧確認で確定なし（細部は実装後確認）,検出なし
ミニリュウ_寝顔2_くねく寝.webp,ミニリュウ/ミニリュウ_寝顔2_くねく寝.webp,0147,ミニリュウ,通常,2,くねく寝,IMG_2012.png,,加工済み・実装後確認,,"(208, 604, 954, 1200)",撮り直し候補,未照合,画像/ミニリュウ/ミニリュウ_寝顔2_くねく寝.webp,05d0a9929710e1a4eaa9fd66d4eb80f9a08824a46f60e33b6333aacafa9bd09b,,0,0,寝顔中心・上下直線・左右16%曲線・枠外透過,272,一次一覧確認で確定なし（細部は実装後確認）,検出なし
ミニリュウ_寝顔3_ほぐれ寝.webp,ミニリュウ/ミニリュウ_寝顔3_ほぐれ寝.webp,0147,ミニリュウ,通常,3,ほぐれ寝,IMG_1679.png,,加工済み・実装後確認,,"(170, 1399, 433, 1619)",一次切り抜き,未照合,画像/ミニリュウ/ミニリュウ_寝顔3_ほぐれ寝.webp,ebf576f74253a742caaf281b26a8d7541b8ad5df6af2c8cb4f66df4555a171f4,0,0,0,寝顔中心・上下直線・左右16%曲線・枠外透過,273,一次一覧確認で確定なし（細部は実装後確認）,検出なし
ミニリュウ_寝顔4_おなかのうえ寝.webp,ミニリュウ/ミニリュウ_寝顔4_おなかのうえ寝.webp,0147,ミニリュウ,通常,4,おなかのうえ寝,IMG_1679.png,カビゴンは元画像に見える範囲のみ。再生ボタンの重なり部分は補描なし。,加工済み・実装後確認,再生ボタン残り：身体の欠損とは別,"(95, 1820, 520, 2100)",構図要確認,未照合,画像/ミニリュウ/ミニリュウ_寝顔4_おなかのうえ寝.webp,ebf576f74253a742caaf281b26a8d7541b8ad5df6af2c8cb4f66df4555a171f4,348,1768,0,寝顔中心・上下直線・左右16%曲線・枠外透過,274,一次一覧確認で確定なし（細部は実装後確認）,枠内に残る可能性
ハクリュー_寝顔1_とぐろ寝.webp,ハクリュー/ハクリュー_寝顔1_とぐろ寝.webp,0148,ハクリュー,通常,1,とぐろ寝,IMG_2013.png,,加工済み・実装後確認,,"(228, 564, 949, 1218)",撮り直し候補,未照合,画像/ハクリュー/ハクリュー_寝顔1_とぐろ寝.webp,b9fc41b60473be0517643ce9f1c7b06878022b568110e045e55849d61826113a,,0,0,寝顔中心・上下直線・左右16%曲線・枠外透過,275,一次一覧確認で確定なし（細部は実装後確認）,検出なし
ハクリュー_寝顔2_くねく寝.webp,ハクリュー/ハクリュー_寝顔2_くねく寝.webp,0148,ハクリュー,通常,2,くねく寝,IMG_2014.png,,加工済み・実装後確認,,"(261, 546, 944, 1275)",撮り直し候補,未照合,画像/ハクリュー/ハクリュー_寝顔2_くねく寝.webp,e9e90c9e8a4d3b882ed058bf425a3d95307c8e5e45dc25bd75c5656fe2a18f33,,0,0,寝顔中心・上下直線・左右16%曲線・枠外透過,276,一次一覧確認で確定なし（細部は実装後確認）,検出なし
ハクリュー_寝顔3_ほぐれ寝.webp,ハクリュー/ハクリュー_寝顔3_ほぐれ寝.webp,0148,ハクリュー,通常,3,ほぐれ寝,IMG_1680.png,,加工済み・実装後確認,,"(157, 1495, 449, 1724)",一次切り抜き,未照合,画像/ハクリュー/ハクリュー_寝顔3_ほぐれ寝.webp,54aaba01bc4d184b138ddaaff7762131e44763d182c4baa92c5573d778f862ae,0,0,0,寝顔中心・上下直線・左右16%曲線・枠外透過,277,一次一覧確認で確定なし（細部は実装後確認）,検出なし
ハクリュー_寝顔4_おなかのうえ寝.webp,ハクリュー/ハクリュー_寝顔4_おなかのうえ寝.webp,0148,ハクリュー,通常,4,おなかのうえ寝,IMG_1680.png,カビゴンは元画像に見える範囲のみ。再生ボタンの重なり部分は補描なし。,加工済み・実装後確認,再生ボタン残り：身体の欠損とは別,"(107, 1924, 508, 2203)",構図要確認,未照合,画像/ハクリュー/ハクリュー_寝顔4_おなかのうえ寝.webp,54aaba01bc4d184b138ddaaff7762131e44763d182c4baa92c5573d778f862ae,2102,1645,0,寝顔中心・上下直線・左右16%曲線・枠外透過,278,一次一覧確認で確定なし（細部は実装後確認）,枠内に残る可能性
カイリュー_寝顔1_まるまり寝.webp,カイリュー/カイリュー_寝顔1_まるまり寝.webp,0149,カイリュー,通常,1,まるまり寝,IMG_2015.png,,加工済み・実装後確認,,"(176, 626, 952, 1173)",撮り直し候補,未照合,画像/カイリュー/カイリュー_寝顔1_まるまり寝.webp,ad2508aac4789ee40f7cca19f41d5c27ab875048e8014fd2ce9309ef0e141693,,0,0,寝顔中心・上下直線・左右16%曲線・枠外透過,279,一次一覧確認で確定なし（細部は実装後確認）,検出なし
カイリュー_寝顔2_すわり寝.webp,カイリュー/カイリュー_寝顔2_すわり寝.webp,0149,カイリュー,通常,2,すわり寝,IMG_2016.png,,加工済み・実装後確認,,"(231, 569, 947, 1243)",撮り直し候補,未照合,画像/カイリュー/カイリュー_寝顔2_すわり寝.webp,874678373c0220ec04994bcc9240c4160f8e74eb3edc5928ad8c7743e2f4becf,,0,0,寝顔中心・上下直線・左右16%曲線・枠外透過,280,一次一覧確認で確定なし（細部は実装後確認）,検出なし
カイリュー_寝顔3_おなかだし寝.webp,カイリュー/カイリュー_寝顔3_おなかだし寝.webp,0149,カイリュー,通常,3,おなかだし寝,IMG_2017.png,,加工済み・実装後確認,,"(171, 616, 977, 1165)",撮り直し候補,未照合,画像/カイリュー/カイリュー_寝顔3_おなかだし寝.webp,5426620e242ee432e7ed592680bb1bff273e9bc9233bd9c19a359f81b7460898,,0,0,寝顔中心・上下直線・左右16%曲線・枠外透過,281,一次一覧確認で確定なし（細部は実装後確認）,検出なし
ミュウツー_寝顔1_かたひざたて寝.webp,ミュウツー/ミュウツー_寝顔1_かたひざたて寝.webp,0150,ミュウツー,通常,1,かたひざたて寝,IMG_2018.png,,加工済み・実装後確認,,"(201, 591, 937, 1205)",撮り直し候補,未照合,画像/ミュウツー/ミュウツー_寝顔1_かたひざたて寝.webp,541c0e4c76afe1296a1dd51779e9fc17ae36de1bd6197d78d446aa7cd4f50f14,,0,0,寝顔中心・上下直線・左右16%曲線・枠外透過,282,一次一覧確認で確定なし（細部は実装後確認）,検出なし
ミュウツー_寝顔2_ちょくりつふゆう寝.webp,ミュウツー/ミュウツー_寝顔2_ちょくりつふゆう寝.webp,0150,ミュウツー,通常,2,ちょくりつふゆう寝,IMG_2019.png,,加工済み・実装後確認,,"(233, 559, 872, 1248)",撮り直し候補,未照合,画像/ミュウツー/ミュウツー_寝顔2_ちょくりつふゆう寝.webp,8cea9ec57f10d533c4b7309bd387d166a077489113381c7972e850ccddc1903c,,0,0,寝顔中心・上下直線・左右16%曲線・枠外透過,283,一次一覧確認で確定なし（細部は実装後確認）,検出なし
ミュウツー_寝顔3_サイコブレイク寝.webp,ミュウツー/ミュウツー_寝顔3_サイコブレイク寝.webp,0150,ミュウツー,通常,3,サイコブレイク寝,IMG_2020.png,,加工済み・実装後確認,,"(373, 531, 807, 1203)",撮り直し候補,未照合,画像/ミュウツー/ミュウツー_寝顔3_サイコブレイク寝.webp,16953bb025fa1332071c6128b9777b41fd12526342857ef1d44d68e267012856,,0,0,寝顔中心・上下直線・左右16%曲線・枠外透過,284,一次一覧確認で確定なし（細部は実装後確認）,検出なし
ミュウツー_寝顔4_うっとうしい寝.webp,ミュウツー/ミュウツー_寝顔4_うっとうしい寝.webp,0150,ミュウツー,通常,4,うっとうしい寝,IMG_2021.png,,加工済み・実装後確認,,"(326, 452, 1014, 1218)",撮り直し候補,未照合,画像/ミュウツー/ミュウツー_寝顔4_うっとうしい寝.webp,a38dcc6d4e23500d5dbe6f787c4d8a54f39cac1a27610f1a8ab9ca799e493799,,0,0,寝顔中心・上下直線・左右16%曲線・枠外透過,285,一次一覧確認で確定なし（細部は実装後確認）,検出なし
ミュウツー_寝顔5_こころやすらぎ寝.webp,ミュウツー/ミュウツー_寝顔5_こころやすらぎ寝.webp,0150,ミュウツー,通常,5,こころやすらぎ寝,IMG_1683(1).png,洞窟背景と地面の影は分離できないため、ポケモン本体のみ切り出し。補描なし。,加工済み・実装後確認,再生ボタン残り：身体の欠損とは別,"(95, 1623, 525, 1903)",撮り直し候補,未照合,画像/ミュウツー/ミュウツー_寝顔5_こころやすらぎ寝.webp,5cb37f1793034c99ed33d89878ae1fc81892192ffc0cd821cadf8574a5622cb8,6251,1768,0,寝顔中心・上下直線・左右16%曲線・枠外透過,286,一次一覧確認で確定なし（細部は実装後確認）,枠内に残る可能性
ミュウ_寝顔1_ふわふわ寝.webp,ミュウ/ミュウ_寝顔1_ふわふわ寝.webp,0151,ミュウ,通常,1,ふわふわ寝,IMG_1684(1).png,,加工済み・実装後確認,,"(157, 747, 433, 993)",撮り直し候補,未照合,画像/ミュウ/ミュウ_寝顔1_ふわふわ寝.webp,60fd86649be56b25b7da2bba849cd63c9d4749d1aa510371b7c482ac0d1547db,0,0,0,寝顔中心・上下直線・左右16%曲線・枠外透過,287,一次一覧確認で確定なし（細部は実装後確認）,検出なし
ミュウ_寝顔3_あわベッド寝.webp,ミュウ/ミュウ_寝顔3_あわベッド寝.webp,0151,ミュウ,通常,3,あわベッド寝,IMG_1684(1).png,,加工済み・実装後確認,,"(168, 1652, 433, 1886)",撮り直し候補,未照合,画像/ミュウ/ミュウ_寝顔3_あわベッド寝.webp,60fd86649be56b25b7da2bba849cd63c9d4749d1aa510371b7c482ac0d1547db,0,0,0,寝顔中心・上下直線・左右16%曲線・枠外透過,288,一次一覧確認で確定なし（細部は実装後確認）,検出なし
チコリータ_寝顔1_はっぱおし寝.webp,チコリータ/チコリータ_寝顔1_はっぱおし寝.webp,0152,チコリータ,通常,1,はっぱおし寝,IMG_1685(1).png,,加工済み・実装後確認,,"(168, 498, 433, 730)",一次切り抜き,未照合,画像/チコリータ/チコリータ_寝顔1_はっぱおし寝.webp,86c5fc1a0e475bdd6955180cd4b81a19c2e52cf783560566385e662768c07b40,0,0,0,寝顔中心・上下直線・左右16%曲線・枠外透過,289,一次一覧確認で確定なし（細部は実装後確認）,検出なし
チコリータ_寝顔2_はっぱたれ寝.webp,チコリータ/チコリータ_寝顔2_はっぱたれ寝.webp,0152,チコリータ,通常,2,はっぱたれ寝,IMG_1685(1).png,,加工済み・実装後確認,,"(167, 957, 433, 1188)",一次切り抜き,未照合,画像/チコリータ/チコリータ_寝顔2_はっぱたれ寝.webp,86c5fc1a0e475bdd6955180cd4b81a19c2e52cf783560566385e662768c07b40,0,0,0,寝顔中心・上下直線・左右16%曲線・枠外透過,290,一次一覧確認で確定なし（細部は実装後確認）,検出なし
チコリータ_寝顔3_へそてん寝.webp,チコリータ/チコリータ_寝顔3_へそてん寝.webp,0152,チコリータ,通常,3,へそてん寝,IMG_1685(1).png,,加工済み・実装後確認,,"(175, 1442, 433, 1614)",一次切り抜き,未照合,画像/チコリータ/チコリータ_寝顔3_へそてん寝.webp,86c5fc1a0e475bdd6955180cd4b81a19c2e52cf783560566385e662768c07b40,0,0,0,寝顔中心・上下直線・左右16%曲線・枠外透過,291,一次一覧確認で確定なし（細部は実装後確認）,検出なし
チコリータ_寝顔4_おなかのうえ寝.webp,チコリータ/チコリータ_寝顔4_おなかのうえ寝.webp,0152,チコリータ,通常,4,おなかのうえ寝,IMG_1685(1).png,カビゴンは元画像に見える範囲のみ。再生ボタンの重なり部分は補描なし。,加工済み・実装後確認,再生ボタン残り：身体の欠損とは別,"(95, 1854, 478, 2121)",構図要確認,未照合,画像/チコリータ/チコリータ_寝顔4_おなかのうえ寝.webp,86c5fc1a0e475bdd6955180cd4b81a19c2e52cf783560566385e662768c07b40,2315,704,0,寝顔中心・上下直線・左右16%曲線・枠外透過,292,一次一覧確認で確定なし（細部は実装後確認）,枠内に残る可能性
ベイリーフ_寝顔1_のび寝.webp,ベイリーフ/ベイリーフ_寝顔1_のび寝.webp,0153,ベイリーフ,通常,1,のび寝,IMG_1686.png,,加工済み・実装後確認,再生ボタン残り：身体の欠損とは別,"(95, 508, 525, 786)",撮り直し候補,未照合,画像/ベイリーフ/ベイリーフ_寝顔1_のび寝.webp,db43e7b645b814a28267b339b07029519c7c75c52ce179ac255607515bc4140b,246,1768,0,寝顔中心・上下直線・左右16%曲線・枠外透過,293,一次一覧確認で確定なし（細部は実装後確認）,枠内に残る可能性
ベイリーフ_寝顔2_つぼみふり寝.webp,ベイリーフ/ベイリーフ_寝顔2_つぼみふり寝.webp,0153,ベイリーフ,通常,2,つぼみふり寝,IMG_1686.png,,加工済み・実装後確認,再生ボタン残り：身体の欠損とは別,"(95, 963, 525, 1243)",撮り直し候補,未照合,画像/ベイリーフ/ベイリーフ_寝顔2_つぼみふり寝.webp,db43e7b645b814a28267b339b07029519c7c75c52ce179ac255607515bc4140b,244,1768,0,寝顔中心・上下直線・左右16%曲線・枠外透過,294,一次一覧確認で確定なし（細部は実装後確認）,枠内に残る可能性
ベイリーフ_寝顔3_かわたたき寝.webp,ベイリーフ/ベイリーフ_寝顔3_かわたたき寝.webp,0153,ベイリーフ,通常,3,かわたたき寝,IMG_1686.png,,加工済み・実装後確認,,"(161, 1462, 450, 1677)",一次切り抜き,未照合,画像/ベイリーフ/ベイリーフ_寝顔3_かわたたき寝.webp,db43e7b645b814a28267b339b07029519c7c75c52ce179ac255607515bc4140b,0,0,0,寝顔中心・上下直線・左右16%曲線・枠外透過,295,一次一覧確認で確定なし（細部は実装後確認）,検出なし
ベイリーフ_寝顔4_おなかのうえ寝.webp,ベイリーフ/ベイリーフ_寝顔4_おなかのうえ寝.webp,0153,ベイリーフ,通常,4,おなかのうえ寝,IMG_1686.png,カビゴンは元画像に見える範囲のみ。再生ボタンの重なり部分は補描なし。,加工済み・実装後確認,再生ボタン残り：身体の欠損とは別,"(95, 1876, 525, 2156)",構図要確認,未照合,画像/ベイリーフ/ベイリーフ_寝顔4_おなかのうえ寝.webp,db43e7b645b814a28267b339b07029519c7c75c52ce179ac255607515bc4140b,311,1768,0,寝顔中心・上下直線・左右16%曲線・枠外透過,296,一次一覧確認で確定なし（細部は実装後確認）,枠内に残る可能性
メガニウム_寝顔1_おだやか寝.webp,メガニウム/メガニウム_寝顔1_おだやか寝.webp,0154,メガニウム,通常,1,おだやか寝,IMG_1687.png,,加工済み・実装後確認,再生ボタン残り：身体の欠損とは別,"(158, 488, 458, 739)",撮り直し候補,未照合,画像/メガニウム/メガニウム_寝顔1_おだやか寝.webp,7b3b870570598d2f710ca9642f65fa566415d22caca9fd2386a92f0ba58ce794,0,97,0,寝顔中心・上下直線・左右16%曲線・枠外透過,297,一次一覧確認で確定なし（細部は実装後確認）,枠内に残る可能性
メガニウム_寝顔2_くびふり寝.webp,メガニウム/メガニウム_寝顔2_くびふり寝.webp,0154,メガニウム,通常,2,くびふり寝,IMG_1687.png,,加工済み・実装後確認,再生ボタン残り：身体の欠損とは別,"(95, 924, 525, 1204)",撮り直し候補,未照合,画像/メガニウム/メガニウム_寝顔2_くびふり寝.webp,7b3b870570598d2f710ca9642f65fa566415d22caca9fd2386a92f0ba58ce794,254,1768,0,寝顔中心・上下直線・左右16%曲線・枠外透過,298,一次一覧確認で確定なし（細部は実装後確認）,枠内に残る可能性
メガニウム_寝顔3_はながさいた寝.webp,メガニウム/メガニウム_寝顔3_はながさいた寝.webp,0154,メガニウム,通常,3,はながさいた寝,IMG_1687.png,,加工済み・実装後確認,再生ボタン残り：身体の欠損とは別,"(127, 1384, 477, 1636)",撮り直し候補,未照合,画像/メガニウム/メガニウム_寝顔3_はながさいた寝.webp,7b3b870570598d2f710ca9642f65fa566415d22caca9fd2386a92f0ba58ce794,0,328,0,寝顔中心・上下直線・左右16%曲線・枠外透過,299,一次一覧確認で確定なし（細部は実装後確認）,枠内に残る可能性
メガニウム_寝顔4_おなかのうえ寝.webp,メガニウム/メガニウム_寝顔4_おなかのうえ寝.webp,0154,メガニウム,通常,4,おなかのうえ寝,IMG_1687.png,カビゴンは元画像に見える範囲のみ。再生ボタンの重なり部分は補描なし。,加工済み・実装後確認,再生ボタン残り：身体の欠損とは別,"(95, 1839, 525, 2118)",構図要確認,未照合,画像/メガニウム/メガニウム_寝顔4_おなかのうえ寝.webp,7b3b870570598d2f710ca9642f65fa566415d22caca9fd2386a92f0ba58ce794,1094,1768,0,寝顔中心・上下直線・左右16%曲線・枠外透過,300,一次一覧確認で確定なし（細部は実装後確認）,枠内に残る可能性
ヒノアラシ_寝顔1_ぺったり寝.webp,ヒノアラシ/ヒノアラシ_寝顔1_ぺったり寝.webp,0155,ヒノアラシ,通常,1,ぺったり寝,IMG_1689.png,,加工済み・実装後確認,,"(192, 488, 428, 662)",一次切り抜き,未照合,画像/ヒノアラシ/ヒノアラシ_寝顔1_ぺったり寝.webp,f4ee8cf1425530b180c022557a4efa81fafe975ef9588f926f57fe76a5e74b41,0,0,0,寝顔中心・上下直線・左右16%曲線・枠外透過,301,一次一覧確認で確定なし（細部は実装後確認）,検出なし
ヒノアラシ_寝顔2_せなかまるめ寝.webp,ヒノアラシ/ヒノアラシ_寝顔2_せなかまるめ寝.webp,0155,ヒノアラシ,通常,2,せなかまるめ寝,IMG_1689.png,,加工済み・実装後確認,,"(195, 933, 415, 1115)",一次切り抜き,未照合,画像/ヒノアラシ/ヒノアラシ_寝顔2_せなかまるめ寝.webp,f4ee8cf1425530b180c022557a4efa81fafe975ef9588f926f57fe76a5e74b41,0,0,0,寝顔中心・上下直線・左右16%曲線・枠外透過,302,一次一覧確認で確定なし（細部は実装後確認）,検出なし
ヒノアラシ_寝顔3_ほのおふきあげ寝.webp,ヒノアラシ/ヒノアラシ_寝顔3_ほのおふきあげ寝.webp,0155,ヒノアラシ,通常,3,ほのおふきあげ寝,IMG_1689.png,,加工済み・実装後確認,,"(161, 1351, 433, 1603)",撮り直し候補,未照合,画像/ヒノアラシ/ヒノアラシ_寝顔3_ほのおふきあげ寝.webp,f4ee8cf1425530b180c022557a4efa81fafe975ef9588f926f57fe76a5e74b41,0,0,0,寝顔中心・上下直線・左右16%曲線・枠外透過,303,一次一覧確認で確定なし（細部は実装後確認）,検出なし
ヒノアラシ_寝顔4_おなかのうえ寝.webp,ヒノアラシ/ヒノアラシ_寝顔4_おなかのうえ寝.webp,0155,ヒノアラシ,通常,4,おなかのうえ寝,IMG_1689.png,カビゴンは元画像に見える範囲のみ。再生ボタンの重なり部分は補描なし。,加工済み・実装後確認,再生ボタン残り：身体の欠損とは別,"(95, 1794, 525, 2074)",構図要確認,未照合,画像/ヒノアラシ/ヒノアラシ_寝顔4_おなかのうえ寝.webp,f4ee8cf1425530b180c022557a4efa81fafe975ef9588f926f57fe76a5e74b41,1400,1768,0,寝顔中心・上下直線・左右16%曲線・枠外透過,304,一次一覧確認で確定なし（細部は実装後確認）,枠内に残る可能性
マグマラシ_寝顔1_うでまくら寝.webp,マグマラシ/マグマラシ_寝顔1_うでまくら寝.webp,0156,マグマラシ,通常,1,うでまくら寝,IMG_1690.png,,加工済み・実装後確認,,"(167, 544, 433, 779)",一次切り抜き,未照合,画像/マグマラシ/マグマラシ_寝顔1_うでまくら寝.webp,7bf7571b689dc4737488e41399946257cc2d9fbde2126d70ea2c23c7edf00b63,0,0,0,寝顔中心・上下直線・左右16%曲線・枠外透過,305,一次一覧確認で確定なし（細部は実装後確認）,検出なし
マグマラシ_寝顔2_つっぷし寝.webp,マグマラシ/マグマラシ_寝顔2_つっぷし寝.webp,0156,マグマラシ,通常,2,つっぷし寝,IMG_1690.png,,加工済み・実装後確認,,"(173, 1011, 433, 1231)",一次切り抜き,未照合,画像/マグマラシ/マグマラシ_寝顔2_つっぷし寝.webp,7bf7571b689dc4737488e41399946257cc2d9fbde2126d70ea2c23c7edf00b63,0,0,0,寝顔中心・上下直線・左右16%曲線・枠外透過,306,一次一覧確認で確定なし（細部は実装後確認）,検出なし
マグマラシ_寝顔3_ほのおふきあげ寝.webp,マグマラシ/マグマラシ_寝顔3_ほのおふきあげ寝.webp,0156,マグマラシ,通常,3,ほのおふきあげ寝,IMG_1690.png,,加工済み・実装後確認,再生ボタン残り：身体の欠損とは別,"(157, 1431, 482, 1702)",撮り直し候補,未照合,画像/マグマラシ/マグマラシ_寝顔3_ほのおふきあげ寝.webp,7bf7571b689dc4737488e41399946257cc2d9fbde2126d70ea2c23c7edf00b63,0,803,0,寝顔中心・上下直線・左右16%曲線・枠外透過,307,一次一覧確認で確定なし（細部は実装後確認）,枠内に残る可能性
マグマラシ_寝顔4_おなかのうえ寝.webp,マグマラシ/マグマラシ_寝顔4_おなかのうえ寝.webp,0156,マグマラシ,通常,4,おなかのうえ寝,IMG_1690.png,カビゴンは元画像に見える範囲のみ。再生ボタンの重なり部分は補描なし。,加工済み・実装後確認,再生ボタン残り：身体の欠損とは別,"(135, 1888, 488, 2167)",構図要確認,未照合,画像/マグマラシ/マグマラシ_寝顔4_おなかのうえ寝.webp,7bf7571b689dc4737488e41399946257cc2d9fbde2126d70ea2c23c7edf00b63,1208,1059,0,寝顔中心・上下直線・左右16%曲線・枠外透過,308,一次一覧確認で確定なし（細部は実装後確認）,枠内に残る可能性
バクフーン_寝顔1_うでまくら寝.webp,バクフーン/バクフーン_寝顔1_うでまくら寝.webp,0157,バクフーン,通常,1,うでまくら寝,IMG_1691.png,,加工済み・実装後確認,再生ボタン残り：身体の欠損とは別,"(95, 450, 525, 724)",撮り直し候補,未照合,画像/バクフーン/バクフーン_寝顔1_うでまくら寝.webp,d34210d07c6ac310650c5f0b05b1af9ca6f35ddaee7ca1f008d161969a9bde94,126,1768,0,寝顔中心・上下直線・左右16%曲線・枠外透過,309,一次一覧確認で確定なし（細部は実装後確認）,枠内に残る可能性
バクフーン_寝顔2_けづくろい寝.webp,バクフーン/バクフーン_寝顔2_けづくろい寝.webp,0157,バクフーン,通常,2,けづくろい寝,IMG_1691.png,,加工済み・実装後確認,再生ボタン残り：身体の欠損とは別,"(95, 901, 525, 1180)",撮り直し候補,未照合,画像/バクフーン/バクフーン_寝顔2_けづくろい寝.webp,d34210d07c6ac310650c5f0b05b1af9ca6f35ddaee7ca1f008d161969a9bde94,126,1768,0,寝顔中心・上下直線・左右16%曲線・枠外透過,310,一次一覧確認で確定なし（細部は実装後確認）,枠内に残る可能性
バクフーン_寝顔3_ほのおふきあげ寝.webp,バクフーン/バクフーン_寝顔3_ほのおふきあげ寝.webp,0157,バクフーン,通常,3,ほのおふきあげ寝,IMG_1691.png,,加工済み・実装後確認,再生ボタン残り：身体の欠損とは別,"(148, 1372, 475, 1613)",撮り直し候補,未照合,画像/バクフーン/バクフーン_寝顔3_ほのおふきあげ寝.webp,d34210d07c6ac310650c5f0b05b1af9ca6f35ddaee7ca1f008d161969a9bde94,0,348,0,寝顔中心・上下直線・左右16%曲線・枠外透過,311,一次一覧確認で確定なし（細部は実装後確認）,枠内に残る可能性
バクフーン_寝顔4_おなかのうえ寝.webp,バクフーン/バクフーン_寝顔4_おなかのうえ寝.webp,0157,バクフーン,通常,4,おなかのうえ寝,IMG_1691.png,カビゴンは元画像に見える範囲のみ。再生ボタンの重なり部分は補描なし。,加工済み・実装後確認,再生ボタン残り：身体の欠損とは別,"(95, 1815, 525, 2095)",構図要確認,未照合,画像/バクフーン/バクフーン_寝顔4_おなかのうえ寝.webp,d34210d07c6ac310650c5f0b05b1af9ca6f35ddaee7ca1f008d161969a9bde94,2583,1768,0,寝顔中心・上下直線・左右16%曲線・枠外透過,312,一次一覧確認で確定なし（細部は実装後確認）,枠内に残る可能性
ワニノコ_寝顔1_はんきゅう寝.webp,ワニノコ/ワニノコ_寝顔1_はんきゅう寝.webp,0158,ワニノコ,通常,1,はんきゅう寝,IMG_1692.png,,加工済み・実装後確認,,"(185, 505, 429, 709)",一次切り抜き,未照合,画像/ワニノコ/ワニノコ_寝顔1_はんきゅう寝.webp,89a44decf2af7d1c7c4e2f5c9b26b712f0707d62accfa3875394602181c88b58,0,0,0,寝顔中心・上下直線・左右16%曲線・枠外透過,313,一次一覧確認で確定なし（細部は実装後確認）,検出なし
ワニノコ_寝顔2_あまがみ寝.webp,ワニノコ/ワニノコ_寝顔2_あまがみ寝.webp,0158,ワニノコ,通常,2,あまがみ寝,IMG_1692.png,,加工済み・実装後確認,,"(172, 951, 433, 1179)",一次切り抜き,未照合,画像/ワニノコ/ワニノコ_寝顔2_あまがみ寝.webp,89a44decf2af7d1c7c4e2f5c9b26b712f0707d62accfa3875394602181c88b58,0,0,0,寝顔中心・上下直線・左右16%曲線・枠外透過,314,一次一覧確認で確定なし（細部は実装後確認）,検出なし
ワニノコ_寝顔3_おおぐちあけ寝.webp,ワニノコ/ワニノコ_寝顔3_おおぐちあけ寝.webp,0158,ワニノコ,通常,3,おおぐちあけ寝,IMG_1692.png,,加工済み・実装後確認,,"(165, 1430, 433, 1623)",一次切り抜き,未照合,画像/ワニノコ/ワニノコ_寝顔3_おおぐちあけ寝.webp,89a44decf2af7d1c7c4e2f5c9b26b712f0707d62accfa3875394602181c88b58,0,0,0,寝顔中心・上下直線・左右16%曲線・枠外透過,315,一次一覧確認で確定なし（細部は実装後確認）,検出なし
ワニノコ_寝顔4_おなかのうえ寝.webp,ワニノコ/ワニノコ_寝顔4_おなかのうえ寝.webp,0158,ワニノコ,通常,4,おなかのうえ寝,IMG_1692.png,カビゴンは元画像に見える範囲のみ。再生ボタンの重なり部分は補描なし。,加工済み・実装後確認,再生ボタン残り：身体の欠損とは別,"(97, 1836, 520, 2116)",構図要確認,未照合,画像/ワニノコ/ワニノコ_寝顔4_おなかのうえ寝.webp,89a44decf2af7d1c7c4e2f5c9b26b712f0707d62accfa3875394602181c88b58,3056,1768,0,寝顔中心・上下直線・左右16%曲線・枠外透過,316,一次一覧確認で確定なし（細部は実装後確認）,枠内に残る可能性
アリゲイツ_寝顔1_はんきゅう寝.webp,アリゲイツ/アリゲイツ_寝顔1_はんきゅう寝.webp,0159,アリゲイツ,通常,1,はんきゅう寝,IMG_1693.png,,加工済み・実装後確認,,"(175, 505, 449, 721)",一次切り抜き,未照合,画像/アリゲイツ/アリゲイツ_寝顔1_はんきゅう寝.webp,1f2e0879979c87039ff5eb9dac54ad00754f03ba2b1b5e2eccaea8f2a7479d9a,0,0,0,寝顔中心・上下直線・左右16%曲線・枠外透過,317,一次一覧確認で確定なし（細部は実装後確認）,検出なし
アリゲイツ_寝顔2_キバみせ寝.webp,アリゲイツ/アリゲイツ_寝顔2_キバみせ寝.webp,0159,アリゲイツ,通常,2,キバみせ寝,IMG_1693.png,,加工済み・実装後確認,,"(138, 929, 433, 1206)",撮り直し候補,未照合,画像/アリゲイツ/アリゲイツ_寝顔2_キバみせ寝.webp,1f2e0879979c87039ff5eb9dac54ad00754f03ba2b1b5e2eccaea8f2a7479d9a,0,0,0,寝顔中心・上下直線・左右16%曲線・枠外透過,318,一次一覧確認で確定なし（細部は実装後確認）,検出なし
アリゲイツ_寝顔3_おおぐちあけ寝.webp,アリゲイツ/アリゲイツ_寝顔3_おおぐちあけ寝.webp,0159,アリゲイツ,通常,3,おおぐちあけ寝,IMG_1693.png,,加工済み・実装後確認,,"(152, 1440, 472, 1623)",撮り直し候補,未照合,画像/アリゲイツ/アリゲイツ_寝顔3_おおぐちあけ寝.webp,1f2e0879979c87039ff5eb9dac54ad00754f03ba2b1b5e2eccaea8f2a7479d9a,0,64,0,寝顔中心・上下直線・左右16%曲線・枠外透過,319,一次一覧確認で確定なし（細部は実装後確認）,検出なし
アリゲイツ_寝顔4_おなかのうえ寝.webp,アリゲイツ/アリゲイツ_寝顔4_おなかのうえ寝.webp,0159,アリゲイツ,通常,4,おなかのうえ寝,IMG_1693.png,カビゴンは元画像に見える範囲のみ。再生ボタンの重なり部分は補描なし。,加工済み・実装後確認,再生ボタン残り：身体の欠損とは別,"(135, 1849, 477, 2122)",構図要確認,未照合,画像/アリゲイツ/アリゲイツ_寝顔4_おなかのうえ寝.webp,1f2e0879979c87039ff5eb9dac54ad00754f03ba2b1b5e2eccaea8f2a7479d9a,0,697,0,寝顔中心・上下直線・左右16%曲線・枠外透過,320,一次一覧確認で確定なし（細部は実装後確認）,枠内に残る可能性
オーダイル_寝顔1_はんきゅう寝.webp,オーダイル/オーダイル_寝顔1_はんきゅう寝.webp,0160,オーダイル,通常,1,はんきゅう寝,IMG_1694.png,,加工済み・実装後確認,再生ボタン残り：身体の欠損とは別,"(153, 526, 478, 791)",撮り直し候補,未照合,画像/オーダイル/オーダイル_寝顔1_はんきゅう寝.webp,86e600b8a609d5edf97c04830659d6cb1d947b9fc68f6f45fe6cab46d2f8a6b6,0,674,0,寝顔中心・上下直線・左右16%曲線・枠外透過,321,一次一覧確認で確定なし（細部は実装後確認）,枠内に残る可能性
オーダイル_寝顔2_いかく寝.webp,オーダイル/オーダイル_寝顔2_いかく寝.webp,0160,オーダイル,通常,2,いかく寝,IMG_1694.png,,加工済み・実装後確認,,"(137, 977, 433, 1256)",撮り直し候補,未照合,画像/オーダイル/オーダイル_寝顔2_いかく寝.webp,86e600b8a609d5edf97c04830659d6cb1d947b9fc68f6f45fe6cab46d2f8a6b6,0,0,0,寝顔中心・上下直線・左右16%曲線・枠外透過,322,一次一覧確認で確定なし（細部は実装後確認）,検出なし
オーダイル_寝顔3_おおぐちあけ寝.webp,オーダイル/オーダイル_寝顔3_おおぐちあけ寝.webp,0160,オーダイル,通常,3,おおぐちあけ寝,IMG_1694.png,,加工済み・実装後確認,再生ボタン残り：身体の欠損とは別,"(145, 1447, 467, 1701)",撮り直し候補,未照合,画像/オーダイル/オーダイル_寝顔3_おおぐちあけ寝.webp,86e600b8a609d5edf97c04830659d6cb1d947b9fc68f6f45fe6cab46d2f8a6b6,0,281,0,寝顔中心・上下直線・左右16%曲線・枠外透過,323,一次一覧確認で確定なし（細部は実装後確認）,枠内に残る可能性
オーダイル_寝顔4_おなかのうえ寝.webp,オーダイル/オーダイル_寝顔4_おなかのうえ寝.webp,0160,オーダイル,通常,4,おなかのうえ寝,IMG_1694.png,カビゴンは元画像に見える範囲のみ。再生ボタンの重なり部分は補描なし。,加工済み・実装後確認,再生ボタン残り：身体の欠損とは別,"(95, 1891, 525, 2171)",構図要確認,未照合,画像/オーダイル/オーダイル_寝顔4_おなかのうえ寝.webp,86e600b8a609d5edf97c04830659d6cb1d947b9fc68f6f45fe6cab46d2f8a6b6,135,1768,0,寝顔中心・上下直線・左右16%曲線・枠外透過,324,一次一覧確認で確定なし（細部は実装後確認）,枠内に残る可能性
ピチュー_寝顔1_おだやか寝.webp,ピチュー/ピチュー_寝顔1_おだやか寝.webp,0172,ピチュー,通常,1,おだやか寝,IMG_1695.png,,加工済み・実装後確認,,"(191, 541, 432, 741)",一次切り抜き,未照合,画像/ピチュー/ピチュー_寝顔1_おだやか寝.webp,aa966cdccf33377d1affa02ab882e540f56ce26e9c87425813fda82099795cc6,0,0,0,寝顔中心・上下直線・左右16%曲線・枠外透過,325,一次一覧確認で確定なし（細部は実装後確認）,検出なし
ピチュー_寝顔2_すわり寝.webp,ピチュー/ピチュー_寝顔2_すわり寝.webp,0172,ピチュー,通常,2,すわり寝,IMG_1695.png,,加工済み・実装後確認,,"(191, 991, 433, 1198)",一次切り抜き,未照合,画像/ピチュー/ピチュー_寝顔2_すわり寝.webp,aa966cdccf33377d1affa02ab882e540f56ce26e9c87425813fda82099795cc6,0,0,0,寝顔中心・上下直線・左右16%曲線・枠外透過,326,一次一覧確認で確定なし（細部は実装後確認）,検出なし
ピチュー_寝顔3_ほうでん寝.webp,ピチュー/ピチュー_寝顔3_ほうでん寝.webp,0172,ピチュー,通常,3,ほうでん寝,IMG_1695.png,,加工済み・実装後確認,,"(170, 1466, 432, 1617)",一次切り抜き,未照合,画像/ピチュー/ピチュー_寝顔3_ほうでん寝.webp,aa966cdccf33377d1affa02ab882e540f56ce26e9c87425813fda82099795cc6,0,0,0,寝顔中心・上下直線・左右16%曲線・枠外透過,327,一次一覧確認で確定なし（細部は実装後確認）,検出なし
ピチュー_寝顔4_おなかのうえ寝.webp,ピチュー/ピチュー_寝顔4_おなかのうえ寝.webp,0172,ピチュー,通常,4,おなかのうえ寝,IMG_1695.png,カビゴンは元画像に見える範囲のみ。再生ボタンの重なり部分は補描なし。,加工済み・実装後確認,再生ボタン残り：身体の欠損とは別,"(95, 1864, 525, 2143)",構図要確認,未照合,画像/ピチュー/ピチュー_寝顔4_おなかのうえ寝.webp,aa966cdccf33377d1affa02ab882e540f56ce26e9c87425813fda82099795cc6,3780,1768,0,寝顔中心・上下直線・左右16%曲線・枠外透過,328,一次一覧確認で確定なし（細部は実装後確認）,枠内に残る可能性
ピィ_寝顔1_ころころ寝.webp,ピィ/ピィ_寝顔1_ころころ寝.webp,0173,ピィ,通常,1,ころころ寝,IMG_1696.png,,加工済み・実装後確認,,"(183, 489, 427, 690)",一次切り抜き,未照合,画像/ピィ/ピィ_寝顔1_ころころ寝.webp,34abbf4a9cc014f37af7d345afba46b9083ebd12bd533e89b7dd60919eaa9c79,0,0,0,寝顔中心・上下直線・左右16%曲線・枠外透過,329,一次一覧確認で確定なし（細部は実装後確認）,検出なし
ピィ_寝顔2_こっくり寝.webp,ピィ/ピィ_寝顔2_こっくり寝.webp,0173,ピィ,通常,2,こっくり寝,IMG_1696.png,,加工済み・実装後確認,,"(180, 946, 430, 1154)",一次切り抜き,未照合,画像/ピィ/ピィ_寝顔2_こっくり寝.webp,34abbf4a9cc014f37af7d345afba46b9083ebd12bd533e89b7dd60919eaa9c79,0,0,0,寝顔中心・上下直線・左右16%曲線・枠外透過,330,一次一覧確認で確定なし（細部は実装後確認）,検出なし
ピィ_寝顔3_ひっくりかえり寝.webp,ピィ/ピィ_寝顔3_ひっくりかえり寝.webp,0173,ピィ,通常,3,ひっくりかえり寝,IMG_1696.png,,加工済み・実装後確認,,"(178, 1400, 432, 1611)",一次切り抜き,未照合,画像/ピィ/ピィ_寝顔3_ひっくりかえり寝.webp,34abbf4a9cc014f37af7d345afba46b9083ebd12bd533e89b7dd60919eaa9c79,0,0,0,寝顔中心・上下直線・左右16%曲線・枠外透過,331,一次一覧確認で確定なし（細部は実装後確認）,検出なし
ピィ_寝顔4_おなかのうえ寝.webp,ピィ/ピィ_寝顔4_おなかのうえ寝.webp,0173,ピィ,通常,4,おなかのうえ寝,IMG_1696.png,カビゴンは元画像に見える範囲のみ。再生ボタンの重なり部分は補描なし。,加工済み・実装後確認,再生ボタン残り：身体の欠損とは別,"(211, 1819, 525, 2071)",構図要確認,未照合,画像/ピィ/ピィ_寝顔4_おなかのうえ寝.webp,34abbf4a9cc014f37af7d345afba46b9083ebd12bd533e89b7dd60919eaa9c79,3650,1731,0,寝顔中心・上下直線・左右16%曲線・枠外透過,332,一次一覧確認で確定なし（細部は実装後確認）,枠内に残る可能性
ププリン_寝顔1_はずみ寝.webp,ププリン/ププリン_寝顔1_はずみ寝.webp,0174,ププリン,通常,1,はずみ寝,IMG_1697.png,,加工済み・実装後確認,,"(173, 603, 433, 822)",一次切り抜き,未照合,画像/ププリン/ププリン_寝顔1_はずみ寝.webp,58a30be45b0a6a5257b84a8c49ba8f07dc5ec9295db5ccb608ed3b03bf5e6e42,0,0,0,寝顔中心・上下直線・左右16%曲線・枠外透過,333,一次一覧確認で確定なし（細部は実装後確認）,検出なし
ププリン_寝顔2_ぼんやり寝.webp,ププリン/ププリン_寝顔2_ぼんやり寝.webp,0174,ププリン,通常,2,ぼんやり寝,IMG_1697.png,,加工済み・実装後確認,,"(178, 1058, 433, 1280)",一次切り抜き,未照合,画像/ププリン/ププリン_寝顔2_ぼんやり寝.webp,58a30be45b0a6a5257b84a8c49ba8f07dc5ec9295db5ccb608ed3b03bf5e6e42,0,0,0,寝顔中心・上下直線・左右16%曲線・枠外透過,334,一次一覧確認で確定なし（細部は実装後確認）,検出なし
ププリン_寝顔3_うたう寝.webp,ププリン/ププリン_寝顔3_うたう寝.webp,0174,ププリン,通常,3,うたう寝,IMG_1697.png,,加工済み・実装後確認,,"(193, 1497, 428, 1692)",一次切り抜き,未照合,画像/ププリン/ププリン_寝顔3_うたう寝.webp,58a30be45b0a6a5257b84a8c49ba8f07dc5ec9295db5ccb608ed3b03bf5e6e42,0,0,0,寝顔中心・上下直線・左右16%曲線・枠外透過,335,一次一覧確認で確定なし（細部は実装後確認）,検出なし
ププリン_寝顔4_おなかのうえ寝.webp,ププリン/ププリン_寝顔4_おなかのうえ寝.webp,0174,ププリン,通常,4,おなかのうえ寝,IMG_1697.png,カビゴンは元画像に見える範囲のみ。再生ボタンの重なり部分は補描なし。,加工済み・実装後確認,再生ボタン残り：身体の欠損とは別,"(95, 1941, 525, 2221)",構図要確認,未照合,画像/ププリン/ププリン_寝顔4_おなかのうえ寝.webp,58a30be45b0a6a5257b84a8c49ba8f07dc5ec9295db5ccb608ed3b03bf5e6e42,3749,1768,0,寝顔中心・上下直線・左右16%曲線・枠外透過,336,一次一覧確認で確定なし（細部は実装後確認）,枠内に残る可能性
トゲピー_寝顔1_ころころ寝.webp,トゲピー/トゲピー_寝顔1_ころころ寝.webp,0175,トゲピー,通常,1,ころころ寝,IMG_1698.png,,加工済み・実装後確認,,"(187, 507, 433, 716)",一次切り抜き,未照合,画像/トゲピー/トゲピー_寝顔1_ころころ寝.webp,7721bf065358eaf44f7f6345fccbe1de02953432021f9f740ff074b48de5135c,0,0,0,寝顔中心・上下直線・左右16%曲線・枠外透過,337,一次一覧確認で確定なし（細部は実装後確認）,検出なし
トゲピー_寝顔2_ひっくりかえり寝.webp,トゲピー/トゲピー_寝顔2_ひっくりかえり寝.webp,0175,トゲピー,通常,2,ひっくりかえり寝,IMG_1698.png,,加工済み・実装後確認,,"(185, 966, 433, 1175)",一次切り抜き,未照合,画像/トゲピー/トゲピー_寝顔2_ひっくりかえり寝.webp,7721bf065358eaf44f7f6345fccbe1de02953432021f9f740ff074b48de5135c,0,0,0,寝顔中心・上下直線・左右16%曲線・枠外透過,338,一次一覧確認で確定なし（細部は実装後確認）,検出なし
トゲピー_寝顔3_カラのなか寝.webp,トゲピー/トゲピー_寝顔3_カラのなか寝.webp,0175,トゲピー,通常,3,カラのなか寝,IMG_1698.png,,加工済み・実装後確認,,"(181, 1424, 433, 1633)",一次切り抜き,未照合,画像/トゲピー/トゲピー_寝顔3_カラのなか寝.webp,7721bf065358eaf44f7f6345fccbe1de02953432021f9f740ff074b48de5135c,0,0,0,寝顔中心・上下直線・左右16%曲線・枠外透過,339,一次一覧確認で確定なし（細部は実装後確認）,検出なし
トゲピー_寝顔4_おなかのうえ寝.webp,トゲピー/トゲピー_寝顔4_おなかのうえ寝.webp,0175,トゲピー,通常,4,おなかのうえ寝,IMG_1698.png,カビゴンは元画像に見える範囲のみ。再生ボタンの重なり部分は補描なし。,加工済み・実装後確認,再生ボタン残り：身体の欠損とは別,"(95, 1841, 525, 2121)",構図要確認,未照合,画像/トゲピー/トゲピー_寝顔4_おなかのうえ寝.webp,7721bf065358eaf44f7f6345fccbe1de02953432021f9f740ff074b48de5135c,3749,1768,0,寝顔中心・上下直線・左右16%曲線・枠外透過,340,一次一覧確認で確定なし（細部は実装後確認）,枠内に残る可能性
トゲチック_寝顔1_すわりはばたき寝.webp,トゲチック/トゲチック_寝顔1_すわりはばたき寝.webp,0176,トゲチック,通常,1,すわりはばたき寝,IMG_1699.png,,加工済み・実装後確認,,"(168, 539, 433, 793)",撮り直し候補,未照合,画像/トゲチック/トゲチック_寝顔1_すわりはばたき寝.webp,d8edab8eddaf3d747f0339b10c923b03942d3b0db6bba19c34f37c529341487d,0,0,0,寝顔中心・上下直線・左右16%曲線・枠外透過,341,一次一覧確認で確定なし（細部は実装後確認）,検出なし
トゲチック_寝顔2_たちはばたき寝.webp,トゲチック/トゲチック_寝顔2_たちはばたき寝.webp,0176,トゲチック,通常,2,たちはばたき寝,IMG_1699.png,,加工済み・実装後確認,再生ボタン残り：身体の欠損とは別,"(95, 996, 525, 1258)",撮り直し候補,未照合,画像/トゲチック/トゲチック_寝顔2_たちはばたき寝.webp,d8edab8eddaf3d747f0339b10c923b03942d3b0db6bba19c34f37c529341487d,126,1768,0,寝顔中心・上下直線・左右16%曲線・枠外透過,342,一次一覧確認で確定なし（細部は実装後確認）,枠内に残る可能性
トゲチック_寝顔3_うかびはたはた寝.webp,トゲチック/トゲチック_寝顔3_うかびはたはた寝.webp,0176,トゲチック,通常,3,うかびはたはた寝,IMG_1699.png,,加工済み・実装後確認,,"(172, 1451, 433, 1644)",一次切り抜き,未照合,画像/トゲチック/トゲチック_寝顔3_うかびはたはた寝.webp,d8edab8eddaf3d747f0339b10c923b03942d3b0db6bba19c34f37c529341487d,0,0,0,寝顔中心・上下直線・左右16%曲線・枠外透過,343,一次一覧確認で確定なし（細部は実装後確認）,検出なし
トゲチック_寝顔4_おなかのうえ寝.webp,トゲチック/トゲチック_寝顔4_おなかのうえ寝.webp,0176,トゲチック,通常,4,おなかのうえ寝,IMG_1699.png,カビゴンは元画像に見える範囲のみ。再生ボタンの重なり部分は補描なし。,加工済み・実装後確認,再生ボタン残り：身体の欠損とは別,"(95, 1920, 525, 2172)",構図要確認,未照合,画像/トゲチック/トゲチック_寝顔4_おなかのうえ寝.webp,d8edab8eddaf3d747f0339b10c923b03942d3b0db6bba19c34f37c529341487d,3130,1768,0,寝顔中心・上下直線・左右16%曲線・枠外透過,344,一次一覧確認で確定なし（細部は実装後確認）,枠内に残る可能性
ネイティ_寝顔1_ゆめでジャンプ寝.webp,ネイティ/ネイティ_寝顔1_ゆめでジャンプ寝.webp,0177,ネイティ,通常,1,ゆめでジャンプ寝,IMG_1700.png,,加工済み・実装後確認,,"(188, 513, 430, 715)",一次切り抜き,未照合,画像/ネイティ/ネイティ_寝顔1_ゆめでジャンプ寝.webp,e6ccdb7bf1373491dcc10fddc850d286adcab71c7a0b54ccb18a47ffbbab4702,0,0,0,寝顔中心・上下直線・左右16%曲線・枠外透過,345,一次一覧確認で確定なし（細部は実装後確認）,検出なし
ネイティ_寝顔2_はねひろげ寝.webp,ネイティ/ネイティ_寝顔2_はねひろげ寝.webp,0177,ネイティ,通常,2,はねひろげ寝,IMG_1700.png,,加工済み・実装後確認,,"(171, 946, 433, 1178)",一次切り抜き,未照合,画像/ネイティ/ネイティ_寝顔2_はねひろげ寝.webp,e6ccdb7bf1373491dcc10fddc850d286adcab71c7a0b54ccb18a47ffbbab4702,0,0,0,寝顔中心・上下直線・左右16%曲線・枠外透過,346,一次一覧確認で確定なし（細部は実装後確認）,検出なし
ネイティ_寝顔3_ぱたぱた寝.webp,ネイティ/ネイティ_寝顔3_ぱたぱた寝.webp,0177,ネイティ,通常,3,ぱたぱた寝,IMG_1700.png,,加工済み・実装後確認,,"(167, 1399, 433, 1622)",一次切り抜き,未照合,画像/ネイティ/ネイティ_寝顔3_ぱたぱた寝.webp,e6ccdb7bf1373491dcc10fddc850d286adcab71c7a0b54ccb18a47ffbbab4702,0,0,0,寝顔中心・上下直線・左右16%曲線・枠外透過,347,一次一覧確認で確定なし（細部は実装後確認）,検出なし
ネイティ_寝顔4_おなかのうえ寝.webp,ネイティ/ネイティ_寝顔4_おなかのうえ寝.webp,0177,ネイティ,通常,4,おなかのうえ寝,IMG_1700.png,カビゴンは元画像に見える範囲のみ。再生ボタンの重なり部分は補描なし。,加工済み・実装後確認,再生ボタン残り：身体の欠損とは別,"(95, 1841, 525, 2106)",構図要確認,未照合,画像/ネイティ/ネイティ_寝顔4_おなかのうえ寝.webp,e6ccdb7bf1373491dcc10fddc850d286adcab71c7a0b54ccb18a47ffbbab4702,3157,1751,0,寝顔中心・上下直線・左右16%曲線・枠外透過,348,一次一覧確認で確定なし（細部は実装後確認）,枠内に残る可能性
ネイティオ_寝顔1_みらいよち寝.webp,ネイティオ/ネイティオ_寝顔1_みらいよち寝.webp,0178,ネイティオ,通常,1,みらいよち寝,IMG_1701.png,,加工済み・実装後確認,再生ボタン残り：身体の欠損とは別,"(95, 458, 525, 735)",撮り直し候補,未照合,画像/ネイティオ/ネイティオ_寝顔1_みらいよち寝.webp,f0c7dab14f3b79298f3cf8bea756f6dd8a6d6951091dea428ca3109ef3685435,127,1768,0,寝顔中心・上下直線・左右16%曲線・枠外透過,349,一次一覧確認で確定なし（細部は実装後確認）,枠内に残る可能性
ネイティオ_寝顔2_くびふり寝.webp,ネイティオ/ネイティオ_寝顔2_くびふり寝.webp,0178,ネイティオ,通常,2,くびふり寝,IMG_1701.png,,加工済み・実装後確認,,"(141, 912, 433, 1189)",撮り直し候補,未照合,画像/ネイティオ/ネイティオ_寝顔2_くびふり寝.webp,f0c7dab14f3b79298f3cf8bea756f6dd8a6d6951091dea428ca3109ef3685435,0,0,0,寝顔中心・上下直線・左右16%曲線・枠外透過,350,一次一覧確認で確定なし（細部は実装後確認）,検出なし
ネイティオ_寝顔3_はねひろげ寝.webp,ネイティオ/ネイティオ_寝顔3_はねひろげ寝.webp,0178,ネイティオ,通常,3,はねひろげ寝,IMG_1701.png,,加工済み・実装後確認,再生ボタン残り：身体の欠損とは別,"(95, 1380, 525, 1649)",撮り直し候補,未照合,画像/ネイティオ/ネイティオ_寝顔3_はねひろげ寝.webp,f0c7dab14f3b79298f3cf8bea756f6dd8a6d6951091dea428ca3109ef3685435,128,1768,0,寝顔中心・上下直線・左右16%曲線・枠外透過,351,一次一覧確認で確定なし（細部は実装後確認）,枠内に残る可能性
ネイティオ_寝顔4_おなかのうえ寝.webp,ネイティオ/ネイティオ_寝顔4_おなかのうえ寝.webp,0178,ネイティオ,通常,4,おなかのうえ寝,IMG_1701.png,カビゴンは元画像に見える範囲のみ。再生ボタンの重なり部分は補描なし。,加工済み・実装後確認,再生ボタン残り：身体の欠損とは別,"(95, 1827, 525, 2106)",構図要確認,未照合,画像/ネイティオ/ネイティオ_寝顔4_おなかのうえ寝.webp,f0c7dab14f3b79298f3cf8bea756f6dd8a6d6951091dea428ca3109ef3685435,3529,1768,0,寝顔中心・上下直線・左右16%曲線・枠外透過,352,一次一覧確認で確定なし（細部は実装後確認）,枠内に残る可能性
メリープ_寝顔1_もこもこ寝.webp,メリープ/メリープ_寝顔1_もこもこ寝.webp,0179,メリープ,通常,1,もこもこ寝,IMG_1702.png,,加工済み・実装後確認,,"(172, 504, 433, 732)",一次切り抜き,未照合,画像/メリープ/メリープ_寝顔1_もこもこ寝.webp,e54a8e8b5ac8e81bb1e0f7fc5db59dfe52aefbd01f5d48ec6f40c3ade1178987,0,0,0,寝顔中心・上下直線・左右16%曲線・枠外透過,353,一次一覧確認で確定なし（細部は実装後確認）,検出なし
メリープ_寝顔2_ひづめかき寝.webp,メリープ/メリープ_寝顔2_ひづめかき寝.webp,0179,メリープ,通常,2,ひづめかき寝,IMG_1702.png,,加工済み・実装後確認,,"(163, 954, 433, 1194)",一次切り抜き,未照合,画像/メリープ/メリープ_寝顔2_ひづめかき寝.webp,e54a8e8b5ac8e81bb1e0f7fc5db59dfe52aefbd01f5d48ec6f40c3ade1178987,0,0,0,寝顔中心・上下直線・左右16%曲線・枠外透過,354,一次一覧確認で確定なし（細部は実装後確認）,検出なし
メリープ_寝顔3_しっぽひかり寝.webp,メリープ/メリープ_寝顔3_しっぽひかり寝.webp,0179,メリープ,通常,3,しっぽひかり寝,IMG_1702.png,,加工済み・実装後確認,,"(182, 1421, 450, 1644)",一次切り抜き,未照合,画像/メリープ/メリープ_寝顔3_しっぽひかり寝.webp,e54a8e8b5ac8e81bb1e0f7fc5db59dfe52aefbd01f5d48ec6f40c3ade1178987,0,0,0,寝顔中心・上下直線・左右16%曲線・枠外透過,355,一次一覧確認で確定なし（細部は実装後確認）,検出なし
メリープ_寝顔4_おなかのうえ寝.webp,メリープ/メリープ_寝顔4_おなかのうえ寝.webp,0179,メリープ,通常,4,おなかのうえ寝,IMG_1702.png,カビゴンは元画像に見える範囲のみ。再生ボタンの重なり部分は補描なし。,加工済み・実装後確認,再生ボタン残り：身体の欠損とは別,"(95, 1846, 525, 2126)",構図要確認,未照合,画像/メリープ/メリープ_寝顔4_おなかのうえ寝.webp,e54a8e8b5ac8e81bb1e0f7fc5db59dfe52aefbd01f5d48ec6f40c3ade1178987,1771,1768,0,寝顔中心・上下直線・左右16%曲線・枠外透過,356,一次一覧確認で確定なし（細部は実装後確認）,枠内に残る可能性
モココ_寝顔1_ぺったり寝.webp,モココ/モココ_寝顔1_ぺったり寝.webp,0180,モココ,通常,1,ぺったり寝,IMG_1703.png,,加工済み・実装後確認,,"(163, 510, 455, 682)",一次切り抜き,未照合,画像/モココ/モココ_寝顔1_ぺったり寝.webp,8f40aac0f8317c179c9e5a2a5a03f391ac0b297ae3cdf4b804dc258f1583da4d,0,0,0,寝顔中心・上下直線・左右16%曲線・枠外透過,357,一次一覧確認で確定なし（細部は実装後確認）,検出なし
モココ_寝顔2_もこもこ寝.webp,モココ/モココ_寝顔2_もこもこ寝.webp,0180,モココ,通常,2,もこもこ寝,IMG_1703.png,,加工済み・実装後確認,,"(173, 932, 433, 1178)",撮り直し候補,未照合,画像/モココ/モココ_寝顔2_もこもこ寝.webp,8f40aac0f8317c179c9e5a2a5a03f391ac0b297ae3cdf4b804dc258f1583da4d,0,0,0,寝顔中心・上下直線・左右16%曲線・枠外透過,358,一次一覧確認で確定なし（細部は実装後確認）,検出なし
モココ_寝顔3_しっぽひかり寝.webp,モココ/モココ_寝顔3_しっぽひかり寝.webp,0180,モココ,通常,3,しっぽひかり寝,IMG_1703.png,,加工済み・実装後確認,,"(171, 1405, 462, 1606)",撮り直し候補,未照合,画像/モココ/モココ_寝顔3_しっぽひかり寝.webp,8f40aac0f8317c179c9e5a2a5a03f391ac0b297ae3cdf4b804dc258f1583da4d,0,11,0,寝顔中心・上下直線・左右16%曲線・枠外透過,359,一次一覧確認で確定なし（細部は実装後確認）,検出なし
モココ_寝顔4_おなかのうえ寝.webp,モココ/モココ_寝顔4_おなかのうえ寝.webp,0180,モココ,通常,4,おなかのうえ寝,IMG_1703.png,カビゴンは元画像に見える範囲のみ。再生ボタンの重なり部分は補描なし。,加工済み・実装後確認,再生ボタン残り：身体の欠損とは別,"(141, 1823, 490, 2102)",構図要確認,未照合,画像/モココ/モココ_寝顔4_おなかのうえ寝.webp,8f40aac0f8317c179c9e5a2a5a03f391ac0b297ae3cdf4b804dc258f1583da4d,650,1129,0,寝顔中心・上下直線・左右16%曲線・枠外透過,360,一次一覧確認で確定なし（細部は実装後確認）,枠内に残る可能性
デンリュウ_寝顔1_しっぽかき寝.webp,デンリュウ/デンリュウ_寝顔1_しっぽかき寝.webp,0181,デンリュウ,通常,1,しっぽかき寝,IMG_1704.png,,加工済み・実装後確認,,"(166, 533, 453, 754)",一次切り抜き,未照合,画像/デンリュウ/デンリュウ_寝顔1_しっぽかき寝.webp,f73ddf5f724374a94fb58b1e03afdbbe1077e8eb71eeee14382c2e06d5e6463e,0,0,0,寝顔中心・上下直線・左右16%曲線・枠外透過,361,一次一覧確認で確定なし（細部は実装後確認）,検出なし
デンリュウ_寝顔2_くびふり寝.webp,デンリュウ/デンリュウ_寝顔2_くびふり寝.webp,0181,デンリュウ,通常,2,くびふり寝,IMG_1704.png,,加工済み・実装後確認,,"(151, 966, 433, 1238)",撮り直し候補,未照合,画像/デンリュウ/デンリュウ_寝顔2_くびふり寝.webp,f73ddf5f724374a94fb58b1e03afdbbe1077e8eb71eeee14382c2e06d5e6463e,0,0,0,寝顔中心・上下直線・左右16%曲線・枠外透過,362,一次一覧確認で確定なし（細部は実装後確認）,検出なし
デンリュウ_寝顔3_しっぽかがやき寝.webp,デンリュウ/デンリュウ_寝顔3_しっぽかがやき寝.webp,0181,デンリュウ,通常,3,しっぽかがやき寝,IMG_1704.png,,加工済み・実装後確認,再生ボタン残り：身体の欠損とは別,"(151, 1446, 465, 1664)",撮り直し候補,未照合,画像/デンリュウ/デンリュウ_寝顔3_しっぽかがやき寝.webp,f73ddf5f724374a94fb58b1e03afdbbe1077e8eb71eeee14382c2e06d5e6463e,0,76,0,寝顔中心・上下直線・左右16%曲線・枠外透過,363,一次一覧確認で確定なし（細部は実装後確認）,枠内に残る可能性
デンリュウ_寝顔4_おなかのうえ寝.webp,デンリュウ/デンリュウ_寝顔4_おなかのうえ寝.webp,0181,デンリュウ,通常,4,おなかのうえ寝,IMG_1704.png,カビゴンは元画像に見える範囲のみ。再生ボタンの重なり部分は補描なし。,加工済み・実装後確認,再生ボタン残り：身体の欠損とは別,"(137, 1873, 487, 2152)",構図要確認,未照合,画像/デンリュウ/デンリュウ_寝顔4_おなかのうえ寝.webp,f73ddf5f724374a94fb58b1e03afdbbe1077e8eb71eeee14382c2e06d5e6463e,80,1029,0,寝顔中心・上下直線・左右16%曲線・枠外透過,364,一次一覧確認で確定なし（細部は実装後確認）,枠内に残る可能性
ウソッキー_寝顔1_きのふり寝.webp,ウソッキー/ウソッキー_寝顔1_きのふり寝.webp,0185,ウソッキー,通常,1,きのふり寝,IMG_1705.png,,加工済み・実装後確認,,"(155, 535, 433, 797)",撮り直し候補,未照合,画像/ウソッキー/ウソッキー_寝顔1_きのふり寝.webp,c63cddd9924a0473061cfbac8029cd727a00070af0116d322d2b4778cc2916e4,0,0,0,寝顔中心・上下直線・左右16%曲線・枠外透過,365,一次一覧確認で確定なし（細部は実装後確認）,検出なし
ウソッキー_寝顔2_きのふりさぼり寝.webp,ウソッキー/ウソッキー_寝顔2_きのふりさぼり寝.webp,0185,ウソッキー,通常,2,きのふりさぼり寝,IMG_1705.png,,加工済み・実装後確認,,"(141, 979, 433, 1254)",撮り直し候補,未照合,画像/ウソッキー/ウソッキー_寝顔2_きのふりさぼり寝.webp,c63cddd9924a0473061cfbac8029cd727a00070af0116d322d2b4778cc2916e4,0,0,0,寝顔中心・上下直線・左右16%曲線・枠外透過,366,一次一覧確認で確定なし（細部は実装後確認）,検出なし
ウソッキー_寝顔3_きのふりしない寝.webp,ウソッキー/ウソッキー_寝顔3_きのふりしない寝.webp,0185,ウソッキー,通常,3,きのふりしない寝,IMG_1705.png,,加工済み・実装後確認,,"(153, 1468, 457, 1692)",撮り直し候補,未照合,画像/ウソッキー/ウソッキー_寝顔3_きのふりしない寝.webp,c63cddd9924a0473061cfbac8029cd727a00070af0116d322d2b4778cc2916e4,0,33,0,寝顔中心・上下直線・左右16%曲線・枠外透過,367,一次一覧確認で確定なし（細部は実装後確認）,検出なし
ウソッキー_寝顔4_おなかのうえ寝.webp,ウソッキー/ウソッキー_寝顔4_おなかのうえ寝.webp,0185,ウソッキー,通常,4,おなかのうえ寝,IMG_1705.png,カビゴンは元画像に見える範囲のみ。再生ボタンの重なり部分は補描なし。,加工済み・実装後確認,再生ボタン残り：身体の欠損とは別,"(107, 1889, 517, 2168)",構図要確認,未照合,画像/ウソッキー/ウソッキー_寝顔4_おなかのうえ寝.webp,c63cddd9924a0473061cfbac8029cd727a00070af0116d322d2b4778cc2916e4,2383,1762,0,寝顔中心・上下直線・左右16%曲線・枠外透過,368,一次一覧確認で確定なし（細部は実装後確認）,枠内に残る可能性
ウパー_寝顔1_にこにこ寝.webp,ウパー/ウパー_寝顔1_にこにこ寝.webp,0194,ウパー,通常,1,にこにこ寝,IMG_1706.png,,加工済み・実装後確認,,"(166, 502, 432, 710)",一次切り抜き,未照合,画像/ウパー/ウパー_寝顔1_にこにこ寝.webp,73d89097d0090c0bd82305e53b275e8f58f3315103df1a08af9b11c330a1ac85,0,0,0,寝顔中心・上下直線・左右16%曲線・枠外透過,369,一次一覧確認で確定なし（細部は実装後確認）,検出なし
ウパー_寝顔2_おおあくび寝.webp,ウパー/ウパー_寝顔2_おおあくび寝.webp,0194,ウパー,通常,2,おおあくび寝,IMG_1706.png,,加工済み・実装後確認,,"(168, 958, 432, 1168)",一次切り抜き,未照合,画像/ウパー/ウパー_寝顔2_おおあくび寝.webp,73d89097d0090c0bd82305e53b275e8f58f3315103df1a08af9b11c330a1ac85,0,0,0,寝顔中心・上下直線・左右16%曲線・枠外透過,370,一次一覧確認で確定なし（細部は実装後確認）,検出なし
ウパー_寝顔3_どろにうかび寝.webp,ウパー/ウパー_寝顔3_どろにうかび寝.webp,0194,ウパー,通常,3,どろにうかび寝,IMG_1706.png,,加工済み・実装後確認,,"(172, 1410, 433, 1633)",一次切り抜き,未照合,画像/ウパー/ウパー_寝顔3_どろにうかび寝.webp,73d89097d0090c0bd82305e53b275e8f58f3315103df1a08af9b11c330a1ac85,0,0,0,寝顔中心・上下直線・左右16%曲線・枠外透過,371,一次一覧確認で確定なし（細部は実装後確認）,検出なし
ウパー_寝顔4_おなかのうえ寝.webp,ウパー/ウパー_寝顔4_おなかのうえ寝.webp,0194,ウパー,通常,4,おなかのうえ寝,IMG_1706.png,カビゴンは元画像に見える範囲のみ。再生ボタンの重なり部分は補描なし。,加工済み・実装後確認,再生ボタン残り：身体の欠損とは別,"(95, 1840, 525, 2120)",構図要確認,未照合,画像/ウパー/ウパー_寝顔4_おなかのうえ寝.webp,73d89097d0090c0bd82305e53b275e8f58f3315103df1a08af9b11c330a1ac85,797,1768,0,寝顔中心・上下直線・左右16%曲線・枠外透過,372,一次一覧確認で確定なし（細部は実装後確認）,枠内に残る可能性
ウパー_パルデア_寝顔1_にこにこ寝.webp,ウパー_パルデア/ウパー_パルデア_寝顔1_にこにこ寝.webp,0194,ウパー,パルデア,1,にこにこ寝,IMG_1707.png,,加工済み・実装後確認,,"(166, 498, 433, 705)",一次切り抜き,未照合,画像/ウパー_パルデア/ウパー_パルデア_寝顔1_にこにこ寝.webp,e4acb82ff51c35908b6040034b374b747c298cfdbf77b5f4991a5f18426ed3cf,0,0,0,寝顔中心・上下直線・左右16%曲線・枠外透過,373,一次一覧確認で確定なし（細部は実装後確認）,検出なし
ウパー_パルデア_寝顔2_おおあくび寝.webp,ウパー_パルデア/ウパー_パルデア_寝顔2_おおあくび寝.webp,0194,ウパー,パルデア,2,おおあくび寝,IMG_1707.png,,加工済み・実装後確認,,"(173, 957, 433, 1169)",一次切り抜き,未照合,画像/ウパー_パルデア/ウパー_パルデア_寝顔2_おおあくび寝.webp,e4acb82ff51c35908b6040034b374b747c298cfdbf77b5f4991a5f18426ed3cf,0,0,0,寝顔中心・上下直線・左右16%曲線・枠外透過,374,一次一覧確認で確定なし（細部は実装後確認）,検出なし
ウパー_パルデア_寝顔3_どろにうまり寝.webp,ウパー_パルデア/ウパー_パルデア_寝顔3_どろにうまり寝.webp,0194,ウパー,パルデア,3,どろにうまり寝,IMG_1707.png,,加工済み・実装後確認,再生ボタン残り：身体の欠損とは別,"(155, 1407, 465, 1632)",一次切り抜き,未照合,画像/ウパー_パルデア/ウパー_パルデア_寝顔3_どろにうまり寝.webp,e4acb82ff51c35908b6040034b374b747c298cfdbf77b5f4991a5f18426ed3cf,0,98,0,寝顔中心・上下直線・左右16%曲線・枠外透過,375,一次一覧確認で確定なし（細部は実装後確認）,枠内に残る可能性
ウパー_パルデア_寝顔4_おなかのうえ寝.webp,ウパー_パルデア/ウパー_パルデア_寝顔4_おなかのうえ寝.webp,0194,ウパー,パルデア,4,おなかのうえ寝,IMG_1707.png,カビゴンは元画像に見える範囲のみ。再生ボタンの重なり部分は補描なし。,加工済み・実装後確認,再生ボタン残り：身体の欠損とは別,"(117, 1836, 488, 2116)",構図要確認,未照合,画像/ウパー_パルデア/ウパー_パルデア_寝顔4_おなかのうえ寝.webp,e4acb82ff51c35908b6040034b374b747c298cfdbf77b5f4991a5f18426ed3cf,1603,1032,0,寝顔中心・上下直線・左右16%曲線・枠外透過,376,一次一覧確認で確定なし（細部は実装後確認）,枠内に残る可能性
ヌオー_寝顔1_にこにこ寝.webp,ヌオー/ヌオー_寝顔1_にこにこ寝.webp,0195,ヌオー,通常,1,にこにこ寝,IMG_1708.png,,加工済み・実装後確認,,"(158, 468, 433, 727)",撮り直し候補,未照合,画像/ヌオー/ヌオー_寝顔1_にこにこ寝.webp,1abd8e4e7d4d849875b57a66e31e3d37f75dc29cb4e59d52317318139a7a2917,0,0,0,寝顔中心・上下直線・左右16%曲線・枠外透過,377,一次一覧確認で確定なし（細部は実装後確認）,検出なし
ヌオー_寝顔2_おおあくび寝.webp,ヌオー/ヌオー_寝顔2_おおあくび寝.webp,0195,ヌオー,通常,2,おおあくび寝,IMG_1708.png,,加工済み・実装後確認,再生ボタン残り：身体の欠損とは別,"(95, 917, 525, 1184)",撮り直し候補,未照合,画像/ヌオー/ヌオー_寝顔2_おおあくび寝.webp,1abd8e4e7d4d849875b57a66e31e3d37f75dc29cb4e59d52317318139a7a2917,126,1756,0,寝顔中心・上下直線・左右16%曲線・枠外透過,378,一次一覧確認で確定なし（細部は実装後確認）,枠内に残る可能性
ヌオー_寝顔3_どろにうかび寝.webp,ヌオー/ヌオー_寝顔3_どろにうかび寝.webp,0195,ヌオー,通常,3,どろにうかび寝,IMG_1708.png,,加工済み・実装後確認,再生ボタン残り：身体の欠損とは別,"(132, 1401, 482, 1641)",撮り直し候補,未照合,画像/ヌオー/ヌオー_寝顔3_どろにうかび寝.webp,1abd8e4e7d4d849875b57a66e31e3d37f75dc29cb4e59d52317318139a7a2917,0,746,0,寝顔中心・上下直線・左右16%曲線・枠外透過,379,一次一覧確認で確定なし（細部は実装後確認）,枠内に残る可能性
ヌオー_寝顔4_おなかのうえ寝.webp,ヌオー/ヌオー_寝顔4_おなかのうえ寝.webp,0195,ヌオー,通常,4,おなかのうえ寝,IMG_1708.png,カビゴンは元画像に見える範囲のみ。再生ボタンの重なり部分は補描なし。,加工済み・実装後確認,再生ボタン残り：身体の欠損とは別,"(122, 1832, 480, 2111)",構図要確認,未照合,画像/ヌオー/ヌオー_寝顔4_おなかのうえ寝.webp,1abd8e4e7d4d849875b57a66e31e3d37f75dc29cb4e59d52317318139a7a2917,1717,782,0,寝顔中心・上下直線・左右16%曲線・枠外透過,380,一次一覧確認で確定なし（細部は実装後確認）,枠内に残る可能性
エーフィ_寝顔1_よち寝.webp,エーフィ/エーフィ_寝顔1_よち寝.webp,0196,エーフィ,通常,1,よち寝,IMG_1709.png,,加工済み・実装後確認,,"(157, 503, 433, 726)",撮り直し候補,未照合,画像/エーフィ/エーフィ_寝顔1_よち寝.webp,86e07861b9038b2a569d85bdc7ac51fa2f6da1b949d07462081d4d639a712f85,0,0,0,寝顔中心・上下直線・左右16%曲線・枠外透過,381,一次一覧確認で確定なし（細部は実装後確認）,検出なし
エーフィ_寝顔2_おすわり寝.webp,エーフィ/エーフィ_寝顔2_おすわり寝.webp,0196,エーフィ,通常,2,おすわり寝,IMG_1709.png,,加工済み・実装後確認,,"(148, 947, 433, 1205)",撮り直し候補,未照合,画像/エーフィ/エーフィ_寝顔2_おすわり寝.webp,86e07861b9038b2a569d85bdc7ac51fa2f6da1b949d07462081d4d639a712f85,0,0,0,寝顔中心・上下直線・左右16%曲線・枠外透過,382,一次一覧確認で確定なし（細部は実装後確認）,検出なし
エーフィ_寝顔3_へそてん寝.webp,エーフィ/エーフィ_寝顔3_へそてん寝.webp,0196,エーフィ,通常,3,へそてん寝,IMG_1709.png,,加工済み・実装後確認,,"(153, 1431, 462, 1629)",撮り直し候補,未照合,画像/エーフィ/エーフィ_寝顔3_へそてん寝.webp,86e07861b9038b2a569d85bdc7ac51fa2f6da1b949d07462081d4d639a712f85,0,2,0,寝顔中心・上下直線・左右16%曲線・枠外透過,383,一次一覧確認で確定なし（細部は実装後確認）,検出なし
エーフィ_寝顔4_おなかのうえ寝.webp,エーフィ/エーフィ_寝顔4_おなかのうえ寝.webp,0196,エーフィ,通常,4,おなかのうえ寝,IMG_1709.png,カビゴンは元画像に見える範囲のみ。再生ボタンの重なり部分は補描なし。,加工済み・実装後確認,再生ボタン残り：身体の欠損とは別,"(95, 1849, 493, 2128)",構図要確認,未照合,画像/エーフィ/エーフィ_寝顔4_おなかのうえ寝.webp,86e07861b9038b2a569d85bdc7ac51fa2f6da1b949d07462081d4d639a712f85,192,1159,0,寝顔中心・上下直線・左右16%曲線・枠外透過,384,一次一覧確認で確定なし（細部は実装後確認）,枠内に残る可能性
ブラッキー_寝顔1_みかづき寝.webp,ブラッキー/ブラッキー_寝顔1_みかづき寝.webp,0197,ブラッキー,通常,1,みかづき寝,IMG_1710.png,,加工済み・実装後確認,,"(165, 512, 452, 684)",一次切り抜き,未照合,画像/ブラッキー/ブラッキー_寝顔1_みかづき寝.webp,50bbfec52ef96c38cf1f2df0f6eb6ec2eaa2590eb39676a162a9713ca6770383,0,0,0,寝顔中心・上下直線・左右16%曲線・枠外透過,385,一次一覧確認で確定なし（細部は実装後確認）,検出なし
ブラッキー_寝顔2_おすわり寝.webp,ブラッキー/ブラッキー_寝顔2_おすわり寝.webp,0197,ブラッキー,通常,2,おすわり寝,IMG_1710.png,,加工済み・実装後確認,,"(157, 937, 433, 1179)",撮り直し候補,未照合,画像/ブラッキー/ブラッキー_寝顔2_おすわり寝.webp,50bbfec52ef96c38cf1f2df0f6eb6ec2eaa2590eb39676a162a9713ca6770383,0,0,0,寝顔中心・上下直線・左右16%曲線・枠外透過,386,一次一覧確認で確定なし（細部は実装後確認）,検出なし
ブラッキー_寝顔4_おなかのうえ寝.webp,ブラッキー/ブラッキー_寝顔4_おなかのうえ寝.webp,0197,ブラッキー,通常,4,おなかのうえ寝,IMG_1710.png,カビゴンは元画像に見える範囲のみ。再生ボタンの重なり部分は補描なし。,加工済み・実装後確認,,"(105, 1824, 518, 2103)",構図要確認,未照合,画像/ブラッキー/ブラッキー_寝顔4_おなかのうえ寝.webp,50bbfec52ef96c38cf1f2df0f6eb6ec2eaa2590eb39676a162a9713ca6770383,224,0,0,寝顔中心・上下直線・左右16%曲線・枠外透過,387,一次一覧確認で確定なし（細部は実装後確認）,検出なし
ヤミカラス_寝顔1_はづくろい寝.webp,ヤミカラス/ヤミカラス_寝顔1_はづくろい寝.webp,0198,ヤミカラス,通常,1,はづくろい寝,IMG_1711.png,,加工済み・実装後確認,再生ボタン残り：身体の欠損とは別,"(168, 509, 475, 765)",撮り直し候補,未照合,画像/ヤミカラス/ヤミカラス_寝顔1_はづくろい寝.webp,b85fbae435e7fbc6623624dbbc9d4a5b7a978fa8c8d38cc39c1c7e1d8f2fe841,0,731,0,寝顔中心・上下直線・左右16%曲線・枠外透過,388,一次一覧確認で確定なし（細部は実装後確認）,枠内に残る可能性
ヤミカラス_寝顔2_おおあくび寝.webp,ヤミカラス/ヤミカラス_寝顔2_おおあくび寝.webp,0198,ヤミカラス,通常,2,おおあくび寝,IMG_1711.png,,加工済み・実装後確認,,"(147, 954, 433, 1221)",撮り直し候補,未照合,画像/ヤミカラス/ヤミカラス_寝顔2_おおあくび寝.webp,b85fbae435e7fbc6623624dbbc9d4a5b7a978fa8c8d38cc39c1c7e1d8f2fe841,0,0,0,寝顔中心・上下直線・左右16%曲線・枠外透過,389,一次一覧確認で確定なし（細部は実装後確認）,検出なし
ヤミカラス_寝顔3_ほうせきあつめ寝.webp,ヤミカラス/ヤミカラス_寝顔3_ほうせきあつめ寝.webp,0198,ヤミカラス,通常,3,ほうせきあつめ寝,IMG_1711.png,,加工済み・実装後確認,再生ボタン残り：身体の欠損とは別,"(138, 1401, 482, 1646)",撮り直し候補,未照合,画像/ヤミカラス/ヤミカラス_寝顔3_ほうせきあつめ寝.webp,b85fbae435e7fbc6623624dbbc9d4a5b7a978fa8c8d38cc39c1c7e1d8f2fe841,0,312,0,寝顔中心・上下直線・左右16%曲線・枠外透過,390,一次一覧確認で確定なし（細部は実装後確認）,枠内に残る可能性
ヤミカラス_寝顔4_おなかのうえ寝.webp,ヤミカラス/ヤミカラス_寝顔4_おなかのうえ寝.webp,0198,ヤミカラス,通常,4,おなかのうえ寝,IMG_1711.png,カビゴンは元画像に見える範囲のみ。再生ボタンの重なり部分は補描なし。,加工済み・実装後確認,再生ボタン残り：身体の欠損とは別,"(95, 1856, 525, 2136)",構図要確認,未照合,画像/ヤミカラス/ヤミカラス_寝顔4_おなかのうえ寝.webp,b85fbae435e7fbc6623624dbbc9d4a5b7a978fa8c8d38cc39c1c7e1d8f2fe841,3692,1768,0,寝顔中心・上下直線・左右16%曲線・枠外透過,391,一次一覧確認で確定なし（細部は実装後確認）,枠内に残る可能性
ヤドキング_寝顔1_ぐうたら寝.webp,ヤドキング/ヤドキング_寝顔1_ぐうたら寝.webp,0199,ヤドキング,通常,1,ぐうたら寝,IMG_1712.png,,加工済み・実装後確認,,"(155, 468, 459, 682)",撮り直し候補,未照合,画像/ヤドキング/ヤドキング_寝顔1_ぐうたら寝.webp,abb52dffee2156e7ec513e7a8d3f66dda99f530f212760afc3b77501c64996c2,0,9,0,寝顔中心・上下直線・左右16%曲線・枠外透過,392,一次一覧確認で確定なし（細部は実装後確認）,検出なし
ヤドキング_寝顔2_けんじゃ寝.webp,ヤドキング/ヤドキング_寝顔2_けんじゃ寝.webp,0199,ヤドキング,通常,2,けんじゃ寝,IMG_1712.png,,加工済み・実装後確認,,"(151, 898, 433, 1170)",撮り直し候補,未照合,画像/ヤドキング/ヤドキング_寝顔2_けんじゃ寝.webp,abb52dffee2156e7ec513e7a8d3f66dda99f530f212760afc3b77501c64996c2,0,0,0,寝顔中心・上下直線・左右16%曲線・枠外透過,393,一次一覧確認で確定なし（細部は実装後確認）,検出なし
ヤドキング_寝顔3_ひらめき寝.webp,ヤドキング/ヤドキング_寝顔3_ひらめき寝.webp,0199,ヤドキング,通常,3,ひらめき寝,IMG_1712.png,,加工済み・実装後確認,,"(147, 1377, 465, 1593)",撮り直し候補,未照合,画像/ヤドキング/ヤドキング_寝顔3_ひらめき寝.webp,abb52dffee2156e7ec513e7a8d3f66dda99f530f212760afc3b77501c64996c2,0,45,0,寝顔中心・上下直線・左右16%曲線・枠外透過,394,一次一覧確認で確定なし（細部は実装後確認）,検出なし
ヤドキング_寝顔4_おなかのうえ寝.webp,ヤドキング/ヤドキング_寝顔4_おなかのうえ寝.webp,0199,ヤドキング,通常,4,おなかのうえ寝,IMG_1712.png,カビゴンは元画像に見える範囲のみ。再生ボタンの重なり部分は補描なし。,加工済み・実装後確認,再生ボタン残り：身体の欠損とは別,"(95, 1805, 525, 2085)",構図要確認,未照合,画像/ヤドキング/ヤドキング_寝顔4_おなかのうえ寝.webp,abb52dffee2156e7ec513e7a8d3f66dda99f530f212760afc3b77501c64996c2,476,1768,0,寝顔中心・上下直線・左右16%曲線・枠外透過,395,一次一覧確認で確定なし（細部は実装後確認）,枠内に残る可能性
ソーナンス_寝顔1_しっぽかくし寝.webp,ソーナンス/ソーナンス_寝顔1_しっぽかくし寝.webp,0202,ソーナンス,通常,1,しっぽかくし寝,IMG_1713.png,,加工済み・実装後確認,,"(163, 541, 433, 776)",一次切り抜き,未照合,画像/ソーナンス/ソーナンス_寝顔1_しっぽかくし寝.webp,256a22a6da59d3b54e1696324e7c4e364372ec7b6e2c085342ede21a4676a156,0,0,0,寝顔中心・上下直線・左右16%曲線・枠外透過,396,一次一覧確認で確定なし（細部は実装後確認）,検出なし
ソーナンス_寝顔2_がまん寝.webp,ソーナンス/ソーナンス_寝顔2_がまん寝.webp,0202,ソーナンス,通常,2,がまん寝,IMG_1713.png,,加工済み・実装後確認,,"(157, 984, 433, 1243)",撮り直し候補,未照合,画像/ソーナンス/ソーナンス_寝顔2_がまん寝.webp,256a22a6da59d3b54e1696324e7c4e364372ec7b6e2c085342ede21a4676a156,0,0,0,寝顔中心・上下直線・左右16%曲線・枠外透過,397,一次一覧確認で確定なし（細部は実装後確認）,検出なし
ソーナンス_寝顔3_きめポーズ寝.webp,ソーナンス/ソーナンス_寝顔3_きめポーズ寝.webp,0202,ソーナンス,通常,3,きめポーズ寝,IMG_1713.png,,加工済み・実装後確認,,"(165, 1472, 468, 1669)",撮り直し候補,未照合,画像/ソーナンス/ソーナンス_寝顔3_きめポーズ寝.webp,256a22a6da59d3b54e1696324e7c4e364372ec7b6e2c085342ede21a4676a156,0,67,0,寝顔中心・上下直線・左右16%曲線・枠外透過,398,一次一覧確認で確定なし（細部は実装後確認）,検出なし
ソーナンス_寝顔4_おなかのうえ寝.webp,ソーナンス/ソーナンス_寝顔4_おなかのうえ寝.webp,0202,ソーナンス,通常,4,おなかのうえ寝,IMG_1713.png,カビゴンは元画像に見える範囲のみ。再生ボタンの重なり部分は補描なし。,加工済み・実装後確認,再生ボタン残り：身体の欠損とは別,"(95, 1885, 525, 2165)",構図要確認,未照合,画像/ソーナンス/ソーナンス_寝顔4_おなかのうえ寝.webp,256a22a6da59d3b54e1696324e7c4e364372ec7b6e2c085342ede21a4676a156,2883,1768,0,寝顔中心・上下直線・左右16%曲線・枠外透過,399,一次一覧確認で確定なし（細部は実装後確認）,枠内に残る可能性
ハガネール_寝顔1_うずまき寝.webp,ハガネール/ハガネール_寝顔1_うずまき寝.webp,0208,ハガネール,通常,1,うずまき寝,IMG_1714.png,,加工済み・実装後確認,再生ボタン残り：身体の欠損とは別,"(132, 709, 499, 984)",撮り直し候補,未照合,画像/ハガネール/ハガネール_寝顔1_うずまき寝.webp,96ad4e43117d38a1f5071090eec1be7e60a13e10112c58365944127802dc5055,0,1365,0,寝顔中心・上下直線・左右16%曲線・枠外透過,400,一次一覧確認で確定なし（細部は実装後確認）,枠内に残る可能性
ハガネール_寝顔2_ぐらぐら寝.webp,ハガネール/ハガネール_寝顔2_ぐらぐら寝.webp,0208,ハガネール,通常,2,ぐらぐら寝,IMG_1714.png,,加工済み・実装後確認,再生ボタン残り：身体の欠損とは別,"(137, 1172, 467, 1445)",撮り直し候補,未照合,画像/ハガネール/ハガネール_寝顔2_ぐらぐら寝.webp,96ad4e43117d38a1f5071090eec1be7e60a13e10112c58365944127802dc5055,0,380,0,寝顔中心・上下直線・左右16%曲線・枠外透過,401,一次一覧確認で確定なし（細部は実装後確認）,枠内に残る可能性
ハガネール_寝顔3_ほりすすみ寝.webp,ハガネール/ハガネール_寝顔3_ほりすすみ寝.webp,0208,ハガネール,通常,3,ほりすすみ寝,IMG_1714.png,,加工済み・実装後確認,再生ボタン残り：身体の欠損とは別,"(131, 1623, 490, 1898)",撮り直し候補,未照合,画像/ハガネール/ハガネール_寝顔3_ほりすすみ寝.webp,96ad4e43117d38a1f5071090eec1be7e60a13e10112c58365944127802dc5055,0,1065,0,寝顔中心・上下直線・左右16%曲線・枠外透過,402,一次一覧確認で確定なし（細部は実装後確認）,枠内に残る可能性
ツボツボ_寝顔1_からにこもる寝.webp,ツボツボ/ツボツボ_寝顔1_からにこもる寝.webp,0213,ツボツボ,通常,1,からにこもる寝,IMG_1715.png,,加工済み・実装後確認,,"(187, 510, 422, 700)",一次切り抜き,未照合,画像/ツボツボ/ツボツボ_寝顔1_からにこもる寝.webp,c7e8450d9d456c7b66880dad8cafa428e5b32f37aa80673d40707a40ea8a4693,0,0,0,寝顔中心・上下直線・左右16%曲線・枠外透過,403,一次一覧確認で確定なし（細部は実装後確認）,検出なし
ツボツボ_寝顔2_こもらない寝.webp,ツボツボ/ツボツボ_寝顔2_こもらない寝.webp,0213,ツボツボ,通常,2,こもらない寝,IMG_1715.png,,加工済み・実装後確認,再生ボタン残り：身体の欠損とは別,"(148, 937, 473, 1191)",撮り直し候補,未照合,画像/ツボツボ/ツボツボ_寝顔2_こもらない寝.webp,c7e8450d9d456c7b66880dad8cafa428e5b32f37aa80673d40707a40ea8a4693,0,536,0,寝顔中心・上下直線・左右16%曲線・枠外透過,404,一次一覧確認で確定なし（細部は実装後確認）,枠内に残る可能性
ツボツボ_寝顔3_ジュースこぼれ寝.webp,ツボツボ/ツボツボ_寝顔3_ジュースこぼれ寝.webp,0213,ツボツボ,通常,3,ジュースこぼれ寝,IMG_1715.png,,加工済み・実装後確認,再生ボタン残り：身体の欠損とは別,"(125, 1415, 493, 1643)",撮り直し候補,未照合,画像/ツボツボ/ツボツボ_寝顔3_ジュースこぼれ寝.webp,c7e8450d9d456c7b66880dad8cafa428e5b32f37aa80673d40707a40ea8a4693,0,1106,0,寝顔中心・上下直線・左右16%曲線・枠外透過,405,一次一覧確認で確定なし（細部は実装後確認）,枠内に残る可能性
ツボツボ_寝顔4_おなかのうえ寝.webp,ツボツボ/ツボツボ_寝顔4_おなかのうえ寝.webp,0213,ツボツボ,通常,4,おなかのうえ寝,IMG_1715.png,カビゴンは元画像に見える範囲のみ。再生ボタンの重なり部分は補描なし。,加工済み・実装後確認,再生ボタン残り：身体の欠損とは別,"(95, 1834, 525, 2113)",構図要確認,未照合,画像/ツボツボ/ツボツボ_寝顔4_おなかのうえ寝.webp,c7e8450d9d456c7b66880dad8cafa428e5b32f37aa80673d40707a40ea8a4693,3532,1768,0,寝顔中心・上下直線・左右16%曲線・枠外透過,406,一次一覧確認で確定なし（細部は実装後確認）,枠内に残る可能性
ヘラクロス_寝顔1_ツノふり寝.webp,ヘラクロス/ヘラクロス_寝顔1_ツノふり寝.webp,0214,ヘラクロス,通常,1,ツノふり寝,IMG_1716.png,,加工済み・実装後確認,再生ボタン残り：身体の欠損とは別,"(95, 469, 525, 734)",撮り直し候補,未照合,画像/ヘラクロス/ヘラクロス_寝顔1_ツノふり寝.webp,9959fe70f2379f5c071a37d917bc6da8b0afb7a7cfd2415d083803120a84e9e0,126,1768,0,寝顔中心・上下直線・左右16%曲線・枠外透過,407,一次一覧確認で確定なし（細部は実装後確認）,枠内に残る可能性
ヘラクロス_寝顔2_ぼうだち寝.webp,ヘラクロス/ヘラクロス_寝顔2_ぼうだち寝.webp,0214,ヘラクロス,通常,2,ぼうだち寝,IMG_1716.png,,加工済み・実装後確認,再生ボタン残り：身体の欠損とは別,"(95, 922, 525, 1190)",撮り直し候補,未照合,画像/ヘラクロス/ヘラクロス_寝顔2_ぼうだち寝.webp,9959fe70f2379f5c071a37d917bc6da8b0afb7a7cfd2415d083803120a84e9e0,126,1768,0,寝顔中心・上下直線・左右16%曲線・枠外透過,408,一次一覧確認で確定なし（細部は実装後確認）,枠内に残る可能性
ヘラクロス_寝顔3_ミツなめ寝.webp,ヘラクロス/ヘラクロス_寝顔3_ミツなめ寝.webp,0214,ヘラクロス,通常,3,ミツなめ寝,IMG_1716.png,,加工済み・実装後確認,再生ボタン残り：身体の欠損とは別,"(95, 1371, 525, 1648)",撮り直し候補,未照合,画像/ヘラクロス/ヘラクロス_寝顔3_ミツなめ寝.webp,9959fe70f2379f5c071a37d917bc6da8b0afb7a7cfd2415d083803120a84e9e0,126,1768,0,寝顔中心・上下直線・左右16%曲線・枠外透過,409,一次一覧確認で確定なし（細部は実装後確認）,枠内に残る可能性
ヘラクロス_寝顔4_おなかのうえ寝.webp,ヘラクロス/ヘラクロス_寝顔4_おなかのうえ寝.webp,0214,ヘラクロス,通常,4,おなかのうえ寝,IMG_1716.png,カビゴンは元画像に見える範囲のみ。再生ボタンの重なり部分は補描なし。,加工済み・実装後確認,再生ボタン残り：身体の欠損とは別,"(95, 1825, 525, 2105)",構図要確認,未照合,画像/ヘラクロス/ヘラクロス_寝顔4_おなかのうえ寝.webp,9959fe70f2379f5c071a37d917bc6da8b0afb7a7cfd2415d083803120a84e9e0,2096,1768,0,寝顔中心・上下直線・左右16%曲線・枠外透過,410,一次一覧確認で確定なし（細部は実装後確認）,枠内に残る可能性
ニューラ_寝顔1_まるまり寝.webp,ニューラ/ニューラ_寝顔1_まるまり寝.webp,0215,ニューラ,通常,1,まるまり寝,IMG_1717.png,,加工済み・実装後確認,再生ボタン残り：身体の欠損とは別,"(150, 522, 493, 709)",撮り直し候補,未照合,画像/ニューラ/ニューラ_寝顔1_まるまり寝.webp,a8bf6cb79226355026dfdf7580ee9e405c2a9210047de2154cf4b167de1395b6,0,385,0,寝顔中心・上下直線・左右16%曲線・枠外透過,411,一次一覧確認で確定なし（細部は実装後確認）,枠内に残る可能性
ニューラ_寝顔2_ぼうだち寝.webp,ニューラ/ニューラ_寝顔2_ぼうだち寝.webp,0215,ニューラ,通常,2,ぼうだち寝,IMG_1717.png,,加工済み・実装後確認,,"(155, 929, 433, 1203)",撮り直し候補,未照合,画像/ニューラ/ニューラ_寝顔2_ぼうだち寝.webp,a8bf6cb79226355026dfdf7580ee9e405c2a9210047de2154cf4b167de1395b6,0,0,0,寝顔中心・上下直線・左右16%曲線・枠外透過,412,一次一覧確認で確定なし（細部は実装後確認）,検出なし
ニューラ_寝顔3_へそてん寝.webp,ニューラ/ニューラ_寝顔3_へそてん寝.webp,0215,ニューラ,通常,3,へそてん寝,IMG_1717.png,,加工済み・実装後確認,再生ボタン残り：身体の欠損とは別,"(151, 1415, 478, 1638)",撮り直し候補,未照合,画像/ニューラ/ニューラ_寝顔3_へそてん寝.webp,a8bf6cb79226355026dfdf7580ee9e405c2a9210047de2154cf4b167de1395b6,0,367,0,寝顔中心・上下直線・左右16%曲線・枠外透過,413,一次一覧確認で確定なし（細部は実装後確認）,枠内に残る可能性
ニューラ_寝顔4_おなかのうえ寝.webp,ニューラ/ニューラ_寝顔4_おなかのうえ寝.webp,0215,ニューラ,通常,4,おなかのうえ寝,IMG_1717.png,カビゴンは元画像に見える範囲のみ。再生ボタンの重なり部分は補描なし。,加工済み・実装後確認,再生ボタン残り：身体の欠損とは別,"(115, 1844, 507, 2123)",構図要確認,未照合,画像/ニューラ/ニューラ_寝顔4_おなかのうえ寝.webp,a8bf6cb79226355026dfdf7580ee9e405c2a9210047de2154cf4b167de1395b6,1881,1631,0,寝顔中心・上下直線・左右16%曲線・枠外透過,414,一次一覧確認で確定なし（細部は実装後確認）,枠内に残る可能性
デリバード_寝顔1_おだやか寝.webp,デリバード/デリバード_寝顔1_おだやか寝.webp,0225,デリバード,通常,1,おだやか寝,IMG_1718.png,,加工済み・実装後確認,,"(151, 531, 433, 795)",撮り直し候補,未照合,画像/デリバード/デリバード_寝顔1_おだやか寝.webp,e66bc284d9689bcd53fb1a218152e8a6c7f7d7049f41403dee922f1567fbb2bb,0,0,0,寝顔中心・上下直線・左右16%曲線・枠外透過,415,一次一覧確認で確定なし（細部は実装後確認）,検出なし
デリバード_寝顔2_ぼうだち寝.webp,デリバード/デリバード_寝顔2_ぼうだち寝.webp,0225,デリバード,通常,2,ぼうだち寝,IMG_1718.png,,加工済み・実装後確認,,"(157, 988, 433, 1250)",撮り直し候補,未照合,画像/デリバード/デリバード_寝顔2_ぼうだち寝.webp,e66bc284d9689bcd53fb1a218152e8a6c7f7d7049f41403dee922f1567fbb2bb,0,0,0,寝顔中心・上下直線・左右16%曲線・枠外透過,416,一次一覧確認で確定なし（細部は実装後確認）,検出なし
デリバード_寝顔3_プレゼント寝.webp,デリバード/デリバード_寝顔3_プレゼント寝.webp,0225,デリバード,通常,3,プレゼント寝,IMG_1718.png,,加工済み・実装後確認,,"(147, 1483, 457, 1702)",撮り直し候補,未照合,画像/デリバード/デリバード_寝顔3_プレゼント寝.webp,e66bc284d9689bcd53fb1a218152e8a6c7f7d7049f41403dee922f1567fbb2bb,0,34,0,寝顔中心・上下直線・左右16%曲線・枠外透過,417,一次一覧確認で確定なし（細部は実装後確認）,検出なし
デリバード_寝顔4_おなかのうえ寝.webp,デリバード/デリバード_寝顔4_おなかのうえ寝.webp,0225,デリバード,通常,4,おなかのうえ寝,IMG_1718.png,カビゴンは元画像に見える範囲のみ。再生ボタンの重なり部分は補描なし。,加工済み・実装後確認,再生ボタン残り：身体の欠損とは別,"(133, 1899, 483, 2178)",構図要確認,未照合,画像/デリバード/デリバード_寝顔4_おなかのうえ寝.webp,e66bc284d9689bcd53fb1a218152e8a6c7f7d7049f41403dee922f1567fbb2bb,1362,889,0,寝顔中心・上下直線・左右16%曲線・枠外透過,418,一次一覧確認で確定なし（細部は実装後確認）,枠内に残る可能性
デルビル_寝顔1_とおぼえ寝.webp,デルビル/デルビル_寝顔1_とおぼえ寝.webp,0228,デルビル,通常,1,とおぼえ寝,IMG_1719.png,,加工済み・実装後確認,,"(180, 571, 433, 756)",一次切り抜き,未照合,画像/デルビル/デルビル_寝顔1_とおぼえ寝.webp,ac006061e55c29db825fb663b6d0789c5c7815751a5647606277e538454feb14,0,0,0,寝顔中心・上下直線・左右16%曲線・枠外透過,419,一次一覧確認で確定なし（細部は実装後確認）,検出なし
デルビル_寝顔2_のび寝.webp,デルビル/デルビル_寝顔2_のび寝.webp,0228,デルビル,通常,2,のび寝,IMG_1719.png,,加工済み・実装後確認,,"(168, 1006, 433, 1235)",一次切り抜き,未照合,画像/デルビル/デルビル_寝顔2_のび寝.webp,ac006061e55c29db825fb663b6d0789c5c7815751a5647606277e538454feb14,0,0,0,寝顔中心・上下直線・左右16%曲線・枠外透過,420,一次一覧確認で確定なし（細部は実装後確認）,検出なし
デルビル_寝顔3_へそてん寝.webp,デルビル/デルビル_寝顔3_へそてん寝.webp,0228,デルビル,通常,3,へそてん寝,IMG_1719.png,,加工済み・実装後確認,,"(173, 1483, 433, 1662)",一次切り抜き,未照合,画像/デルビル/デルビル_寝顔3_へそてん寝.webp,ac006061e55c29db825fb663b6d0789c5c7815751a5647606277e538454feb14,0,0,0,寝顔中心・上下直線・左右16%曲線・枠外透過,421,一次一覧確認で確定なし（細部は実装後確認）,検出なし
デルビル_寝顔4_おなかのうえ寝.webp,デルビル/デルビル_寝顔4_おなかのうえ寝.webp,0228,デルビル,通常,4,おなかのうえ寝,IMG_1719.png,カビゴンは元画像に見える範囲のみ。再生ボタンの重なり部分は補描なし。,加工済み・実装後確認,再生ボタン残り：身体の欠損とは別,"(95, 1888, 525, 2167)",構図要確認,未照合,画像/デルビル/デルビル_寝顔4_おなかのうえ寝.webp,ac006061e55c29db825fb663b6d0789c5c7815751a5647606277e538454feb14,491,1768,0,寝顔中心・上下直線・左右16%曲線・枠外透過,422,一次一覧確認で確定なし（細部は実装後確認）,枠内に残る可能性
ヘルガー_寝顔1_しっぽゆらゆら寝.webp,ヘルガー/ヘルガー_寝顔1_しっぽゆらゆら寝.webp,0229,ヘルガー,通常,1,しっぽゆらゆら寝,IMG_1720.png,,加工済み・実装後確認,,"(158, 545, 464, 754)",撮り直し候補,未照合,画像/ヘルガー/ヘルガー_寝顔1_しっぽゆらゆら寝.webp,1cd22e96371c9084d73986e9adb0896cc87fff6b0dd845891b194d1208ff15d6,0,60,0,寝顔中心・上下直線・左右16%曲線・枠外透過,423,一次一覧確認で確定なし（細部は実装後確認）,検出なし
ヘルガー_寝顔2_ふんばり寝.webp,ヘルガー/ヘルガー_寝顔2_ふんばり寝.webp,0229,ヘルガー,通常,2,ふんばり寝,IMG_1720.png,,加工済み・実装後確認,,"(153, 978, 433, 1238)",撮り直し候補,未照合,画像/ヘルガー/ヘルガー_寝顔2_ふんばり寝.webp,1cd22e96371c9084d73986e9adb0896cc87fff6b0dd845891b194d1208ff15d6,0,0,0,寝顔中心・上下直線・左右16%曲線・枠外透過,424,一次一覧確認で確定なし（細部は実装後確認）,検出なし
ヘルガー_寝顔3_ほのおはき寝.webp,ヘルガー/ヘルガー_寝顔3_ほのおはき寝.webp,0229,ヘルガー,通常,3,ほのおはき寝,IMG_1720.png,,加工済み・実装後確認,再生ボタン残り：身体の欠損とは別,"(146, 1446, 470, 1692)",撮り直し候補,未照合,画像/ヘルガー/ヘルガー_寝顔3_ほのおはき寝.webp,1cd22e96371c9084d73986e9adb0896cc87fff6b0dd845891b194d1208ff15d6,0,463,0,寝顔中心・上下直線・左右16%曲線・枠外透過,425,一次一覧確認で確定なし（細部は実装後確認）,枠内に残る可能性
ハピナス_寝顔1_すわり寝.webp,ハピナス/ハピナス_寝顔1_すわり寝.webp,0242,ハピナス,通常,1,すわり寝,IMG_1721.png,,加工済み・実装後確認,再生ボタン残り：身体の欠損とは別,"(95, 487, 525, 755)",撮り直し候補,未照合,画像/ハピナス/ハピナス_寝顔1_すわり寝.webp,ebb64febeb123311063abd3a162dda835e8fd85fb7b2456dc2a42ca139d05dc6,126,1768,0,寝顔中心・上下直線・左右16%曲線・枠外透過,426,一次一覧確認で確定なし（細部は実装後確認）,枠内に残る可能性
ハピナス_寝顔2_ゆらゆら寝.webp,ハピナス/ハピナス_寝顔2_ゆらゆら寝.webp,0242,ハピナス,通常,2,ゆらゆら寝,IMG_1721.png,,加工済み・実装後確認,再生ボタン残り：身体の欠損とは別,"(95, 939, 525, 1211)",撮り直し候補,未照合,画像/ハピナス/ハピナス_寝顔2_ゆらゆら寝.webp,ebb64febeb123311063abd3a162dda835e8fd85fb7b2456dc2a42ca139d05dc6,126,1768,0,寝顔中心・上下直線・左右16%曲線・枠外透過,427,一次一覧確認で確定なし（細部は実装後確認）,枠内に残る可能性
ハピナス_寝顔3_タマゴだいじ寝.webp,ハピナス/ハピナス_寝顔3_タマゴだいじ寝.webp,0242,ハピナス,通常,3,タマゴだいじ寝,IMG_1721.png,,加工済み・実装後確認,再生ボタン残り：身体の欠損とは別,"(95, 1394, 525, 1669)",撮り直し候補,未照合,画像/ハピナス/ハピナス_寝顔3_タマゴだいじ寝.webp,ebb64febeb123311063abd3a162dda835e8fd85fb7b2456dc2a42ca139d05dc6,242,1768,0,寝顔中心・上下直線・左右16%曲線・枠外透過,428,一次一覧確認で確定なし（細部は実装後確認）,枠内に残る可能性
ハピナス_寝顔4_おなかのうえ寝.webp,ハピナス/ハピナス_寝顔4_おなかのうえ寝.webp,0242,ハピナス,通常,4,おなかのうえ寝,IMG_1721.png,カビゴンは元画像に見える範囲のみ。再生ボタンの重なり部分は補描なし。,加工済み・実装後確認,再生ボタン残り：身体の欠損とは別,"(95, 1846, 525, 2126)",構図要確認,未照合,画像/ハピナス/ハピナス_寝顔4_おなかのうえ寝.webp,ebb64febeb123311063abd3a162dda835e8fd85fb7b2456dc2a42ca139d05dc6,3749,1768,0,寝顔中心・上下直線・左右16%曲線・枠外透過,429,一次一覧確認で確定なし（細部は実装後確認）,枠内に残る可能性
ライコウ_寝顔1_ちからため寝.webp,ライコウ/ライコウ_寝顔1_ちからため寝.webp,0243,ライコウ,通常,1,ちからため寝,IMG_1722.png,,加工済み・実装後確認,再生ボタン残り：身体の欠損とは別,"(161, 709, 497, 988)",撮り直し候補,未照合,画像/ライコウ/ライコウ_寝顔1_ちからため寝.webp,fe5dcd8e7c6462f19399c31d91d48762c9ec4cc0facdf323860602b71f4fc08d,0,1390,0,寝顔中心・上下直線・左右16%曲線・枠外透過,430,一次一覧確認で確定なし（細部は実装後確認）,枠内に残る可能性
ライコウ_寝顔2_めいそう寝.webp,ライコウ/ライコウ_寝顔2_めいそう寝.webp,0243,ライコウ,通常,2,めいそう寝,IMG_1722.png,,加工済み・実装後確認,,"(137, 1167, 433, 1446)",撮り直し候補,未照合,画像/ライコウ/ライコウ_寝顔2_めいそう寝.webp,fe5dcd8e7c6462f19399c31d91d48762c9ec4cc0facdf323860602b71f4fc08d,0,0,0,寝顔中心・上下直線・左右16%曲線・枠外透過,431,一次一覧確認で確定なし（細部は実装後確認）,検出なし
ライコウ_寝顔3_いかずち寝.webp,ライコウ/ライコウ_寝顔3_いかずち寝.webp,0243,ライコウ,通常,3,いかずち寝,IMG_1722.png,,加工済み・実装後確認,再生ボタン残り：身体の欠損とは別,"(157, 1623, 492, 1901)",撮り直し候補,未照合,画像/ライコウ/ライコウ_寝顔3_いかずち寝.webp,fe5dcd8e7c6462f19399c31d91d48762c9ec4cc0facdf323860602b71f4fc08d,0,1207,0,寝顔中心・上下直線・左右16%曲線・枠外透過,432,一次一覧確認で確定なし（細部は実装後確認）,枠内に残る可能性
エンテイ_寝顔1_ちからため寝.webp,エンテイ/エンテイ_寝顔1_ちからため寝.webp,0244,エンテイ,通常,1,ちからため寝,IMG_1723.png,,加工済み・実装後確認,再生ボタン残り：身体の欠損とは別,"(150, 720, 474, 986)",撮り直し候補,未照合,画像/エンテイ/エンテイ_寝顔1_ちからため寝.webp,f71cf0b92b1464af5fcc468127ec0f9b5927da2273e2ce259dd470c949c1cb20,0,627,0,寝顔中心・上下直線・左右16%曲線・枠外透過,433,一次一覧確認で確定なし（細部は実装後確認）,枠内に残る可能性
エンテイ_寝顔2_めいそう寝.webp,エンテイ/エンテイ_寝顔2_めいそう寝.webp,0244,エンテイ,通常,2,めいそう寝,IMG_1723.png,,加工済み・実装後確認,,"(132, 1169, 433, 1443)",撮り直し候補,未照合,画像/エンテイ/エンテイ_寝顔2_めいそう寝.webp,f71cf0b92b1464af5fcc468127ec0f9b5927da2273e2ce259dd470c949c1cb20,0,0,0,寝顔中心・上下直線・左右16%曲線・枠外透過,434,一次一覧確認で確定なし（細部は実装後確認）,検出なし
エンテイ_寝顔3_かざん寝.webp,エンテイ/エンテイ_寝顔3_かざん寝.webp,0244,エンテイ,通常,3,かざん寝,IMG_1723.png,,加工済み・実装後確認,再生ボタン残り：身体の欠損とは別,"(138, 1636, 470, 1894)",撮り直し候補,未照合,画像/エンテイ/エンテイ_寝顔3_かざん寝.webp,f71cf0b92b1464af5fcc468127ec0f9b5927da2273e2ce259dd470c949c1cb20,0,405,0,寝顔中心・上下直線・左右16%曲線・枠外透過,435,一次一覧確認で確定なし（細部は実装後確認）,枠内に残る可能性
スイクン_寝顔1_ちからため寝.webp,スイクン/スイクン_寝顔1_ちからため寝.webp,0245,スイクン,通常,1,ちからため寝,IMG_1724.png,,加工済み・実装後確認,再生ボタン残り：身体の欠損とは別,"(152, 715, 482, 987)",撮り直し候補,未照合,画像/スイクン/スイクン_寝顔1_ちからため寝.webp,5e40d33b8203c40423fea72009e25c0897423a1be49e9eacf635cfa696f07d83,0,890,0,寝顔中心・上下直線・左右16%曲線・枠外透過,436,一次一覧確認で確定なし（細部は実装後確認）,枠内に残る可能性
スイクン_寝顔2_めいそう寝.webp,スイクン/スイクン_寝顔2_めいそう寝.webp,0245,スイクン,通常,2,めいそう寝,IMG_1724.png,,加工済み・実装後確認,再生ボタン残り：身体の欠損とは別,"(129, 1172, 459, 1446)",撮り直し候補,未照合,画像/スイクン/スイクン_寝顔2_めいそう寝.webp,5e40d33b8203c40423fea72009e25c0897423a1be49e9eacf635cfa696f07d83,0,129,0,寝顔中心・上下直線・左右16%曲線・枠外透過,437,一次一覧確認で確定なし（細部は実装後確認）,枠内に残る可能性
スイクン_寝顔3_きたかぜ寝.webp,スイクン/スイクン_寝顔3_きたかぜ寝.webp,0245,スイクン,通常,3,きたかぜ寝,IMG_1724.png,,加工済み・実装後確認,再生ボタン残り：身体の欠損とは別,"(142, 1626, 475, 1895)",撮り直し候補,未照合,画像/スイクン/スイクン_寝顔3_きたかぜ寝.webp,5e40d33b8203c40423fea72009e25c0897423a1be49e9eacf635cfa696f07d83,0,570,0,寝顔中心・上下直線・左右16%曲線・枠外透過,438,一次一覧確認で確定なし（細部は実装後確認）,枠内に残る可能性
ヨーギラス_寝顔1_のび寝.webp,ヨーギラス/ヨーギラス_寝顔1_のび寝.webp,0246,ヨーギラス,通常,1,のび寝,IMG_1725.png,,加工済み・実装後確認,,"(171, 543, 433, 765)",一次切り抜き,未照合,画像/ヨーギラス/ヨーギラス_寝顔1_のび寝.webp,af8a7988b2d852ca6184b6a8c93b98c2271cf31258324f0fabd0c19acc39a114,0,0,0,寝顔中心・上下直線・左右16%曲線・枠外透過,439,一次一覧確認で確定なし（細部は実装後確認）,検出なし
ヨーギラス_寝顔2_かおごしごし寝.webp,ヨーギラス/ヨーギラス_寝顔2_かおごしごし寝.webp,0246,ヨーギラス,通常,2,かおごしごし寝,IMG_1725.png,,加工済み・実装後確認,,"(167, 999, 433, 1231)",一次切り抜き,未照合,画像/ヨーギラス/ヨーギラス_寝顔2_かおごしごし寝.webp,af8a7988b2d852ca6184b6a8c93b98c2271cf31258324f0fabd0c19acc39a114,0,0,0,寝顔中心・上下直線・左右16%曲線・枠外透過,440,一次一覧確認で確定なし（細部は実装後確認）,検出なし
ヨーギラス_寝顔3_つちたべ寝.webp,ヨーギラス/ヨーギラス_寝顔3_つちたべ寝.webp,0246,ヨーギラス,通常,3,つちたべ寝,IMG_1725.png,,加工済み・実装後確認,,"(181, 1473, 433, 1667)",一次切り抜き,未照合,画像/ヨーギラス/ヨーギラス_寝顔3_つちたべ寝.webp,af8a7988b2d852ca6184b6a8c93b98c2271cf31258324f0fabd0c19acc39a114,0,0,0,寝顔中心・上下直線・左右16%曲線・枠外透過,441,一次一覧確認で確定なし（細部は実装後確認）,検出なし
ヨーギラス_寝顔4_おなかのうえ寝.webp,ヨーギラス/ヨーギラス_寝顔4_おなかのうえ寝.webp,0246,ヨーギラス,通常,4,おなかのうえ寝,IMG_1725.png,カビゴンは元画像に見える範囲のみ。再生ボタンの重なり部分は補描なし。,加工済み・実装後確認,再生ボタン残り：身体の欠損とは別,"(95, 1881, 525, 2161)",構図要確認,未照合,画像/ヨーギラス/ヨーギラス_寝顔4_おなかのうえ寝.webp,af8a7988b2d852ca6184b6a8c93b98c2271cf31258324f0fabd0c19acc39a114,2854,1768,0,寝顔中心・上下直線・左右16%曲線・枠外透過,442,一次一覧確認で確定なし（細部は実装後確認）,枠内に残る可能性
サナギラス_寝顔1_たおれ寝.webp,サナギラス/サナギラス_寝顔1_たおれ寝.webp,0247,サナギラス,通常,1,たおれ寝,IMG_1726.png,,加工済み・実装後確認,,"(163, 546, 433, 777)",一次切り抜き,未照合,画像/サナギラス/サナギラス_寝顔1_たおれ寝.webp,b903b563b76af98fa281dbb7f1fd6a1c5fdbf490bcf25e93c093acee8e55680d,0,0,0,寝顔中心・上下直線・左右16%曲線・枠外透過,443,一次一覧確認で確定なし（細部は実装後確認）,検出なし
サナギラス_寝顔2_ぶるぶる寝.webp,サナギラス/サナギラス_寝顔2_ぶるぶる寝.webp,0247,サナギラス,通常,2,ぶるぶる寝,IMG_1726.png,,加工済み・実装後確認,,"(177, 1003, 433, 1235)",一次切り抜き,未照合,画像/サナギラス/サナギラス_寝顔2_ぶるぶる寝.webp,b903b563b76af98fa281dbb7f1fd6a1c5fdbf490bcf25e93c093acee8e55680d,0,0,0,寝顔中心・上下直線・左右16%曲線・枠外透過,444,一次一覧確認で確定なし（細部は実装後確認）,検出なし
サナギラス_寝顔3_ガスぬき寝.webp,サナギラス/サナギラス_寝顔3_ガスぬき寝.webp,0247,サナギラス,通常,3,ガスぬき寝,IMG_1726.png,,加工済み・実装後確認,,"(177, 1468, 433, 1688)",一次切り抜き,未照合,画像/サナギラス/サナギラス_寝顔3_ガスぬき寝.webp,b903b563b76af98fa281dbb7f1fd6a1c5fdbf490bcf25e93c093acee8e55680d,0,0,0,寝顔中心・上下直線・左右16%曲線・枠外透過,445,一次一覧確認で確定なし（細部は実装後確認）,検出なし
サナギラス_寝顔4_おなかのうえ寝.webp,サナギラス/サナギラス_寝顔4_おなかのうえ寝.webp,0247,サナギラス,通常,4,おなかのうえ寝,IMG_1726.png,カビゴンは元画像に見える範囲のみ。再生ボタンの重なり部分は補描なし。,加工済み・実装後確認,再生ボタン残り：身体の欠損とは別,"(95, 1901, 497, 2173)",構図要確認,未照合,画像/サナギラス/サナギラス_寝顔4_おなかのうえ寝.webp,b903b563b76af98fa281dbb7f1fd6a1c5fdbf490bcf25e93c093acee8e55680d,302,1305,0,寝顔中心・上下直線・左右16%曲線・枠外透過,446,一次一覧確認で確定なし（細部は実装後確認）,枠内に残る可能性
バンギラス_寝顔1_はらばい寝.webp,バンギラス/バンギラス_寝顔1_はらばい寝.webp,0248,バンギラス,通常,1,はらばい寝,IMG_1727.png,,加工済み・実装後確認,再生ボタン残り：身体の欠損とは別,"(140, 604, 477, 832)",撮り直し候補,未照合,画像/バンギラス/バンギラス_寝顔1_はらばい寝.webp,c66864f0c1ebea9c41764d223276a2da67376ad164f089d5e3bc0e0c12bd2528,0,613,0,寝顔中心・上下直線・左右16%曲線・枠外透過,447,一次一覧確認で確定なし（細部は実装後確認）,枠内に残る可能性
バンギラス_寝顔3_だいのじ寝.webp,バンギラス/バンギラス_寝顔3_だいのじ寝.webp,0248,バンギラス,通常,3,だいのじ寝,IMG_1727.png,,加工済み・実装後確認,再生ボタン残り：身体の欠損とは別,"(137, 1507, 479, 1747)",撮り直し候補,未照合,画像/バンギラス/バンギラス_寝顔3_だいのじ寝.webp,c66864f0c1ebea9c41764d223276a2da67376ad164f089d5e3bc0e0c12bd2528,0,679,0,寝顔中心・上下直線・左右16%曲線・枠外透過,448,一次一覧確認で確定なし（細部は実装後確認）,枠内に残る可能性
バンギラス_寝顔4_おなかのうえ寝.webp,バンギラス/バンギラス_寝顔4_おなかのうえ寝.webp,0248,バンギラス,通常,4,おなかのうえ寝,IMG_1727.png,カビゴンは元画像に見える範囲のみ。再生ボタンの重なり部分は補描なし。,加工済み・実装後確認,再生ボタン残り：身体の欠損とは別,"(95, 1938, 525, 2217)",構図要確認,未照合,画像/バンギラス/バンギラス_寝顔4_おなかのうえ寝.webp,c66864f0c1ebea9c41764d223276a2da67376ad164f089d5e3bc0e0c12bd2528,127,1768,0,寝顔中心・上下直線・左右16%曲線・枠外透過,449,一次一覧確認で確定なし（細部は実装後確認）,枠内に残る可能性
キモリ_寝顔1_すわり寝.webp,キモリ/キモリ_寝顔1_すわり寝.webp,0252,キモリ,通常,1,すわり寝,IMG_1728.png,,加工済み・実装後確認,,"(175, 480, 433, 712)",一次切り抜き,未照合,画像/キモリ/キモリ_寝顔1_すわり寝.webp,94c46699d768966eb9b77658fa1e70ea32b73dfca6f3b1cfcc38cccf6ea6383c,0,0,0,寝顔中心・上下直線・左右16%曲線・枠外透過,450,一次一覧確認で確定なし（細部は実装後確認）,検出なし
キモリ_寝顔2_かおごしごし寝.webp,キモリ/キモリ_寝顔2_かおごしごし寝.webp,0252,キモリ,通常,2,かおごしごし寝,IMG_1728.png,,加工済み・実装後確認,,"(176, 926, 433, 1179)",撮り直し候補,未照合,画像/キモリ/キモリ_寝顔2_かおごしごし寝.webp,94c46699d768966eb9b77658fa1e70ea32b73dfca6f3b1cfcc38cccf6ea6383c,0,0,0,寝顔中心・上下直線・左右16%曲線・枠外透過,451,一次一覧確認で確定なし（細部は実装後確認）,検出なし
キモリ_寝顔3_ゆめでのぼり寝.webp,キモリ/キモリ_寝顔3_ゆめでのぼり寝.webp,0252,キモリ,通常,3,ゆめでのぼり寝,IMG_1728.png,,加工済み・実装後確認,,"(147, 1377, 452, 1632)",撮り直し候補,未照合,画像/キモリ/キモリ_寝顔3_ゆめでのぼり寝.webp,94c46699d768966eb9b77658fa1e70ea32b73dfca6f3b1cfcc38cccf6ea6383c,0,0,0,寝顔中心・上下直線・左右16%曲線・枠外透過,452,一次一覧確認で確定なし（細部は実装後確認）,検出なし
キモリ_寝顔4_おなかのうえ寝.webp,キモリ/キモリ_寝顔4_おなかのうえ寝.webp,0252,キモリ,通常,4,おなかのうえ寝,IMG_1728.png,カビゴンは元画像に見える範囲のみ。再生ボタンの重なり部分は補描なし。,加工済み・実装後確認,再生ボタン残り：身体の欠損とは別,"(95, 1828, 525, 2107)",構図要確認,未照合,画像/キモリ/キモリ_寝顔4_おなかのうえ寝.webp,94c46699d768966eb9b77658fa1e70ea32b73dfca6f3b1cfcc38cccf6ea6383c,3749,1768,0,寝顔中心・上下直線・左右16%曲線・枠外透過,453,一次一覧確認で確定なし（細部は実装後確認）,枠内に残る可能性
ジュプトル_寝顔1_かたひざたて寝.webp,ジュプトル/ジュプトル_寝顔1_かたひざたて寝.webp,0253,ジュプトル,通常,1,かたひざたて寝,IMG_1729.png,,加工済み・実装後確認,,"(148, 556, 433, 827)",撮り直し候補,未照合,画像/ジュプトル/ジュプトル_寝顔1_かたひざたて寝.webp,adb475f743e5063ceb39fb4520ba72b594cc1192e1732b46792196391366ed91,0,0,0,寝顔中心・上下直線・左右16%曲線・枠外透過,454,一次一覧確認で確定なし（細部は実装後確認）,検出なし
ジュプトル_寝顔2_ゆめでかまえ寝.webp,ジュプトル/ジュプトル_寝顔2_ゆめでかまえ寝.webp,0253,ジュプトル,通常,2,ゆめでかまえ寝,IMG_1729.png,,加工済み・実装後確認,再生ボタン残り：身体の欠損とは別,"(95, 1006, 525, 1285)",撮り直し候補,未照合,画像/ジュプトル/ジュプトル_寝顔2_ゆめでかまえ寝.webp,adb475f743e5063ceb39fb4520ba72b594cc1192e1732b46792196391366ed91,127,1768,0,寝顔中心・上下直線・左右16%曲線・枠外透過,455,一次一覧確認で確定なし（細部は実装後確認）,枠内に残る可能性
ジュプトル_寝顔3_はっぱつつまれ寝.webp,ジュプトル/ジュプトル_寝顔3_はっぱつつまれ寝.webp,0253,ジュプトル,通常,3,はっぱつつまれ寝,IMG_1729.png,,加工済み・実装後確認,再生ボタン残り：身体の欠損とは別,"(127, 1500, 477, 1723)",撮り直し候補,未照合,画像/ジュプトル/ジュプトル_寝顔3_はっぱつつまれ寝.webp,adb475f743e5063ceb39fb4520ba72b594cc1192e1732b46792196391366ed91,0,487,0,寝顔中心・上下直線・左右16%曲線・枠外透過,456,一次一覧確認で確定なし（細部は実装後確認）,枠内に残る可能性
ジュプトル_寝顔4_おなかのうえ寝.webp,ジュプトル/ジュプトル_寝顔4_おなかのうえ寝.webp,0253,ジュプトル,通常,4,おなかのうえ寝,IMG_1729.png,カビゴンは元画像に見える範囲のみ。再生ボタンの重なり部分は補描なし。,加工済み・実装後確認,再生ボタン残り：身体の欠損とは別,"(95, 1920, 525, 2200)",構図要確認,未照合,画像/ジュプトル/ジュプトル_寝顔4_おなかのうえ寝.webp,adb475f743e5063ceb39fb4520ba72b594cc1192e1732b46792196391366ed91,853,1768,0,寝顔中心・上下直線・左右16%曲線・枠外透過,457,一次一覧確認で確定なし（細部は実装後確認）,枠内に残る可能性
ジュカイン_寝顔1_どっしり寝.webp,ジュカイン/ジュカイン_寝顔1_どっしり寝.webp,0254,ジュカイン,通常,1,どっしり寝,IMG_1730.png,,加工済み・実装後確認,再生ボタン残り：身体の欠損とは別,"(157, 497, 483, 760)",撮り直し候補,未照合,画像/ジュカイン/ジュカイン_寝顔1_どっしり寝.webp,e64f9f89f8f80e591284a26687d78ea915e0469304449b493aa7fa8d63eb5fb2,0,851,0,寝顔中心・上下直線・左右16%曲線・枠外透過,458,一次一覧確認で確定なし（細部は実装後確認）,枠内に残る可能性
ジュカイン_寝顔2_ゆめでかまえ寝.webp,ジュカイン/ジュカイン_寝顔2_ゆめでかまえ寝.webp,0254,ジュカイン,通常,2,ゆめでかまえ寝,IMG_1730.png,,加工済み・実装後確認,再生ボタン残り：身体の欠損とは別,"(95, 946, 525, 1225)",撮り直し候補,未照合,画像/ジュカイン/ジュカイン_寝顔2_ゆめでかまえ寝.webp,e64f9f89f8f80e591284a26687d78ea915e0469304449b493aa7fa8d63eb5fb2,126,1768,0,寝顔中心・上下直線・左右16%曲線・枠外透過,459,一次一覧確認で確定なし（細部は実装後確認）,枠内に残る可能性
ジュカイン_寝顔3_わかぎそだて寝.webp,ジュカイン/ジュカイン_寝顔3_わかぎそだて寝.webp,0254,ジュカイン,通常,3,わかぎそだて寝,IMG_1730.png,,加工済み・実装後確認,再生ボタン残り：身体の欠損とは別,"(109, 1434, 514, 1669)",撮り直し候補,未照合,画像/ジュカイン/ジュカイン_寝顔3_わかぎそだて寝.webp,e64f9f89f8f80e591284a26687d78ea915e0469304449b493aa7fa8d63eb5fb2,0,1663,0,寝顔中心・上下直線・左右16%曲線・枠外透過,460,一次一覧確認で確定なし（細部は実装後確認）,枠内に残る可能性
ジュカイン_寝顔4_おなかのうえ寝.webp,ジュカイン/ジュカイン_寝顔4_おなかのうえ寝.webp,0254,ジュカイン,通常,4,おなかのうえ寝,IMG_1872.png,カビゴンは元画像に見える範囲のみ。再生ボタンの重なり部分は補描なし。,加工済み・実装後確認,,"(91, 571, 1089, 1357)",構図要確認,未照合,画像/ジュカイン/ジュカイン_寝顔4_おなかのうえ寝.webp,4a6bc21490f461713dad122cbe7ae57d90cfd28acb33d982c59518d01334dcda,,0,0,寝顔中心・上下直線・左右16%曲線・枠外透過,461,一次一覧確認で確定なし（細部は実装後確認）,検出なし
アチャモ_寝顔1_まるまり寝.webp,アチャモ/アチャモ_寝顔1_まるまり寝.webp,0255,アチャモ,通常,1,まるまり寝,IMG_1731.png,,加工済み・実装後確認,,"(155, 544, 433, 744)",一次切り抜き,未照合,画像/アチャモ/アチャモ_寝顔1_まるまり寝.webp,af7836af5f72d5532bb2bc27e605f341be59be02962ca3105b43c4cdd75fddb0,0,0,0,寝顔中心・上下直線・左右16%曲線・枠外透過,462,一次一覧確認で確定なし（細部は実装後確認）,検出なし
アチャモ_寝顔2_ぽかぽか寝.webp,アチャモ/アチャモ_寝顔2_ぽかぽか寝.webp,0255,アチャモ,通常,2,ぽかぽか寝,IMG_1731.png,,加工済み・実装後確認,,"(137, 961, 433, 1233)",撮り直し候補,未照合,画像/アチャモ/アチャモ_寝顔2_ぽかぽか寝.webp,af7836af5f72d5532bb2bc27e605f341be59be02962ca3105b43c4cdd75fddb0,0,0,0,寝顔中心・上下直線・左右16%曲線・枠外透過,463,一次一覧確認で確定なし（細部は実装後確認）,検出なし
アチャモ_寝顔3_ころころ寝.webp,アチャモ/アチャモ_寝顔3_ころころ寝.webp,0255,アチャモ,通常,3,ころころ寝,IMG_1731.png,,加工済み・実装後確認,,"(160, 1451, 422, 1668)",一次切り抜き,未照合,画像/アチャモ/アチャモ_寝顔3_ころころ寝.webp,af7836af5f72d5532bb2bc27e605f341be59be02962ca3105b43c4cdd75fddb0,0,0,0,寝顔中心・上下直線・左右16%曲線・枠外透過,464,一次一覧確認で確定なし（細部は実装後確認）,検出なし
アチャモ_寝顔4_おなかのうえ寝.webp,アチャモ/アチャモ_寝顔4_おなかのうえ寝.webp,0255,アチャモ,通常,4,おなかのうえ寝,IMG_1731.png,カビゴンは元画像に見える範囲のみ。再生ボタンの重なり部分は補描なし。,加工済み・実装後確認,再生ボタン残り：身体の欠損とは別,"(95, 1875, 525, 2142)",構図要確認,未照合,画像/アチャモ/アチャモ_寝顔4_おなかのうえ寝.webp,af7836af5f72d5532bb2bc27e605f341be59be02962ca3105b43c4cdd75fddb0,3176,1755,0,寝顔中心・上下直線・左右16%曲線・枠外透過,465,一次一覧確認で確定なし（細部は実装後確認）,枠内に残る可能性
ワカシャモ_寝顔1_すわり寝.webp,ワカシャモ/ワカシャモ_寝顔1_すわり寝.webp,0256,ワカシャモ,通常,1,すわり寝,IMG_1732.png,,加工済み・実装後確認,,"(132, 485, 433, 761)",撮り直し候補,未照合,画像/ワカシャモ/ワカシャモ_寝顔1_すわり寝.webp,ae24fb0b4d715fd9db9bd99005910971794ff503ad7b12f7c4a30dcb7da6af12,0,0,0,寝顔中心・上下直線・左右16%曲線・枠外透過,466,一次一覧確認で確定なし（細部は実装後確認）,検出なし
ワカシャモ_寝顔2_ジャンプ寝.webp,ワカシャモ/ワカシャモ_寝顔2_ジャンプ寝.webp,0256,ワカシャモ,通常,2,ジャンプ寝,IMG_1732.png,,加工済み・実装後確認,,"(143, 942, 433, 1221)",撮り直し候補,未照合,画像/ワカシャモ/ワカシャモ_寝顔2_ジャンプ寝.webp,ae24fb0b4d715fd9db9bd99005910971794ff503ad7b12f7c4a30dcb7da6af12,0,0,0,寝顔中心・上下直線・左右16%曲線・枠外透過,467,一次一覧確認で確定なし（細部は実装後確認）,検出なし
ワカシャモ_寝顔3_キック寝.webp,ワカシャモ/ワカシャモ_寝顔3_キック寝.webp,0256,ワカシャモ,通常,3,キック寝,IMG_1732.png,,加工済み・実装後確認,再生ボタン残り：身体の欠損とは別,"(138, 1442, 485, 1639)",撮り直し候補,未照合,画像/ワカシャモ/ワカシャモ_寝顔3_キック寝.webp,ae24fb0b4d715fd9db9bd99005910971794ff503ad7b12f7c4a30dcb7da6af12,0,313,0,寝顔中心・上下直線・左右16%曲線・枠外透過,468,一次一覧確認で確定なし（細部は実装後確認）,枠内に残る可能性
ワカシャモ_寝顔4_おなかのうえ寝.webp,ワカシャモ/ワカシャモ_寝顔4_おなかのうえ寝.webp,0256,ワカシャモ,通常,4,おなかのうえ寝,IMG_1732.png,カビゴンは元画像に見える範囲のみ。再生ボタンの重なり部分は補描なし。,加工済み・実装後確認,再生ボタン残り：身体の欠損とは別,"(95, 1856, 525, 2136)",構図要確認,未照合,画像/ワカシャモ/ワカシャモ_寝顔4_おなかのうえ寝.webp,ae24fb0b4d715fd9db9bd99005910971794ff503ad7b12f7c4a30dcb7da6af12,2488,1768,0,寝顔中心・上下直線・左右16%曲線・枠外透過,469,一次一覧確認で確定なし（細部は実装後確認）,枠内に残る可能性
バシャーモ_寝顔1_かたひざたて寝.webp,バシャーモ/バシャーモ_寝顔1_かたひざたて寝.webp,0257,バシャーモ,通常,1,かたひざたて寝,IMG_1733.png,,加工済み・実装後確認,再生ボタン残り：身体の欠損とは別,"(148, 513, 478, 788)",撮り直し候補,未照合,画像/バシャーモ/バシャーモ_寝顔1_かたひざたて寝.webp,ef8c18cc047f8d549e897c036b410af67380d6ebe90c6cf25c3b7cf8840b8245,0,755,0,寝顔中心・上下直線・左右16%曲線・枠外透過,470,一次一覧確認で確定なし（細部は実装後確認）,枠内に残る可能性
バシャーモ_寝顔2_きあいため寝.webp,バシャーモ/バシャーモ_寝顔2_きあいため寝.webp,0257,バシャーモ,通常,2,きあいため寝,IMG_1733.png,,加工済み・実装後確認,,"(137, 966, 433, 1245)",撮り直し候補,未照合,画像/バシャーモ/バシャーモ_寝顔2_きあいため寝.webp,ef8c18cc047f8d549e897c036b410af67380d6ebe90c6cf25c3b7cf8840b8245,0,0,0,寝顔中心・上下直線・左右16%曲線・枠外透過,471,一次一覧確認で確定なし（細部は実装後確認）,検出なし
バシャーモ_寝顔3_ブレイズキック寝.webp,バシャーモ/バシャーモ_寝顔3_ブレイズキック寝.webp,0257,バシャーモ,通常,3,ブレイズキック寝,IMG_1733.png,,加工済み・実装後確認,再生ボタン残り：身体の欠損とは別,"(112, 1448, 498, 1686)",撮り直し候補,未照合,画像/バシャーモ/バシャーモ_寝顔3_ブレイズキック寝.webp,ef8c18cc047f8d549e897c036b410af67380d6ebe90c6cf25c3b7cf8840b8245,0,1154,0,寝顔中心・上下直線・左右16%曲線・枠外透過,472,一次一覧確認で確定なし（細部は実装後確認）,枠内に残る可能性
バシャーモ_寝顔4_おなかのうえ寝.webp,バシャーモ/バシャーモ_寝顔4_おなかのうえ寝.webp,0257,バシャーモ,通常,4,おなかのうえ寝,IMG_1874.png,カビゴンは元画像に見える範囲のみ。再生ボタンの重なり部分は補描なし。,加工済み・実装後確認,,"(91, 571, 1089, 1357)",構図要確認,未照合,画像/バシャーモ/バシャーモ_寝顔4_おなかのうえ寝.webp,ec6279c0510f5812f3329d5fba81b5778f3ac9ae4e51377346c8d072ffc64a25,,0,0,寝顔中心・上下直線・左右16%曲線・枠外透過,473,一次一覧確認で確定なし（細部は実装後確認）,検出なし
ミズゴロウ_寝顔1_ヒレふり寝.webp,ミズゴロウ/ミズゴロウ_寝顔1_ヒレふり寝.webp,0258,ミズゴロウ,通常,1,ヒレふり寝,IMG_1734.png,,加工済み・実装後確認,再生ボタン残り：身体の欠損とは別,"(137, 561, 493, 717)",撮り直し候補,未照合,画像/ミズゴロウ/ミズゴロウ_寝顔1_ヒレふり寝.webp,1883df1e43b7bef8045b2b14332b9eda01ff7bf5b127dc5f699bb037a7baca7f,0,114,0,寝顔中心・上下直線・左右16%曲線・枠外透過,474,一次一覧確認で確定なし（細部は実装後確認）,枠内に残る可能性
ミズゴロウ_寝顔2_こっくり寝.webp,ミズゴロウ/ミズゴロウ_寝顔2_こっくり寝.webp,0258,ミズゴロウ,通常,2,こっくり寝,IMG_1734.png,,加工済み・実装後確認,,"(142, 957, 433, 1208)",撮り直し候補,未照合,画像/ミズゴロウ/ミズゴロウ_寝顔2_こっくり寝.webp,1883df1e43b7bef8045b2b14332b9eda01ff7bf5b127dc5f699bb037a7baca7f,0,0,0,寝顔中心・上下直線・左右16%曲線・枠外透過,475,一次一覧確認で確定なし（細部は実装後確認）,検出なし
ミズゴロウ_寝顔3_いわだき寝.webp,ミズゴロウ/ミズゴロウ_寝顔3_いわだき寝.webp,0258,ミズゴロウ,通常,3,いわだき寝,IMG_1734.png,,加工済み・実装後確認,再生ボタン残り：身体の欠損とは別,"(117, 1442, 478, 1647)",撮り直し候補,未照合,画像/ミズゴロウ/ミズゴロウ_寝顔3_いわだき寝.webp,1883df1e43b7bef8045b2b14332b9eda01ff7bf5b127dc5f699bb037a7baca7f,0,152,0,寝顔中心・上下直線・左右16%曲線・枠外透過,476,一次一覧確認で確定なし（細部は実装後確認）,枠内に残る可能性
ミズゴロウ_寝顔4_おなかのうえ寝.webp,ミズゴロウ/ミズゴロウ_寝顔4_おなかのうえ寝.webp,0258,ミズゴロウ,通常,4,おなかのうえ寝,IMG_1734.png,カビゴンは元画像に見える範囲のみ。再生ボタンの重なり部分は補描なし。,加工済み・実装後確認,再生ボタン残り：身体の欠損とは別,"(95, 1863, 525, 2142)",構図要確認,未照合,画像/ミズゴロウ/ミズゴロウ_寝顔4_おなかのうえ寝.webp,1883df1e43b7bef8045b2b14332b9eda01ff7bf5b127dc5f699bb037a7baca7f,3751,1768,0,寝顔中心・上下直線・左右16%曲線・枠外透過,477,一次一覧確認で確定なし（細部は実装後確認）,枠内に残る可能性
ヌマクロー_寝顔1_すわり寝.webp,ヌマクロー/ヌマクロー_寝顔1_すわり寝.webp,0259,ヌマクロー,通常,1,すわり寝,IMG_1735.png,,加工済み・実装後確認,,"(147, 498, 433, 757)",撮り直し候補,未照合,画像/ヌマクロー/ヌマクロー_寝顔1_すわり寝.webp,43bb5ce23989590e79c307b907688bd085e3b95fd14454b973786781d11b905a,0,0,0,寝顔中心・上下直線・左右16%曲線・枠外透過,478,一次一覧確認で確定なし（細部は実装後確認）,検出なし
ヌマクロー_寝顔2_ばんざい寝.webp,ヌマクロー/ヌマクロー_寝顔2_ばんざい寝.webp,0259,ヌマクロー,通常,2,ばんざい寝,IMG_1735.png,,加工済み・実装後確認,,"(137, 952, 433, 1221)",撮り直し候補,未照合,画像/ヌマクロー/ヌマクロー_寝顔2_ばんざい寝.webp,43bb5ce23989590e79c307b907688bd085e3b95fd14454b973786781d11b905a,0,0,0,寝顔中心・上下直線・左右16%曲線・枠外透過,479,一次一覧確認で確定なし（細部は実装後確認）,検出なし
ヌマクロー_寝顔3_どろにうまり寝.webp,ヌマクロー/ヌマクロー_寝顔3_どろにうまり寝.webp,0259,ヌマクロー,通常,3,どろにうまり寝,IMG_1735.png,,加工済み・実装後確認,再生ボタン残り：身体の欠損とは別,"(143, 1417, 462, 1677)",撮り直し候補,未照合,画像/ヌマクロー/ヌマクロー_寝顔3_どろにうまり寝.webp,43bb5ce23989590e79c307b907688bd085e3b95fd14454b973786781d11b905a,0,139,0,寝顔中心・上下直線・左右16%曲線・枠外透過,480,一次一覧確認で確定なし（細部は実装後確認）,枠内に残る可能性
ヌマクロー_寝顔4_おなかのうえ寝.webp,ヌマクロー/ヌマクロー_寝顔4_おなかのうえ寝.webp,0259,ヌマクロー,通常,4,おなかのうえ寝,IMG_1735.png,カビゴンは元画像に見える範囲のみ。再生ボタンの重なり部分は補描なし。,加工済み・実装後確認,再生ボタン残り：身体の欠損とは別,"(95, 1866, 525, 2146)",構図要確認,未照合,画像/ヌマクロー/ヌマクロー_寝顔4_おなかのうえ寝.webp,43bb5ce23989590e79c307b907688bd085e3b95fd14454b973786781d11b905a,3326,1768,0,寝顔中心・上下直線・左右16%曲線・枠外透過,481,一次一覧確認で確定なし（細部は実装後確認）,枠内に残る可能性
ラグラージ_寝顔1_ゆめでおよぎ寝.webp,ラグラージ/ラグラージ_寝顔1_ゆめでおよぎ寝.webp,0260,ラグラージ,通常,1,ゆめでおよぎ寝,IMG_1736.png,,加工済み・実装後確認,再生ボタン残り：身体の欠損とは別,"(127, 494, 479, 770)",撮り直し候補,未照合,画像/ラグラージ/ラグラージ_寝顔1_ゆめでおよぎ寝.webp,fe55c7eeb8ef94ad1cf8c01b6a2aa9631b31b4d24c0317403d290b41b2bef15f,0,714,0,寝顔中心・上下直線・左右16%曲線・枠外透過,482,一次一覧確認で確定なし（細部は実装後確認）,枠内に残る可能性
ラグラージ_寝顔2_ふんばり寝.webp,ラグラージ/ラグラージ_寝顔2_ふんばり寝.webp,0260,ラグラージ,通常,2,ふんばり寝,IMG_1736.png,,加工済み・実装後確認,,"(141, 951, 433, 1226)",撮り直し候補,未照合,画像/ラグラージ/ラグラージ_寝顔2_ふんばり寝.webp,fe55c7eeb8ef94ad1cf8c01b6a2aa9631b31b4d24c0317403d290b41b2bef15f,0,0,0,寝顔中心・上下直線・左右16%曲線・枠外透過,483,一次一覧確認で確定なし（細部は実装後確認）,検出なし
ラグラージ_寝顔3_どろあそび寝.webp,ラグラージ/ラグラージ_寝顔3_どろあそび寝.webp,0260,ラグラージ,通常,3,どろあそび寝,IMG_1736.png,,加工済み・実装後確認,再生ボタン残り：身体の欠損とは別,"(117, 1431, 499, 1668)",撮り直し候補,未照合,画像/ラグラージ/ラグラージ_寝顔3_どろあそび寝.webp,fe55c7eeb8ef94ad1cf8c01b6a2aa9631b31b4d24c0317403d290b41b2bef15f,0,1131,0,寝顔中心・上下直線・左右16%曲線・枠外透過,484,一次一覧確認で確定なし（細部は実装後確認）,枠内に残る可能性
ラグラージ_寝顔4_おなかのうえ寝.webp,ラグラージ/ラグラージ_寝顔4_おなかのうえ寝.webp,0260,ラグラージ,通常,4,おなかのうえ寝,IMG_1876.png,カビゴンは元画像に見える範囲のみ。再生ボタンの重なり部分は補描なし。,加工済み・実装後確認,,"(91, 571, 1089, 1357)",構図要確認,未照合,画像/ラグラージ/ラグラージ_寝顔4_おなかのうえ寝.webp,339d8e28caec08a29d11c067705bb02f0852e62ae9209510184fb9577e6b509e,,0,0,寝顔中心・上下直線・左右16%曲線・枠外透過,485,一次一覧確認で確定なし（細部は実装後確認）,検出なし
ラルトス_寝顔1_つっぷし寝.webp,ラルトス/ラルトス_寝顔1_つっぷし寝.webp,0280,ラルトス,通常,1,つっぷし寝,IMG_1737.png,,加工済み・実装後確認,,"(167, 530, 433, 716)",一次切り抜き,未照合,画像/ラルトス/ラルトス_寝顔1_つっぷし寝.webp,2dd62c7b97d78ec899beb17a21380052a621ee8d7b72654d4d03d230fae5fa8e,0,0,0,寝顔中心・上下直線・左右16%曲線・枠外透過,486,一次一覧確認で確定なし（細部は実装後確認）,検出なし
ラルトス_寝顔2_もじもじ寝.webp,ラルトス/ラルトス_寝顔2_もじもじ寝.webp,0280,ラルトス,通常,2,もじもじ寝,IMG_1737.png,,加工済み・実装後確認,,"(173, 974, 433, 1201)",撮り直し候補,未照合,画像/ラルトス/ラルトス_寝顔2_もじもじ寝.webp,2dd62c7b97d78ec899beb17a21380052a621ee8d7b72654d4d03d230fae5fa8e,0,0,0,寝顔中心・上下直線・左右16%曲線・枠外透過,487,一次一覧確認で確定なし（細部は実装後確認）,検出なし
ラルトス_寝顔3_にこにこ寝.webp,ラルトス/ラルトス_寝顔3_にこにこ寝.webp,0280,ラルトス,通常,3,にこにこ寝,IMG_1737.png,,加工済み・実装後確認,,"(171, 1443, 465, 1634)",撮り直し候補,未照合,画像/ラルトス/ラルトス_寝顔3_にこにこ寝.webp,2dd62c7b97d78ec899beb17a21380052a621ee8d7b72654d4d03d230fae5fa8e,0,53,0,寝顔中心・上下直線・左右16%曲線・枠外透過,488,一次一覧確認で確定なし（細部は実装後確認）,検出なし
ラルトス_寝顔4_おなかのうえ寝.webp,ラルトス/ラルトス_寝顔4_おなかのうえ寝.webp,0280,ラルトス,通常,4,おなかのうえ寝,IMG_1737.png,カビゴンは元画像に見える範囲のみ。再生ボタンの重なり部分は補描なし。,加工済み・実装後確認,再生ボタン残り：身体の欠損とは別,"(95, 1849, 525, 2128)",構図要確認,未照合,画像/ラルトス/ラルトス_寝顔4_おなかのうえ寝.webp,2dd62c7b97d78ec899beb17a21380052a621ee8d7b72654d4d03d230fae5fa8e,951,1768,0,寝顔中心・上下直線・左右16%曲線・枠外透過,489,一次一覧確認で確定なし（細部は実装後確認）,枠内に残る可能性
キルリア_寝顔1_すわりおじぎ寝.webp,キルリア/キルリア_寝顔1_すわりおじぎ寝.webp,0281,キルリア,通常,1,すわりおじぎ寝,IMG_1738.png,,加工済み・実装後確認,,"(161, 509, 433, 750)",撮り直し候補,未照合,画像/キルリア/キルリア_寝顔1_すわりおじぎ寝.webp,e0b73e50c33e53ed368fc1b51b6071702d758c08b7d453ded7b2d030a504da7d,0,0,0,寝顔中心・上下直線・左右16%曲線・枠外透過,490,一次一覧確認で確定なし（細部は実装後確認）,検出なし
キルリア_寝顔2_レヴェランス寝.webp,キルリア/キルリア_寝顔2_レヴェランス寝.webp,0281,キルリア,通常,2,レヴェランス寝,IMG_1738.png,,加工済み・実装後確認,,"(173, 951, 433, 1183)",撮り直し候補,未照合,画像/キルリア/キルリア_寝顔2_レヴェランス寝.webp,e0b73e50c33e53ed368fc1b51b6071702d758c08b7d453ded7b2d030a504da7d,0,0,0,寝顔中心・上下直線・左右16%曲線・枠外透過,491,一次一覧確認で確定なし（細部は実装後確認）,検出なし
キルリア_寝顔3_おどりながら寝.webp,キルリア/キルリア_寝顔3_おどりながら寝.webp,0281,キルリア,通常,3,おどりながら寝,IMG_1738.png,,加工済み・実装後確認,,"(172, 1427, 462, 1643)",撮り直し候補,未照合,画像/キルリア/キルリア_寝顔3_おどりながら寝.webp,e0b73e50c33e53ed368fc1b51b6071702d758c08b7d453ded7b2d030a504da7d,0,1,0,寝顔中心・上下直線・左右16%曲線・枠外透過,492,一次一覧確認で確定なし（細部は実装後確認）,検出なし
キルリア_寝顔4_おなかのうえ寝.webp,キルリア/キルリア_寝顔4_おなかのうえ寝.webp,0281,キルリア,通常,4,おなかのうえ寝,IMG_1738.png,カビゴンは元画像に見える範囲のみ。再生ボタンの重なり部分は補描なし。,加工済み・実装後確認,再生ボタン残り：身体の欠損とは別,"(110, 1863, 494, 2142)",構図要確認,未照合,画像/キルリア/キルリア_寝顔4_おなかのうえ寝.webp,e0b73e50c33e53ed368fc1b51b6071702d758c08b7d453ded7b2d030a504da7d,2041,1217,0,寝顔中心・上下直線・左右16%曲線・枠外透過,493,一次一覧確認で確定なし（細部は実装後確認）,枠内に残る可能性
サーナイト_寝顔1_すそゆらし寝.webp,サーナイト/サーナイト_寝顔1_すそゆらし寝.webp,0282,サーナイト,通常,1,すそゆらし寝,IMG_1739.png,,加工済み・実装後確認,再生ボタン残り：身体の欠損とは別,"(153, 533, 482, 767)",撮り直し候補,未照合,画像/サーナイト/サーナイト_寝顔1_すそゆらし寝.webp,e12784c68367fb5567a741ce82d43d5b8b1af01ce939e15760ae7126dd74eedc,0,966,0,寝顔中心・上下直線・左右16%曲線・枠外透過,494,一次一覧確認で確定なし（細部は実装後確認）,枠内に残る可能性
サーナイト_寝顔3_すそひろがり寝.webp,サーナイト/サーナイト_寝顔3_すそひろがり寝.webp,0282,サーナイト,通常,3,すそひろがり寝,IMG_1739.png,,加工済み・実装後確認,再生ボタン残り：身体の欠損とは別,"(168, 1441, 508, 1664)",撮り直し候補,未照合,画像/サーナイト/サーナイト_寝顔3_すそひろがり寝.webp,e12784c68367fb5567a741ce82d43d5b8b1af01ce939e15760ae7126dd74eedc,0,1566,0,寝顔中心・上下直線・左右16%曲線・枠外透過,495,一次一覧確認で確定なし（細部は実装後確認）,枠内に残る可能性
サーナイト_寝顔4_おなかのうえ寝.webp,サーナイト/サーナイト_寝顔4_おなかのうえ寝.webp,0282,サーナイト,通常,4,おなかのうえ寝,IMG_1739.png,カビゴンは元画像に見える範囲のみ。再生ボタンの重なり部分は補描なし。,加工済み・実装後確認,再生ボタン残り：身体の欠損とは別,"(95, 1860, 525, 2140)",構図要確認,未照合,画像/サーナイト/サーナイト_寝顔4_おなかのうえ寝.webp,e12784c68367fb5567a741ce82d43d5b8b1af01ce939e15760ae7126dd74eedc,1363,1768,0,寝顔中心・上下直線・左右16%曲線・枠外透過,496,一次一覧確認で確定なし（細部は実装後確認）,枠内に残る可能性
ナマケロ_寝顔1_なまけ寝.webp,ナマケロ/ナマケロ_寝顔1_なまけ寝.webp,0287,ナマケロ,通常,1,なまけ寝,IMG_1740.png,,加工済み・実装後確認,,"(148, 549, 458, 701)",一次切り抜き,未照合,画像/ナマケロ/ナマケロ_寝顔1_なまけ寝.webp,65574b235b0375532c6405056ee81d0d990e7e080904789e4f75e4181d400e0c,0,0,0,寝顔中心・上下直線・左右16%曲線・枠外透過,497,一次一覧確認で確定なし（細部は実装後確認）,検出なし
ナマケロ_寝顔2_けづくろい寝.webp,ナマケロ/ナマケロ_寝顔2_けづくろい寝.webp,0287,ナマケロ,通常,2,けづくろい寝,IMG_1740.png,,加工済み・実装後確認,,"(177, 1001, 452, 1162)",一次切り抜き,未照合,画像/ナマケロ/ナマケロ_寝顔2_けづくろい寝.webp,65574b235b0375532c6405056ee81d0d990e7e080904789e4f75e4181d400e0c,0,0,0,寝顔中心・上下直線・左右16%曲線・枠外透過,498,一次一覧確認で確定なし（細部は実装後確認）,検出なし
ナマケロ_寝顔3_つまみぐい寝.webp,ナマケロ/ナマケロ_寝顔3_つまみぐい寝.webp,0287,ナマケロ,通常,3,つまみぐい寝,IMG_1740.png,,加工済み・実装後確認,,"(177, 1437, 433, 1634)",一次切り抜き,未照合,画像/ナマケロ/ナマケロ_寝顔3_つまみぐい寝.webp,65574b235b0375532c6405056ee81d0d990e7e080904789e4f75e4181d400e0c,0,0,0,寝顔中心・上下直線・左右16%曲線・枠外透過,499,一次一覧確認で確定なし（細部は実装後確認）,検出なし
ナマケロ_寝顔4_おなかのうえ寝.webp,ナマケロ/ナマケロ_寝顔4_おなかのうえ寝.webp,0287,ナマケロ,通常,4,おなかのうえ寝,IMG_1740.png,カビゴンは元画像に見える範囲のみ。再生ボタンの重なり部分は補描なし。,加工済み・実装後確認,再生ボタン残り：身体の欠損とは別,"(102, 1851, 515, 2131)",構図要確認,未照合,画像/ナマケロ/ナマケロ_寝顔4_おなかのうえ寝.webp,65574b235b0375532c6405056ee81d0d990e7e080904789e4f75e4181d400e0c,2332,1748,0,寝顔中心・上下直線・左右16%曲線・枠外透過,500,一次一覧確認で確定なし（細部は実装後確認）,枠内に残る可能性
ヤルキモノ_寝顔1_ウズウズ寝.webp,ヤルキモノ/ヤルキモノ_寝顔1_ウズウズ寝.webp,0288,ヤルキモノ,通常,1,ウズウズ寝,IMG_1741.jpeg,,加工済み・実装後確認,再生ボタン残り：身体の欠損とは別,"(92, 302, 279, 445)",撮り直し候補,未照合,画像/ヤルキモノ/ヤルキモノ_寝顔1_ウズウズ寝.webp,cd97387ce5de924b22c36d64b83818da0cdb7ef1948bb56e9b3ba46d2b836783,0,195,0,寝顔中心・上下直線・左右16%曲線・枠外透過,501,一次一覧確認で確定なし（細部は実装後確認）,枠内に残る可能性
ヤルキモノ_寝顔2_たいそう寝.webp,ヤルキモノ/ヤルキモノ_寝顔2_たいそう寝.webp,0288,ヤルキモノ,通常,2,たいそう寝,IMG_1741.jpeg,,加工済み・実装後確認,,"(98, 579, 260, 719)",撮り直し候補,未照合,画像/ヤルキモノ/ヤルキモノ_寝顔2_たいそう寝.webp,cd97387ce5de924b22c36d64b83818da0cdb7ef1948bb56e9b3ba46d2b836783,0,0,0,寝顔中心・上下直線・左右16%曲線・枠外透過,502,一次一覧確認で確定なし（細部は実装後確認）,検出なし
ヤルキモノ_寝顔3_なまけ寝.webp,ヤルキモノ/ヤルキモノ_寝顔3_なまけ寝.webp,0288,ヤルキモノ,通常,3,なまけ寝,IMG_1741.jpeg,,加工済み・実装後確認,,"(84, 864, 284, 972)",撮り直し候補,未照合,画像/ヤルキモノ/ヤルキモノ_寝顔3_なまけ寝.webp,cd97387ce5de924b22c36d64b83818da0cdb7ef1948bb56e9b3ba46d2b836783,0,5,0,寝顔中心・上下直線・左右16%曲線・枠外透過,503,一次一覧確認で確定なし（細部は実装後確認）,検出なし
ヤルキモノ_寝顔4_おなかのうえ寝.webp,ヤルキモノ/ヤルキモノ_寝顔4_おなかのうえ寝.webp,0288,ヤルキモノ,通常,4,おなかのうえ寝,IMG_1741.jpeg,カビゴンは元画像に見える範囲のみ。再生ボタンの重なり部分は補描なし。,加工済み・実装後確認,再生ボタン残り：身体の欠損とは別,"(57, 1110, 316, 1278)",構図要確認,未照合,画像/ヤルキモノ/ヤルキモノ_寝顔4_おなかのうえ寝.webp,cd97387ce5de924b22c36d64b83818da0cdb7ef1948bb56e9b3ba46d2b836783,694,1768,0,寝顔中心・上下直線・左右16%曲線・枠外透過,504,一次一覧確認で確定なし（細部は実装後確認）,枠内に残る可能性
ケッキング_寝顔1_だいのじ寝.webp,ケッキング/ケッキング_寝顔1_だいのじ寝.webp,0289,ケッキング,通常,1,だいのじ寝,IMG_1742.png,,加工済み・実装後確認,再生ボタン残り：身体の欠損とは別,"(137, 503, 470, 752)",撮り直し候補,未照合,画像/ケッキング/ケッキング_寝顔1_だいのじ寝.webp,fe9b1bf375618e542033cc3882ebd866574a3988dd7ce542c11b23e9b52916a9,0,357,0,寝顔中心・上下直線・左右16%曲線・枠外透過,505,一次一覧確認で確定なし（細部は実装後確認）,枠内に残る可能性
ケッキング_寝顔3_つまみぐい寝.webp,ケッキング/ケッキング_寝顔3_つまみぐい寝.webp,0289,ケッキング,通常,3,つまみぐい寝,IMG_1742.png,,加工済み・実装後確認,再生ボタン残り：身体の欠損とは別,"(153, 1435, 474, 1639)",撮り直し候補,未照合,画像/ケッキング/ケッキング_寝顔3_つまみぐい寝.webp,fe9b1bf375618e542033cc3882ebd866574a3988dd7ce542c11b23e9b52916a9,0,129,0,寝顔中心・上下直線・左右16%曲線・枠外透過,506,一次一覧確認で確定なし（細部は実装後確認）,枠内に残る可能性
ケッキング_寝顔4_おなかのうえ寝.webp,ケッキング/ケッキング_寝顔4_おなかのうえ寝.webp,0289,ケッキング,通常,4,おなかのうえ寝,IMG_1877.png,カビゴンは元画像に見える範囲のみ。再生ボタンの重なり部分は補描なし。,加工済み・実装後確認,,"(91, 571, 1089, 1357)",構図要確認,未照合,画像/ケッキング/ケッキング_寝顔4_おなかのうえ寝.webp,8db6b03b34a6bd613055748391cddc2a173bcb6f07f0fddd6bdee86eab06f66e,,0,0,寝顔中心・上下直線・左右16%曲線・枠外透過,507,一次一覧確認で確定なし（細部は実装後確認）,検出なし
ヤミラミ_寝顔1_だいのじ寝.webp,ヤミラミ/ヤミラミ_寝顔1_だいのじ寝.webp,0302,ヤミラミ,通常,1,だいのじ寝,IMG_1743.png,,加工済み・実装後確認,,"(178, 463, 433, 675)",一次切り抜き,未照合,画像/ヤミラミ/ヤミラミ_寝顔1_だいのじ寝.webp,52447d28bedb96410d3e0baecae5b9d4d4bfb5a6b69d3fe3c6b38c5ef64b0968,0,0,0,寝顔中心・上下直線・左右16%曲線・枠外透過,508,一次一覧確認で確定なし（細部は実装後確認）,検出なし
ヤミラミ_寝顔2_がくがく寝.webp,ヤミラミ/ヤミラミ_寝顔2_がくがく寝.webp,0302,ヤミラミ,通常,2,がくがく寝,IMG_1743.png,,加工済み・実装後確認,,"(171, 900, 433, 1138)",撮り直し候補,未照合,画像/ヤミラミ/ヤミラミ_寝顔2_がくがく寝.webp,52447d28bedb96410d3e0baecae5b9d4d4bfb5a6b69d3fe3c6b38c5ef64b0968,0,0,0,寝顔中心・上下直線・左右16%曲線・枠外透過,509,一次一覧確認で確定なし（細部は実装後確認）,検出なし
ヤミラミ_寝顔4_おなかのうえ寝.webp,ヤミラミ/ヤミラミ_寝顔4_おなかのうえ寝.webp,0302,ヤミラミ,通常,4,おなかのうえ寝,IMG_1743.png,カビゴンは元画像に見える範囲のみ。再生ボタンの重なり部分は補描なし。,加工済み・実装後確認,,"(95, 1790, 525, 2070)",構図要確認,未照合,画像/ヤミラミ/ヤミラミ_寝顔4_おなかのうえ寝.webp,52447d28bedb96410d3e0baecae5b9d4d4bfb5a6b69d3fe3c6b38c5ef64b0968,3764,0,0,寝顔中心・上下直線・左右16%曲線・枠外透過,510,一次一覧確認で確定なし（細部は実装後確認）,検出なし
クチート_寝顔1_つっぷし寝.webp,クチート/クチート_寝顔1_つっぷし寝.webp,0303,クチート,通常,1,つっぷし寝,IMG_1744.png,,加工済み・実装後確認,,"(137, 469, 433, 749)",撮り直し候補,未照合,画像/クチート/クチート_寝顔1_つっぷし寝.webp,823aede66ae6766eb22a2f044681bbe8b4fb673a5bf4e02bc925ce82a4f6107e,0,0,0,寝顔中心・上下直線・左右16%曲線・枠外透過,511,一次一覧確認で確定なし（細部は実装後確認）,検出なし
クチート_寝顔2_おおあごふり寝.webp,クチート/クチート_寝顔2_おおあごふり寝.webp,0303,クチート,通常,2,おおあごふり寝,IMG_1744.png,,加工済み・実装後確認,再生ボタン残り：身体の欠損とは別,"(153, 931, 482, 1204)",撮り直し候補,未照合,画像/クチート/クチート_寝顔2_おおあごふり寝.webp,823aede66ae6766eb22a2f044681bbe8b4fb673a5bf4e02bc925ce82a4f6107e,0,888,0,寝顔中心・上下直線・左右16%曲線・枠外透過,512,一次一覧確認で確定なし（細部は実装後確認）,枠内に残る可能性
クチート_寝顔3_おおあごだき寝.webp,クチート/クチート_寝顔3_おおあごだき寝.webp,0303,クチート,通常,3,おおあごだき寝,IMG_1744.png,,加工済み・実装後確認,再生ボタン残り：身体の欠損とは別,"(147, 1401, 484, 1651)",撮り直し候補,未照合,画像/クチート/クチート_寝顔3_おおあごだき寝.webp,823aede66ae6766eb22a2f044681bbe8b4fb673a5bf4e02bc925ce82a4f6107e,0,836,0,寝顔中心・上下直線・左右16%曲線・枠外透過,513,一次一覧確認で確定なし（細部は実装後確認）,枠内に残る可能性
クチート_寝顔4_おなかのうえ寝.webp,クチート/クチート_寝顔4_おなかのうえ寝.webp,0303,クチート,通常,4,おなかのうえ寝,IMG_1744.png,カビゴンは元画像に見える範囲のみ。再生ボタンの重なり部分は補描なし。,加工済み・実装後確認,再生ボタン残り：身体の欠損とは別,"(95, 1840, 525, 2120)",構図要確認,未照合,画像/クチート/クチート_寝顔4_おなかのうえ寝.webp,823aede66ae6766eb22a2f044681bbe8b4fb673a5bf4e02bc925ce82a4f6107e,713,1768,0,寝顔中心・上下直線・左右16%曲線・枠外透過,514,一次一覧確認で確定なし（細部は実装後確認）,枠内に残る可能性
ココドラ_寝顔1_かおかき寝.webp,ココドラ/ココドラ_寝顔1_かおかき寝.webp,0304,ココドラ,通常,1,かおかき寝,IMG_1745.png,,加工済み・実装後確認,,"(195, 568, 422, 757)",一次切り抜き,未照合,画像/ココドラ/ココドラ_寝顔1_かおかき寝.webp,317ef20b5d3b7b0a8a9eb3ae2861dcb7a29eb14d0c958fdd17e453df30637785,0,0,0,寝顔中心・上下直線・左右16%曲線・枠外透過,515,一次一覧確認で確定なし（細部は実装後確認）,検出なし
ココドラ_寝顔2_ストレッチ寝.webp,ココドラ/ココドラ_寝顔2_ストレッチ寝.webp,0304,ココドラ,通常,2,ストレッチ寝,IMG_1745.png,,加工済み・実装後確認,,"(178, 1008, 432, 1220)",一次切り抜き,未照合,画像/ココドラ/ココドラ_寝顔2_ストレッチ寝.webp,317ef20b5d3b7b0a8a9eb3ae2861dcb7a29eb14d0c958fdd17e453df30637785,0,0,0,寝顔中心・上下直線・左右16%曲線・枠外透過,516,一次一覧確認で確定なし（細部は実装後確認）,検出なし
ココドラ_寝顔3_てつたべ寝.webp,ココドラ/ココドラ_寝顔3_てつたべ寝.webp,0304,ココドラ,通常,3,てつたべ寝,IMG_1745.png,,加工済み・実装後確認,,"(173, 1472, 425, 1663)",一次切り抜き,未照合,画像/ココドラ/ココドラ_寝顔3_てつたべ寝.webp,317ef20b5d3b7b0a8a9eb3ae2861dcb7a29eb14d0c958fdd17e453df30637785,0,0,0,寝顔中心・上下直線・左右16%曲線・枠外透過,517,一次一覧確認で確定なし（細部は実装後確認）,検出なし
ココドラ_寝顔4_おなかのうえ寝.webp,ココドラ/ココドラ_寝顔4_おなかのうえ寝.webp,0304,ココドラ,通常,4,おなかのうえ寝,IMG_1745.png,カビゴンは元画像に見える範囲のみ。再生ボタンの重なり部分は補描なし。,加工済み・実装後確認,再生ボタン残り：身体の欠損とは別,"(97, 1880, 523, 2160)",構図要確認,未照合,画像/ココドラ/ココドラ_寝顔4_おなかのうえ寝.webp,317ef20b5d3b7b0a8a9eb3ae2861dcb7a29eb14d0c958fdd17e453df30637785,355,1768,0,寝顔中心・上下直線・左右16%曲線・枠外透過,518,一次一覧確認で確定なし（細部は実装後確認）,枠内に残る可能性
コドラ_寝顔1_つっぷし寝.webp,コドラ/コドラ_寝顔1_つっぷし寝.webp,0305,コドラ,通常,1,つっぷし寝,IMG_1746.png,,加工済み・実装後確認,再生ボタン残り：身体の欠損とは別,"(138, 525, 482, 787)",撮り直し候補,未照合,画像/コドラ/コドラ_寝顔1_つっぷし寝.webp,e1a38ad7651c62f8147d5025c655936e01d16ee64dba0a4b9adaf03db3d93b8e,0,633,0,寝顔中心・上下直線・左右16%曲線・枠外透過,519,一次一覧確認で確定なし（細部は実装後確認）,枠内に残る可能性
コドラ_寝顔2_ふんばり寝.webp,コドラ/コドラ_寝顔2_ふんばり寝.webp,0305,コドラ,通常,2,ふんばり寝,IMG_1746.png,,加工済み・実装後確認,再生ボタン残り：身体の欠損とは別,"(151, 991, 462, 1249)",撮り直し候補,未照合,画像/コドラ/コドラ_寝顔2_ふんばり寝.webp,e1a38ad7651c62f8147d5025c655936e01d16ee64dba0a4b9adaf03db3d93b8e,0,152,0,寝顔中心・上下直線・左右16%曲線・枠外透過,520,一次一覧確認で確定なし（細部は実装後確認）,枠内に残る可能性
コドラ_寝顔3_てつたべ寝.webp,コドラ/コドラ_寝顔3_てつたべ寝.webp,0305,コドラ,通常,3,てつたべ寝,IMG_1746.png,,加工済み・実装後確認,再生ボタン残り：身体の欠損とは別,"(129, 1456, 485, 1702)",撮り直し候補,未照合,画像/コドラ/コドラ_寝顔3_てつたべ寝.webp,e1a38ad7651c62f8147d5025c655936e01d16ee64dba0a4b9adaf03db3d93b8e,0,774,0,寝顔中心・上下直線・左右16%曲線・枠外透過,521,一次一覧確認で確定なし（細部は実装後確認）,枠内に残る可能性
コドラ_寝顔4_おなかのうえ寝.webp,コドラ/コドラ_寝顔4_おなかのうえ寝.webp,0305,コドラ,通常,4,おなかのうえ寝,IMG_1746.png,カビゴンは元画像に見える範囲のみ。再生ボタンの重なり部分は補描なし。,加工済み・実装後確認,再生ボタン残り：身体の欠損とは別,"(95, 1896, 525, 2176)",構図要確認,未照合,画像/コドラ/コドラ_寝顔4_おなかのうえ寝.webp,e1a38ad7651c62f8147d5025c655936e01d16ee64dba0a4b9adaf03db3d93b8e,450,1768,0,寝顔中心・上下直線・左右16%曲線・枠外透過,522,一次一覧確認で確定なし（細部は実装後確認）,枠内に残る可能性
ボスゴドラ_寝顔1_おなかさすり寝.webp,ボスゴドラ/ボスゴドラ_寝顔1_おなかさすり寝.webp,0306,ボスゴドラ,通常,1,おなかさすり寝,IMG_1747.png,,加工済み・実装後確認,再生ボタン残り：身体の欠損とは別,"(148, 503, 483, 782)",撮り直し候補,未照合,画像/ボスゴドラ/ボスゴドラ_寝顔1_おなかさすり寝.webp,42d3384aad54b50553577789e740812f80ba08567228e5a709cd1604bba84ed6,0,914,0,寝顔中心・上下直線・左右16%曲線・枠外透過,523,一次一覧確認で確定なし（細部は実装後確認）,枠内に残る可能性
ボスゴドラ_寝顔2_におうだち寝.webp,ボスゴドラ/ボスゴドラ_寝顔2_におうだち寝.webp,0306,ボスゴドラ,通常,2,におうだち寝,IMG_1747.png,,加工済み・実装後確認,再生ボタン残り：身体の欠損とは別,"(161, 962, 492, 1236)",撮り直し候補,未照合,画像/ボスゴドラ/ボスゴドラ_寝顔2_におうだち寝.webp,42d3384aad54b50553577789e740812f80ba08567228e5a709cd1604bba84ed6,0,1204,0,寝顔中心・上下直線・左右16%曲線・枠外透過,524,一次一覧確認で確定なし（細部は実装後確認）,枠内に残る可能性
ボスゴドラ_寝顔3_てつたべ寝.webp,ボスゴドラ/ボスゴドラ_寝顔3_てつたべ寝.webp,0306,ボスゴドラ,通常,3,てつたべ寝,IMG_1747.png,,加工済み・実装後確認,再生ボタン残り：身体の欠損とは別,"(106, 1455, 510, 1666)",撮り直し候補,未照合,画像/ボスゴドラ/ボスゴドラ_寝顔3_てつたべ寝.webp,42d3384aad54b50553577789e740812f80ba08567228e5a709cd1604bba84ed6,0,1145,0,寝顔中心・上下直線・左右16%曲線・枠外透過,525,一次一覧確認で確定なし（細部は実装後確認）,枠内に残る可能性
ボスゴドラ_寝顔4_おなかのうえ寝.webp,ボスゴドラ/ボスゴドラ_寝顔4_おなかのうえ寝.webp,0306,ボスゴドラ,通常,4,おなかのうえ寝,IMG_1878.png,カビゴンは元画像に見える範囲のみ。再生ボタンの重なり部分は補描なし。,加工済み・実装後確認,,"(91, 571, 1089, 1357)",構図要確認,未照合,画像/ボスゴドラ/ボスゴドラ_寝顔4_おなかのうえ寝.webp,3716458a60c729b6dea7010470a39e98766ea8411dda80628fc04b1bef74d211,,0,0,寝顔中心・上下直線・左右16%曲線・枠外透過,526,一次一覧確認で確定なし（細部は実装後確認）,検出なし
プラスル_寝顔1_おだやか寝.webp,プラスル/プラスル_寝顔1_おだやか寝.webp,0311,プラスル,通常,1,おだやか寝,IMG_1748.png,,加工済み・実装後確認,,"(147, 535, 449, 737)",一次切り抜き,未照合,画像/プラスル/プラスル_寝顔1_おだやか寝.webp,d2ec5fd0c7014d7785a9db3cb1c5397e97c1b7a6a03cd5ff275fa86f400829a6,0,0,0,寝顔中心・上下直線・左右16%曲線・枠外透過,527,一次一覧確認で確定なし（細部は実装後確認）,検出なし
プラスル_寝顔2_こっくり寝.webp,プラスル/プラスル_寝顔2_こっくり寝.webp,0311,プラスル,通常,2,こっくり寝,IMG_1748.png,,加工済み・実装後確認,,"(150, 982, 433, 1223)",撮り直し候補,未照合,画像/プラスル/プラスル_寝顔2_こっくり寝.webp,d2ec5fd0c7014d7785a9db3cb1c5397e97c1b7a6a03cd5ff275fa86f400829a6,0,0,0,寝顔中心・上下直線・左右16%曲線・枠外透過,528,一次一覧確認で確定なし（細部は実装後確認）,検出なし
プラスル_寝顔3_ボンボンふり寝.webp,プラスル/プラスル_寝顔3_ボンボンふり寝.webp,0311,プラスル,通常,3,ボンボンふり寝,IMG_1748.png,,加工済み・実装後確認,,"(162, 1440, 463, 1666)",撮り直し候補,未照合,画像/プラスル/プラスル_寝顔3_ボンボンふり寝.webp,d2ec5fd0c7014d7785a9db3cb1c5397e97c1b7a6a03cd5ff275fa86f400829a6,0,38,0,寝顔中心・上下直線・左右16%曲線・枠外透過,529,一次一覧確認で確定なし（細部は実装後確認）,検出なし
プラスル_寝顔4_おなかのうえ寝.webp,プラスル/プラスル_寝顔4_おなかのうえ寝.webp,0311,プラスル,通常,4,おなかのうえ寝,IMG_1748.png,カビゴンは元画像に見える範囲のみ。再生ボタンの重なり部分は補描なし。,加工済み・実装後確認,再生ボタン残り：身体の欠損とは別,"(95, 1876, 499, 2156)",構図要確認,未照合,画像/プラスル/プラスル_寝顔4_おなかのうえ寝.webp,d2ec5fd0c7014d7785a9db3cb1c5397e97c1b7a6a03cd5ff275fa86f400829a6,1595,1377,0,寝顔中心・上下直線・左右16%曲線・枠外透過,530,一次一覧確認で確定なし（細部は実装後確認）,枠内に残る可能性
マイナン_寝顔1_おだやか寝.webp,マイナン/マイナン_寝顔1_おだやか寝.webp,0312,マイナン,通常,1,おだやか寝,IMG_1749.png,,加工済み・実装後確認,,"(140, 520, 433, 730)",一次切り抜き,未照合,画像/マイナン/マイナン_寝顔1_おだやか寝.webp,aef364ee6d5c87e5998d78725b3a68d00811ac089854084e604a12d857fb4c12,0,0,0,寝顔中心・上下直線・左右16%曲線・枠外透過,531,一次一覧確認で確定なし（細部は実装後確認）,検出なし
マイナン_寝顔2_こっくり寝.webp,マイナン/マイナン_寝顔2_こっくり寝.webp,0312,マイナン,通常,2,こっくり寝,IMG_1749.png,,加工済み・実装後確認,,"(148, 972, 433, 1213)",撮り直し候補,未照合,画像/マイナン/マイナン_寝顔2_こっくり寝.webp,aef364ee6d5c87e5998d78725b3a68d00811ac089854084e604a12d857fb4c12,0,0,0,寝顔中心・上下直線・左右16%曲線・枠外透過,532,一次一覧確認で確定なし（細部は実装後確認）,検出なし
マイナン_寝顔3_ボンボンふり寝.webp,マイナン/マイナン_寝顔3_ボンボンふり寝.webp,0312,マイナン,通常,3,ボンボンふり寝,IMG_1749.png,,加工済み・実装後確認,,"(162, 1430, 463, 1648)",撮り直し候補,未照合,画像/マイナン/マイナン_寝顔3_ボンボンふり寝.webp,aef364ee6d5c87e5998d78725b3a68d00811ac089854084e604a12d857fb4c12,0,9,0,寝顔中心・上下直線・左右16%曲線・枠外透過,533,一次一覧確認で確定なし（細部は実装後確認）,検出なし
マイナン_寝顔4_おなかのうえ寝.webp,マイナン/マイナン_寝顔4_おなかのうえ寝.webp,0312,マイナン,通常,4,おなかのうえ寝,IMG_1749.png,カビゴンは元画像に見える範囲のみ。再生ボタンの重なり部分は補描なし。,加工済み・実装後確認,再生ボタン残り：身体の欠損とは別,"(95, 1865, 508, 2145)",構図要確認,未照合,画像/マイナン/マイナン_寝顔4_おなかのうえ寝.webp,aef364ee6d5c87e5998d78725b3a68d00811ac089854084e604a12d857fb4c12,2171,1640,0,寝顔中心・上下直線・左右16%曲線・枠外透過,534,一次一覧確認で確定なし（細部は実装後確認）,枠内に残る可能性
ゴクリン_寝顔1_ふうせん寝.webp,ゴクリン/ゴクリン_寝顔1_ふうせん寝.webp,0316,ゴクリン,通常,1,ふうせん寝,IMG_1750.png,,加工済み・実装後確認,,"(191, 579, 425, 740)",一次切り抜き,未照合,画像/ゴクリン/ゴクリン_寝顔1_ふうせん寝.webp,7ac59ec7f8092163ddf7d3679db018ebed38589ff234fdbebbc30a25c1098566,0,0,0,寝顔中心・上下直線・左右16%曲線・枠外透過,535,一次一覧確認で確定なし（細部は実装後確認）,検出なし
ゴクリン_寝顔2_うなずき寝.webp,ゴクリン/ゴクリン_寝顔2_うなずき寝.webp,0316,ゴクリン,通常,2,うなずき寝,IMG_1750.png,,加工済み・実装後確認,,"(166, 1008, 429, 1228)",一次切り抜き,未照合,画像/ゴクリン/ゴクリン_寝顔2_うなずき寝.webp,7ac59ec7f8092163ddf7d3679db018ebed38589ff234fdbebbc30a25c1098566,0,0,0,寝顔中心・上下直線・左右16%曲線・枠外透過,536,一次一覧確認で確定なし（細部は実装後確認）,検出なし
ゴクリン_寝顔3_おおぐちあけ寝.webp,ゴクリン/ゴクリン_寝顔3_おおぐちあけ寝.webp,0316,ゴクリン,通常,3,おおぐちあけ寝,IMG_1750.png,,加工済み・実装後確認,,"(168, 1467, 424, 1681)",一次切り抜き,未照合,画像/ゴクリン/ゴクリン_寝顔3_おおぐちあけ寝.webp,7ac59ec7f8092163ddf7d3679db018ebed38589ff234fdbebbc30a25c1098566,0,0,0,寝顔中心・上下直線・左右16%曲線・枠外透過,537,一次一覧確認で確定なし（細部は実装後確認）,検出なし
ゴクリン_寝顔4_おなかのうえ寝.webp,ゴクリン/ゴクリン_寝顔4_おなかのうえ寝.webp,0316,ゴクリン,通常,4,おなかのうえ寝,IMG_1750.png,カビゴンは元画像に見える範囲のみ。再生ボタンの重なり部分は補描なし。,加工済み・実装後確認,,"(95, 1888, 433, 2167)",構図要確認,未照合,画像/ゴクリン/ゴクリン_寝顔4_おなかのうえ寝.webp,7ac59ec7f8092163ddf7d3679db018ebed38589ff234fdbebbc30a25c1098566,1762,0,0,寝顔中心・上下直線・左右16%曲線・枠外透過,538,一次一覧確認で確定なし（細部は実装後確認）,検出なし
マルノーム_寝顔1_のけぞり寝.webp,マルノーム/マルノーム_寝顔1_のけぞり寝.webp,0317,マルノーム,通常,1,のけぞり寝,IMG_1751.png,,加工済み・実装後確認,再生ボタン残り：身体の欠損とは別,"(95, 494, 525, 755)",撮り直し候補,未照合,画像/マルノーム/マルノーム_寝顔1_のけぞり寝.webp,5269396b83062d5281da0a12c1508f21eb9767d4a17225cc7acf6bac08c42c6c,126,1768,0,寝顔中心・上下直線・左右16%曲線・枠外透過,539,一次一覧確認で確定なし（細部は実装後確認）,枠内に残る可能性
マルノーム_寝顔2_うなずき寝.webp,マルノーム/マルノーム_寝顔2_うなずき寝.webp,0317,マルノーム,通常,2,うなずき寝,IMG_1751.png,,加工済み・実装後確認,再生ボタン残り：身体の欠損とは別,"(95, 944, 525, 1211)",撮り直し候補,未照合,画像/マルノーム/マルノーム_寝顔2_うなずき寝.webp,5269396b83062d5281da0a12c1508f21eb9767d4a17225cc7acf6bac08c42c6c,126,1768,0,寝顔中心・上下直線・左右16%曲線・枠外透過,540,一次一覧確認で確定なし（細部は実装後確認）,枠内に残る可能性
マルノーム_寝顔3_おおぐちあけ寝.webp,マルノーム/マルノーム_寝顔3_おおぐちあけ寝.webp,0317,マルノーム,通常,3,おおぐちあけ寝,IMG_1751.png,,加工済み・実装後確認,,"(153, 1401, 433, 1661)",撮り直し候補,未照合,画像/マルノーム/マルノーム_寝顔3_おおぐちあけ寝.webp,5269396b83062d5281da0a12c1508f21eb9767d4a17225cc7acf6bac08c42c6c,0,0,0,寝顔中心・上下直線・左右16%曲線・枠外透過,541,一次一覧確認で確定なし（細部は実装後確認）,検出なし
マルノーム_寝顔4_おなかのうえ寝.webp,マルノーム/マルノーム_寝顔4_おなかのうえ寝.webp,0317,マルノーム,通常,4,おなかのうえ寝,IMG_1751.png,カビゴンは元画像に見える範囲のみ。再生ボタンの重なり部分は補描なし。,加工済み・実装後確認,再生ボタン残り：身体の欠損とは別,"(129, 1845, 487, 2125)",構図要確認,未照合,画像/マルノーム/マルノーム_寝顔4_おなかのうえ寝.webp,5269396b83062d5281da0a12c1508f21eb9767d4a17225cc7acf6bac08c42c6c,167,1021,0,寝顔中心・上下直線・左右16%曲線・枠外透過,542,一次一覧確認で確定なし（細部は実装後確認）,枠内に残る可能性
ナックラー_寝顔1_ぺったり寝.webp,ナックラー/ナックラー_寝顔1_ぺったり寝.webp,0328,ナックラー,通常,1,ぺったり寝,IMG_1752.png,,加工済み・実装後確認,,"(147, 519, 465, 709)",一次切り抜き,未照合,画像/ナックラー/ナックラー_寝顔1_ぺったり寝.webp,7693b20d12bcfbed225ee83eec9176bb802c7d5cd2e03fe62e15f43367817248,0,0,0,寝顔中心・上下直線・左右16%曲線・枠外透過,543,一次一覧確認で確定なし（細部は実装後確認）,検出なし
ナックラー_寝顔2_ストレッチ寝.webp,ナックラー/ナックラー_寝顔2_ストレッチ寝.webp,0328,ナックラー,通常,2,ストレッチ寝,IMG_1752.png,,加工済み・実装後確認,,"(153, 963, 453, 1175)",一次切り抜き,未照合,画像/ナックラー/ナックラー_寝顔2_ストレッチ寝.webp,7693b20d12bcfbed225ee83eec9176bb802c7d5cd2e03fe62e15f43367817248,0,0,0,寝顔中心・上下直線・左右16%曲線・枠外透過,544,一次一覧確認で確定なし（細部は実装後確認）,検出なし
ナックラー_寝顔3_もぐり寝.webp,ナックラー/ナックラー_寝顔3_もぐり寝.webp,0328,ナックラー,通常,3,もぐり寝,IMG_1752.png,,加工済み・実装後確認,,"(161, 1411, 433, 1638)",一次切り抜き,未照合,画像/ナックラー/ナックラー_寝顔3_もぐり寝.webp,7693b20d12bcfbed225ee83eec9176bb802c7d5cd2e03fe62e15f43367817248,0,0,0,寝顔中心・上下直線・左右16%曲線・枠外透過,545,一次一覧確認で確定なし（細部は実装後確認）,検出なし
ナックラー_寝顔4_おなかのうえ寝.webp,ナックラー/ナックラー_寝顔4_おなかのうえ寝.webp,0328,ナックラー,通常,4,おなかのうえ寝,IMG_1752.png,カビゴンは元画像に見える範囲のみ。再生ボタンの重なり部分は補描なし。,加工済み・実装後確認,再生ボタン残り：身体の欠損とは別,"(95, 1848, 525, 2127)",構図要確認,未照合,画像/ナックラー/ナックラー_寝顔4_おなかのうえ寝.webp,7693b20d12bcfbed225ee83eec9176bb802c7d5cd2e03fe62e15f43367817248,571,1768,0,寝顔中心・上下直線・左右16%曲線・枠外透過,546,一次一覧確認で確定なし（細部は実装後確認）,枠内に残る可能性
ビブラーバ_寝顔1_はねやすめ寝.webp,ビブラーバ/ビブラーバ_寝顔1_はねやすめ寝.webp,0329,ビブラーバ,通常,1,はねやすめ寝,IMG_1753.jpeg,,加工済み・実装後確認,再生ボタン残り：身体の欠損とは別,"(57, 302, 316, 470)",撮り直し候補,未照合,画像/ビブラーバ/ビブラーバ_寝顔1_はねやすめ寝.webp,8d3b7e94441c6cb582f7d6fb2cfab2cb42af95de003d7a4881e3249f95f62c17,2151,1768,0,寝顔中心・上下直線・左右16%曲線・枠外透過,547,枠端を目視確認済み：草・影。主役の欠損候補から除外,枠内に残る可能性
ビブラーバ_寝顔2_ホバリング寝.webp,ビブラーバ/ビブラーバ_寝顔2_ホバリング寝.webp,0329,ビブラーバ,通常,2,ホバリング寝,IMG_1753.jpeg,,加工済み・実装後確認,再生ボタン残り：身体の欠損とは別,"(57, 576, 316, 744)",撮り直し候補,未照合,画像/ビブラーバ/ビブラーバ_寝顔2_ホバリング寝.webp,8d3b7e94441c6cb582f7d6fb2cfab2cb42af95de003d7a4881e3249f95f62c17,2096,1768,0,寝顔中心・上下直線・左右16%曲線・枠外透過,548,枠端を目視確認済み：草・影。主役の欠損候補から除外,枠内に残る可能性
ビブラーバ_寝顔3_はねこすり寝.webp,ビブラーバ/ビブラーバ_寝顔3_はねこすり寝.webp,0329,ビブラーバ,通常,3,はねこすり寝,IMG_1753.jpeg,,加工済み・実装後確認,再生ボタン残り：身体の欠損とは別,"(57, 851, 316, 1019)",撮り直し候補,未照合,画像/ビブラーバ/ビブラーバ_寝顔3_はねこすり寝.webp,8d3b7e94441c6cb582f7d6fb2cfab2cb42af95de003d7a4881e3249f95f62c17,2140,1768,0,寝顔中心・上下直線・左右16%曲線・枠外透過,549,枠端を目視確認済み：草・影。主役の欠損候補から除外,枠内に残る可能性
フライゴン_寝顔1_まるまり寝.webp,フライゴン/フライゴン_寝顔1_まるまり寝.webp,0330,フライゴン,通常,1,まるまり寝,IMG_1754.png,,加工済み・実装後確認,,"(151, 490, 462, 712)",撮り直し候補,未照合,画像/フライゴン/フライゴン_寝顔1_まるまり寝.webp,bed388fd974581d679569ddf50d6ff4fc8d5a6ac6d6ed9f3875a644b0d995fac,0,20,0,寝顔中心・上下直線・左右16%曲線・枠外透過,550,一次一覧確認で確定なし（細部は実装後確認）,検出なし
フライゴン_寝顔2_はばたき寝.webp,フライゴン/フライゴン_寝顔2_はばたき寝.webp,0330,フライゴン,通常,2,はばたき寝,IMG_1754.png,,加工済み・実装後確認,,"(143, 923, 455, 1149)",撮り直し候補,未照合,画像/フライゴン/フライゴン_寝顔2_はばたき寝.webp,bed388fd974581d679569ddf50d6ff4fc8d5a6ac6d6ed9f3875a644b0d995fac,0,0,0,寝顔中心・上下直線・左右16%曲線・枠外透過,551,一次一覧確認で確定なし（細部は実装後確認）,検出なし
フライゴン_寝顔3_おなかだし寝.webp,フライゴン/フライゴン_寝顔3_おなかだし寝.webp,0330,フライゴン,通常,3,おなかだし寝,IMG_1754.png,,加工済み・実装後確認,再生ボタン残り：身体の欠損とは別,"(95, 1384, 525, 1659)",撮り直し候補,未照合,画像/フライゴン/フライゴン_寝顔3_おなかだし寝.webp,bed388fd974581d679569ddf50d6ff4fc8d5a6ac6d6ed9f3875a644b0d995fac,128,1768,0,寝顔中心・上下直線・左右16%曲線・枠外透過,552,一次一覧確認で確定なし（細部は実装後確認）,枠内に残る可能性
チルット_寝顔1_はねやすめ寝.webp,チルット/チルット_寝顔1_はねやすめ寝.webp,0333,チルット,通常,1,はねやすめ寝,IMG_1755.jpeg,,加工済み・実装後確認,,"(113, 329, 260, 438)",一次切り抜き,未照合,画像/チルット/チルット_寝顔1_はねやすめ寝.webp,3add4d274363ac6f07f5a16e4421732b8df452006632a1ad71821689487fc59d,0,0,0,寝顔中心・上下直線・左右16%曲線・枠外透過,553,一次一覧確認で確定なし（細部は実装後確認）,検出なし
チルット_寝顔2_ぱたぱた寝.webp,チルット/チルット_寝顔2_ぱたぱた寝.webp,0333,チルット,通常,2,ぱたぱた寝,IMG_1755.jpeg,,加工済み・実装後確認,,"(110, 603, 260, 720)",一次切り抜き,未照合,画像/チルット/チルット_寝顔2_ぱたぱた寝.webp,3add4d274363ac6f07f5a16e4421732b8df452006632a1ad71821689487fc59d,0,0,0,寝顔中心・上下直線・左右16%曲線・枠外透過,554,一次一覧確認で確定なし（細部は実装後確認）,検出なし
チルット_寝顔3_わたぐも寝.webp,チルット/チルット_寝顔3_わたぐも寝.webp,0333,チルット,通常,3,わたぐも寝,IMG_1755.jpeg,,加工済み・実装後確認,,"(105, 865, 260, 999)",一次切り抜き,未照合,画像/チルット/チルット_寝顔3_わたぐも寝.webp,3add4d274363ac6f07f5a16e4421732b8df452006632a1ad71821689487fc59d,0,0,0,寝顔中心・上下直線・左右16%曲線・枠外透過,555,一次一覧確認で確定なし（細部は実装後確認）,検出なし
チルット_寝顔4_おなかのうえ寝.webp,チルット/チルット_寝顔4_おなかのうえ寝.webp,0333,チルット,通常,4,おなかのうえ寝,IMG_1755.jpeg,カビゴンは元画像に見える範囲のみ。再生ボタンの重なり部分は補描なし。,加工済み・実装後確認,再生ボタン残り：身体の欠損とは別,"(57, 1123, 316, 1291)",構図要確認,未照合,画像/チルット/チルット_寝顔4_おなかのうえ寝.webp,3add4d274363ac6f07f5a16e4421732b8df452006632a1ad71821689487fc59d,0,1768,0,寝顔中心・上下直線・左右16%曲線・枠外透過,556,一次一覧確認で確定なし（細部は実装後確認）,枠内に残る可能性
チルタリス_寝顔1_はねうまり寝.webp,チルタリス/チルタリス_寝顔1_はねうまり寝.webp,0334,チルタリス,通常,1,はねうまり寝,IMG_1756.jpeg,,加工済み・実装後確認,,"(86, 309, 275, 431)",撮り直し候補,未照合,画像/チルタリス/チルタリス_寝顔1_はねうまり寝.webp,3de31575763621dbcc109ba426bb77950264474801c0c77e14ef1a18522cde1c,0,11,0,寝顔中心・上下直線・左右16%曲線・枠外透過,557,一次一覧確認で確定なし（細部は実装後確認）,検出なし
チルタリス_寝顔2_はねやすめ寝.webp,チルタリス/チルタリス_寝顔2_はねやすめ寝.webp,0334,チルタリス,通常,2,はねやすめ寝,IMG_1756.jpeg,,加工済み・実装後確認,再生ボタン残り：身体の欠損とは別,"(92, 565, 279, 721)",撮り直し候補,未照合,画像/チルタリス/チルタリス_寝顔2_はねやすめ寝.webp,3de31575763621dbcc109ba426bb77950264474801c0c77e14ef1a18522cde1c,0,299,0,寝顔中心・上下直線・左右16%曲線・枠外透過,558,一次一覧確認で確定なし（細部は実装後確認）,枠内に残る可能性
チルタリス_寝顔3_わたぐも寝.webp,チルタリス/チルタリス_寝顔3_わたぐも寝.webp,0334,チルタリス,通常,3,わたぐも寝,IMG_1756.jpeg,,加工済み・実装後確認,,"(97, 843, 275, 990)",撮り直し候補,未照合,画像/チルタリス/チルタリス_寝顔3_わたぐも寝.webp,3de31575763621dbcc109ba426bb77950264474801c0c77e14ef1a18522cde1c,0,61,0,寝顔中心・上下直線・左右16%曲線・枠外透過,559,一次一覧確認で確定なし（細部は実装後確認）,検出なし
チルタリス_寝顔4_おなかのうえ寝.webp,チルタリス/チルタリス_寝顔4_おなかのうえ寝.webp,0334,チルタリス,通常,4,おなかのうえ寝,IMG_1756.jpeg,カビゴンは元画像に見える範囲のみ。再生ボタンの重なり部分は補描なし。,加工済み・実装後確認,再生ボタン残り：身体の欠損とは別,"(57, 1104, 316, 1272)",構図要確認,未照合,画像/チルタリス/チルタリス_寝顔4_おなかのうえ寝.webp,3de31575763621dbcc109ba426bb77950264474801c0c77e14ef1a18522cde1c,707,1768,0,寝顔中心・上下直線・左右16%曲線・枠外透過,560,一次一覧確認で確定なし（細部は実装後確認）,枠内に残る可能性
カゲボウズ_寝顔1_ねがえりふゆう寝.webp,カゲボウズ/カゲボウズ_寝顔1_ねがえりふゆう寝.webp,0353,カゲボウズ,通常,1,ねがえりふゆう寝,IMG_1757.png,,加工済み・実装後確認,,"(177, 747, 433, 919)",一次切り抜き,未照合,画像/カゲボウズ/カゲボウズ_寝顔1_ねがえりふゆう寝.webp,110d00e2b05a9f83cf2e0e5c5f38fb9990dfc9db0e0494b07ae5d830893a986a,0,0,0,寝顔中心・上下直線・左右16%曲線・枠外透過,561,一次一覧確認で確定なし（細部は実装後確認）,検出なし
カゲボウズ_寝顔2_こっくりふゆう寝.webp,カゲボウズ/カゲボウズ_寝顔2_こっくりふゆう寝.webp,0353,カゲボウズ,通常,2,こっくりふゆう寝,IMG_1757.png,,加工済み・実装後確認,,"(163, 1185, 433, 1419)",一次切り抜き,未照合,画像/カゲボウズ/カゲボウズ_寝顔2_こっくりふゆう寝.webp,110d00e2b05a9f83cf2e0e5c5f38fb9990dfc9db0e0494b07ae5d830893a986a,0,0,0,寝顔中心・上下直線・左右16%曲線・枠外透過,562,一次一覧確認で確定なし（細部は実装後確認）,検出なし
カゲボウズ_寝顔3_さかさふゆう寝.webp,カゲボウズ/カゲボウズ_寝顔3_さかさふゆう寝.webp,0353,カゲボウズ,通常,3,さかさふゆう寝,IMG_1757.png,,加工済み・実装後確認,,"(158, 1633, 433, 1873)",一次切り抜き,未照合,画像/カゲボウズ/カゲボウズ_寝顔3_さかさふゆう寝.webp,110d00e2b05a9f83cf2e0e5c5f38fb9990dfc9db0e0494b07ae5d830893a986a,0,0,0,寝顔中心・上下直線・左右16%曲線・枠外透過,563,一次一覧確認で確定なし（細部は実装後確認）,検出なし
ジュペッタ_寝顔1_くびひねり寝.webp,ジュペッタ/ジュペッタ_寝顔1_くびひねり寝.webp,0354,ジュペッタ,通常,1,くびひねり寝,IMG_1758.png,,加工済み・実装後確認,,"(147, 469, 433, 732)",撮り直し候補,未照合,画像/ジュペッタ/ジュペッタ_寝顔1_くびひねり寝.webp,9c9a108d321d786f3f3216905ee65416e67cfb7713fbedbb299989c94eb7943a,0,0,0,寝顔中心・上下直線・左右16%曲線・枠外透過,564,一次一覧確認で確定なし（細部は実装後確認）,検出なし
ジュペッタ_寝顔2_うでふり寝.webp,ジュペッタ/ジュペッタ_寝顔2_うでふり寝.webp,0354,ジュペッタ,通常,2,うでふり寝,IMG_1758.png,,加工済み・実装後確認,,"(147, 922, 433, 1186)",撮り直し候補,未照合,画像/ジュペッタ/ジュペッタ_寝顔2_うでふり寝.webp,9c9a108d321d786f3f3216905ee65416e67cfb7713fbedbb299989c94eb7943a,0,0,0,寝顔中心・上下直線・左右16%曲線・枠外透過,565,一次一覧確認で確定なし（細部は実装後確認）,検出なし
ジュペッタ_寝顔3_おおわらい寝.webp,ジュペッタ/ジュペッタ_寝顔3_おおわらい寝.webp,0354,ジュペッタ,通常,3,おおわらい寝,IMG_1758.png,,加工済み・実装後確認,,"(153, 1406, 457, 1627)",撮り直し候補,未照合,画像/ジュペッタ/ジュペッタ_寝顔3_おおわらい寝.webp,9c9a108d321d786f3f3216905ee65416e67cfb7713fbedbb299989c94eb7943a,0,1,0,寝顔中心・上下直線・左右16%曲線・枠外透過,566,一次一覧確認で確定なし（細部は実装後確認）,検出なし
ジュペッタ_寝顔4_おなかのうえ寝.webp,ジュペッタ/ジュペッタ_寝顔4_おなかのうえ寝.webp,0354,ジュペッタ,通常,4,おなかのうえ寝,IMG_1758.png,カビゴンは元画像に見える範囲のみ。再生ボタンの重なり部分は補描なし。,加工済み・実装後確認,再生ボタン残り：身体の欠損とは別,"(95, 1836, 525, 2116)",構図要確認,未照合,画像/ジュペッタ/ジュペッタ_寝顔4_おなかのうえ寝.webp,9c9a108d321d786f3f3216905ee65416e67cfb7713fbedbb299989c94eb7943a,3749,1768,0,寝顔中心・上下直線・左右16%曲線・枠外透過,567,一次一覧確認で確定なし（細部は実装後確認）,枠内に残る可能性
アブソル_寝顔1_こうばこすわり寝.webp,アブソル/アブソル_寝顔1_こうばこすわり寝.webp,0359,アブソル,通常,1,こうばこすわり寝,IMG_1759.png,,加工済み・実装後確認,再生ボタン残り：身体の欠損とは別,"(168, 482, 462, 719)",撮り直し候補,未照合,画像/アブソル/アブソル_寝顔1_こうばこすわり寝.webp,5bd0bdce9f62f206b7a61ec31e2941696a1f0ec7e79f5e16684c870a3be9c3b5,0,104,0,寝顔中心・上下直線・左右16%曲線・枠外透過,568,一次一覧確認で確定なし（細部は実装後確認）,枠内に残る可能性
アブソル_寝顔2_きけんさっち寝.webp,アブソル/アブソル_寝顔2_きけんさっち寝.webp,0359,アブソル,通常,2,きけんさっち寝,IMG_1759.png,,加工済み・実装後確認,再生ボタン残り：身体の欠損とは別,"(155, 936, 467, 1196)",撮り直し候補,未照合,画像/アブソル/アブソル_寝顔2_きけんさっち寝.webp,5bd0bdce9f62f206b7a61ec31e2941696a1f0ec7e79f5e16684c870a3be9c3b5,0,422,0,寝顔中心・上下直線・左右16%曲線・枠外透過,569,一次一覧確認で確定なし（細部は実装後確認）,枠内に残る可能性
アブソル_寝顔3_へそてん寝.webp,アブソル/アブソル_寝顔3_へそてん寝.webp,0359,アブソル,通常,3,へそてん寝,IMG_1759.png,,加工済み・実装後確認,再生ボタン残り：身体の欠損とは別,"(132, 1427, 480, 1619)",撮り直し候補,未照合,画像/アブソル/アブソル_寝顔3_へそてん寝.webp,5bd0bdce9f62f206b7a61ec31e2941696a1f0ec7e79f5e16684c870a3be9c3b5,0,291,0,寝顔中心・上下直線・左右16%曲線・枠外透過,570,一次一覧確認で確定なし（細部は実装後確認）,枠内に残る可能性
アブソル_寝顔4_おなかのうえ寝.webp,アブソル/アブソル_寝顔4_おなかのうえ寝.webp,0359,アブソル,通常,4,おなかのうえ寝,IMG_1759.png,カビゴンは元画像に見える範囲のみ。再生ボタンの重なり部分は補描なし。,加工済み・実装後確認,再生ボタン残り：身体の欠損とは別,"(145, 1839, 490, 2111)",構図要確認,未照合,画像/アブソル/アブソル_寝顔4_おなかのうえ寝.webp,5bd0bdce9f62f206b7a61ec31e2941696a1f0ec7e79f5e16684c870a3be9c3b5,946,1155,0,寝顔中心・上下直線・左右16%曲線・枠外透過,571,一次一覧確認で確定なし（細部は実装後確認）,枠内に残る可能性
ソーナノ_寝顔1_しっぽもどし寝.webp,ソーナノ/ソーナノ_寝顔1_しっぽもどし寝.webp,0360,ソーナノ,通常,1,しっぽもどし寝,IMG_1760.png,,加工済み・実装後確認,,"(181, 555, 433, 775)",一次切り抜き,未照合,画像/ソーナノ/ソーナノ_寝顔1_しっぽもどし寝.webp,31d26a03048eb7e6822cd959fd5d96a342e8c68b825a2a9831de3f13d589500a,0,0,0,寝顔中心・上下直線・左右16%曲線・枠外透過,572,一次一覧確認で確定なし（細部は実装後確認）,検出なし
ソーナノ_寝顔2_がまん寝.webp,ソーナノ/ソーナノ_寝顔2_がまん寝.webp,0360,ソーナノ,通常,2,がまん寝,IMG_1760.png,,加工済み・実装後確認,,"(175, 1008, 433, 1235)",一次切り抜き,未照合,画像/ソーナノ/ソーナノ_寝顔2_がまん寝.webp,31d26a03048eb7e6822cd959fd5d96a342e8c68b825a2a9831de3f13d589500a,0,0,0,寝顔中心・上下直線・左右16%曲線・枠外透過,573,一次一覧確認で確定なし（細部は実装後確認）,検出なし
ソーナノ_寝顔3_きめポーズ寝.webp,ソーナノ/ソーナノ_寝顔3_きめポーズ寝.webp,0360,ソーナノ,通常,3,きめポーズ寝,IMG_1760.png,,加工済み・実装後確認,,"(158, 1493, 462, 1669)",撮り直し候補,未照合,画像/ソーナノ/ソーナノ_寝顔3_きめポーズ寝.webp,31d26a03048eb7e6822cd959fd5d96a342e8c68b825a2a9831de3f13d589500a,0,0,0,寝顔中心・上下直線・左右16%曲線・枠外透過,574,一次一覧確認で確定なし（細部は実装後確認）,検出なし
ソーナノ_寝顔4_おなかのうえ寝.webp,ソーナノ/ソーナノ_寝顔4_おなかのうえ寝.webp,0360,ソーナノ,通常,4,おなかのうえ寝,IMG_1760.png,カビゴンは元画像に見える範囲のみ。再生ボタンの重なり部分は補描なし。,加工済み・実装後確認,再生ボタン残り：身体の欠損とは別,"(95, 1895, 525, 2175)",構図要確認,未照合,画像/ソーナノ/ソーナノ_寝顔4_おなかのうえ寝.webp,31d26a03048eb7e6822cd959fd5d96a342e8c68b825a2a9831de3f13d589500a,1854,1768,0,寝顔中心・上下直線・左右16%曲線・枠外透過,575,一次一覧確認で確定なし（細部は実装後確認）,枠内に残る可能性
タマザラシ_寝顔1_こてん寝.webp,タマザラシ/タマザラシ_寝顔1_こてん寝.webp,0363,タマザラシ,通常,1,こてん寝,IMG_1761.png,,加工済み・実装後確認,,"(181, 585, 433, 796)",一次切り抜き,未照合,画像/タマザラシ/タマザラシ_寝顔1_こてん寝.webp,744bcd7d04905e92632cfe54218f60058daf1b7822fb959d32cfdfae345e4f9a,0,0,0,寝顔中心・上下直線・左右16%曲線・枠外透過,576,一次一覧確認で確定なし（細部は実装後確認）,検出なし
タマザラシ_寝顔2_おおあくび寝.webp,タマザラシ/タマザラシ_寝顔2_おおあくび寝.webp,0363,タマザラシ,通常,2,おおあくび寝,IMG_1761.png,,加工済み・実装後確認,,"(183, 1038, 433, 1258)",一次切り抜き,未照合,画像/タマザラシ/タマザラシ_寝顔2_おおあくび寝.webp,744bcd7d04905e92632cfe54218f60058daf1b7822fb959d32cfdfae345e4f9a,0,0,0,寝顔中心・上下直線・左右16%曲線・枠外透過,577,一次一覧確認で確定なし（細部は実装後確認）,検出なし
タマザラシ_寝顔3_てたたき寝.webp,タマザラシ/タマザラシ_寝顔3_てたたき寝.webp,0363,タマザラシ,通常,3,てたたき寝,IMG_1761.png,,加工済み・実装後確認,,"(183, 1498, 433, 1719)",一次切り抜き,未照合,画像/タマザラシ/タマザラシ_寝顔3_てたたき寝.webp,744bcd7d04905e92632cfe54218f60058daf1b7822fb959d32cfdfae345e4f9a,0,0,0,寝顔中心・上下直線・左右16%曲線・枠外透過,578,一次一覧確認で確定なし（細部は実装後確認）,検出なし
タマザラシ_寝顔4_おなかのうえ寝.webp,タマザラシ/タマザラシ_寝顔4_おなかのうえ寝.webp,0363,タマザラシ,通常,4,おなかのうえ寝,IMG_1761.png,カビゴンは元画像に見える範囲のみ。再生ボタンの重なり部分は補描なし。,加工済み・実装後確認,再生ボタン残り：身体の欠損とは別,"(133, 1919, 483, 2198)",構図要確認,未照合,画像/タマザラシ/タマザラシ_寝顔4_おなかのうえ寝.webp,744bcd7d04905e92632cfe54218f60058daf1b7822fb959d32cfdfae345e4f9a,64,889,0,寝顔中心・上下直線・左右16%曲線・枠外透過,579,一次一覧確認で確定なし（細部は実装後確認）,枠内に残る可能性
トドグラー_寝顔1_あしトントン寝.webp,トドグラー/トドグラー_寝顔1_あしトントン寝.webp,0364,トドグラー,通常,1,あしトントン寝,IMG_1762.png,,加工済み・実装後確認,再生ボタン残り：身体の欠損とは別,"(151, 519, 473, 741)",撮り直し候補,未照合,画像/トドグラー/トドグラー_寝顔1_あしトントン寝.webp,65573e9531ca409d1d26b4d5bcbd801f10d2736be4d430428d2e4f0f0093e46d,0,310,0,寝顔中心・上下直線・左右16%曲線・枠外透過,580,一次一覧確認で確定なし（細部は実装後確認）,枠内に残る可能性
トドグラー_寝顔2_おおあくび寝.webp,トドグラー/トドグラー_寝顔2_おおあくび寝.webp,0364,トドグラー,通常,2,おおあくび寝,IMG_1762.png,,加工済み・実装後確認,再生ボタン残り：身体の欠損とは別,"(150, 983, 477, 1193)",撮り直し候補,未照合,画像/トドグラー/トドグラー_寝顔2_おおあくび寝.webp,65573e9531ca409d1d26b4d5bcbd801f10d2736be4d430428d2e4f0f0093e46d,0,320,0,寝顔中心・上下直線・左右16%曲線・枠外透過,581,一次一覧確認で確定なし（細部は実装後確認）,枠内に残る可能性
トドグラー_寝顔3_ひっくりかえり寝.webp,トドグラー/トドグラー_寝顔3_ひっくりかえり寝.webp,0364,トドグラー,通常,3,ひっくりかえり寝,IMG_1762.png,,加工済み・実装後確認,再生ボタン残り：身体の欠損とは別,"(141, 1445, 482, 1651)",撮り直し候補,未照合,画像/トドグラー/トドグラー_寝顔3_ひっくりかえり寝.webp,65573e9531ca409d1d26b4d5bcbd801f10d2736be4d430428d2e4f0f0093e46d,0,469,0,寝顔中心・上下直線・左右16%曲線・枠外透過,582,一次一覧確認で確定なし（細部は実装後確認）,枠内に残る可能性
トドグラー_寝顔4_おなかのうえ寝.webp,トドグラー/トドグラー_寝顔4_おなかのうえ寝.webp,0364,トドグラー,通常,4,おなかのうえ寝,IMG_1762.png,カビゴンは元画像に見える範囲のみ。再生ボタンの重なり部分は補描なし。,加工済み・実装後確認,再生ボタン残り：身体の欠損とは別,"(127, 1858, 493, 2137)",構図要確認,未照合,画像/トドグラー/トドグラー_寝顔4_おなかのうえ寝.webp,65573e9531ca409d1d26b4d5bcbd801f10d2736be4d430428d2e4f0f0093e46d,1469,1208,0,寝顔中心・上下直線・左右16%曲線・枠外透過,583,一次一覧確認で確定なし（細部は実装後確認）,枠内に残る可能性
トドゼルガ_寝顔1_ぐうたら寝.webp,トドゼルガ/トドゼルガ_寝顔1_ぐうたら寝.webp,0365,トドゼルガ,通常,1,ぐうたら寝,IMG_1763.png,,加工済み・実装後確認,,"(152, 518, 464, 705)",撮り直し候補,未照合,画像/トドゼルガ/トドゼルガ_寝顔1_ぐうたら寝.webp,5ff541e176519e9627c8a18cbc86e74a8f020e6fb00f963117c3f83674f56ba3,0,43,0,寝顔中心・上下直線・左右16%曲線・枠外透過,584,一次一覧確認で確定なし（細部は実装後確認）,検出なし
トドゼルガ_寝顔2_かんろく寝.webp,トドゼルガ/トドゼルガ_寝顔2_かんろく寝.webp,0365,トドゼルガ,通常,2,かんろく寝,IMG_1763.png,,加工済み・実装後確認,再生ボタン残り：身体の欠損とは別,"(95, 947, 525, 1199)",撮り直し候補,未照合,画像/トドゼルガ/トドゼルガ_寝顔2_かんろく寝.webp,5ff541e176519e9627c8a18cbc86e74a8f020e6fb00f963117c3f83674f56ba3,126,1768,0,寝顔中心・上下直線・左右16%曲線・枠外透過,585,一次一覧確認で確定なし（細部は実装後確認）,枠内に残る可能性
トドゼルガ_寝顔3_キバささり寝.webp,トドゼルガ/トドゼルガ_寝顔3_キバささり寝.webp,0365,トドゼルガ,通常,3,キバささり寝,IMG_1763.png,,加工済み・実装後確認,再生ボタン残り：身体の欠損とは別,"(153, 1419, 469, 1631)",撮り直し候補,未照合,画像/トドゼルガ/トドゼルガ_寝顔3_キバささり寝.webp,5ff541e176519e9627c8a18cbc86e74a8f020e6fb00f963117c3f83674f56ba3,0,234,0,寝顔中心・上下直線・左右16%曲線・枠外透過,586,一次一覧確認で確定なし（細部は実装後確認）,枠内に残る可能性
トドゼルガ_寝顔4_おなかのうえ寝.webp,トドゼルガ/トドゼルガ_寝顔4_おなかのうえ寝.webp,0365,トドゼルガ,通常,4,おなかのうえ寝,IMG_1763.png,カビゴンは元画像に見える範囲のみ。再生ボタンの重なり部分は補描なし。,加工済み・実装後確認,再生ボタン残り：身体の欠損とは別,"(141, 1833, 525, 2112)",構図要確認,未照合,画像/トドゼルガ/トドゼルガ_寝顔4_おなかのうえ寝.webp,5ff541e176519e9627c8a18cbc86e74a8f020e6fb00f963117c3f83674f56ba3,72,1768,0,寝顔中心・上下直線・左右16%曲線・枠外透過,587,一次一覧確認で確定なし（細部は実装後確認）,枠内に残る可能性
タツベイ_寝顔1_そらとびたい寝.webp,タツベイ/タツベイ_寝顔1_そらとびたい寝.webp,0371,タツベイ,通常,1,そらとびたい寝,IMG_1764.png,,加工済み・実装後確認,,"(143, 526, 433, 759)",一次切り抜き,未照合,画像/タツベイ/タツベイ_寝顔1_そらとびたい寝.webp,8aeb6f3f7860d051aebd36b587e4f72d7b649da963539087fd8fa02fa8017bad,0,0,0,寝顔中心・上下直線・左右16%曲線・枠外透過,588,一次一覧確認で確定なし（細部は実装後確認）,検出なし
タツベイ_寝顔2_おおあくび寝.webp,タツベイ/タツベイ_寝顔2_おおあくび寝.webp,0371,タツベイ,通常,2,おおあくび寝,IMG_1764.png,,加工済み・実装後確認,,"(161, 979, 433, 1218)",一次切り抜き,未照合,画像/タツベイ/タツベイ_寝顔2_おおあくび寝.webp,8aeb6f3f7860d051aebd36b587e4f72d7b649da963539087fd8fa02fa8017bad,0,0,0,寝顔中心・上下直線・左右16%曲線・枠外透過,589,一次一覧確認で確定なし（細部は実装後確認）,検出なし
タツベイ_寝顔3_おちたまま寝.webp,タツベイ/タツベイ_寝顔3_おちたまま寝.webp,0371,タツベイ,通常,3,おちたまま寝,IMG_1764.png,,加工済み・実装後確認,,"(155, 1432, 433, 1684)",撮り直し候補,未照合,画像/タツベイ/タツベイ_寝顔3_おちたまま寝.webp,8aeb6f3f7860d051aebd36b587e4f72d7b649da963539087fd8fa02fa8017bad,0,0,0,寝顔中心・上下直線・左右16%曲線・枠外透過,590,一次一覧確認で確定なし（細部は実装後確認）,検出なし
タツベイ_寝顔4_おなかのうえ寝.webp,タツベイ/タツベイ_寝顔4_おなかのうえ寝.webp,0371,タツベイ,通常,4,おなかのうえ寝,IMG_1764.png,カビゴンは元画像に見える範囲のみ。再生ボタンの重なり部分は補描なし。,加工済み・実装後確認,再生ボタン残り：身体の欠損とは別,"(95, 1875, 525, 2155)",構図要確認,未照合,画像/タツベイ/タツベイ_寝顔4_おなかのうえ寝.webp,8aeb6f3f7860d051aebd36b587e4f72d7b649da963539087fd8fa02fa8017bad,3609,1768,0,寝顔中心・上下直線・左右16%曲線・枠外透過,591,一次一覧確認で確定なし（細部は実装後確認）,枠内に残る可能性
コモルー_寝顔1_そらとびたい寝.webp,コモルー/コモルー_寝顔1_そらとびたい寝.webp,0372,コモルー,通常,1,そらとびたい寝,IMG_1765.png,,加工済み・実装後確認,,"(150, 472, 433, 717)",撮り直し候補,未照合,画像/コモルー/コモルー_寝顔1_そらとびたい寝.webp,c126311663bca34f8dffd77b79461f5d8f3995fa95419ff8d95804579e2079a5,0,0,0,寝顔中心・上下直線・左右16%曲線・枠外透過,592,一次一覧確認で確定なし（細部は実装後確認）,検出なし
コモルー_寝顔2_のび寝.webp,コモルー/コモルー_寝顔2_のび寝.webp,0372,コモルー,通常,2,のび寝,IMG_1765.png,,加工済み・実装後確認,,"(147, 928, 433, 1175)",撮り直し候補,未照合,画像/コモルー/コモルー_寝顔2_のび寝.webp,c126311663bca34f8dffd77b79461f5d8f3995fa95419ff8d95804579e2079a5,0,0,0,寝顔中心・上下直線・左右16%曲線・枠外透過,593,一次一覧確認で確定なし（細部は実装後確認）,検出なし
コモルー_寝顔3_ゆめではしり寝.webp,コモルー/コモルー_寝顔3_ゆめではしり寝.webp,0372,コモルー,通常,3,ゆめではしり寝,IMG_1765.png,,加工済み・実装後確認,,"(155, 1382, 433, 1629)",撮り直し候補,未照合,画像/コモルー/コモルー_寝顔3_ゆめではしり寝.webp,c126311663bca34f8dffd77b79461f5d8f3995fa95419ff8d95804579e2079a5,0,0,0,寝顔中心・上下直線・左右16%曲線・枠外透過,594,一次一覧確認で確定なし（細部は実装後確認）,検出なし
コモルー_寝顔4_おなかのうえ寝.webp,コモルー/コモルー_寝顔4_おなかのうえ寝.webp,0372,コモルー,通常,4,おなかのうえ寝,IMG_1765.png,カビゴンは元画像に見える範囲のみ。再生ボタンの重なり部分は補描なし。,加工済み・実装後確認,再生ボタン残り：身体の欠損とは別,"(95, 1827, 525, 2106)",構図要確認,未照合,画像/コモルー/コモルー_寝顔4_おなかのうえ寝.webp,c126311663bca34f8dffd77b79461f5d8f3995fa95419ff8d95804579e2079a5,1347,1768,0,寝顔中心・上下直線・左右16%曲線・枠外透過,595,一次一覧確認で確定なし（細部は実装後確認）,枠内に残る可能性
ボーマンダ_寝顔1_はばたき寝.webp,ボーマンダ/ボーマンダ_寝顔1_はばたき寝.webp,0373,ボーマンダ,通常,1,はばたき寝,IMG_1766.png,,加工済み・実装後確認,再生ボタン残り：身体の欠損とは別,"(112, 515, 503, 739)",撮り直し候補,未照合,画像/ボーマンダ/ボーマンダ_寝顔1_はばたき寝.webp,6b7902df0e8d7f3bf1e5b6fce83dda07eaadf7dd0de940769e23a179d6e3f08c,0,1079,0,寝顔中心・上下直線・左右16%曲線・枠外透過,596,一次一覧確認で確定なし（細部は実装後確認）,枠内に残る可能性
ボーマンダ_寝顔2_おおあくび寝.webp,ボーマンダ/ボーマンダ_寝顔2_おおあくび寝.webp,0373,ボーマンダ,通常,2,おおあくび寝,IMG_1766.png,,加工済み・実装後確認,再生ボタン残り：身体の欠損とは別,"(112, 976, 498, 1209)",撮り直し候補,未照合,画像/ボーマンダ/ボーマンダ_寝顔2_おおあくび寝.webp,6b7902df0e8d7f3bf1e5b6fce83dda07eaadf7dd0de940769e23a179d6e3f08c,0,1210,0,寝顔中心・上下直線・左右16%曲線・枠外透過,597,一次一覧確認で確定なし（細部は実装後確認）,枠内に残る可能性
ボーマンダ_寝顔3_かえんほうしゃ寝.webp,ボーマンダ/ボーマンダ_寝顔3_かえんほうしゃ寝.webp,0373,ボーマンダ,通常,3,かえんほうしゃ寝,IMG_1766.png,,加工済み・実装後確認,再生ボタン残り：身体の欠損とは別,"(121, 1414, 467, 1663)",撮り直し候補,未照合,画像/ボーマンダ/ボーマンダ_寝顔3_かえんほうしゃ寝.webp,6b7902df0e8d7f3bf1e5b6fce83dda07eaadf7dd0de940769e23a179d6e3f08c,0,175,0,寝顔中心・上下直線・左右16%曲線・枠外透過,598,一次一覧確認で確定なし（細部は実装後確認）,枠内に残る可能性
ボーマンダ_寝顔4_おなかのうえ寝.webp,ボーマンダ/ボーマンダ_寝顔4_おなかのうえ寝.webp,0373,ボーマンダ,通常,4,おなかのうえ寝,IMG_1766.png,カビゴンは元画像に見える範囲のみ。再生ボタンの重なり部分は補描なし。,加工済み・実装後確認,再生ボタン残り：身体の欠損とは別,"(95, 1858, 525, 2137)",構図要確認,未照合,画像/ボーマンダ/ボーマンダ_寝顔4_おなかのうえ寝.webp,6b7902df0e8d7f3bf1e5b6fce83dda07eaadf7dd0de940769e23a179d6e3f08c,1047,1768,0,寝顔中心・上下直線・左右16%曲線・枠外透過,599,一次一覧確認で確定なし（細部は実装後確認）,枠内に残る可能性
ラティアス_寝顔1_うかびはばたき寝.webp,ラティアス/ラティアス_寝顔1_うかびはばたき寝.webp,0380,ラティアス,通常,1,うかびはばたき寝,IMG_1767.png,,加工済み・実装後確認,再生ボタン残り：身体の欠損とは別,"(109, 573, 493, 769)",撮り直し候補,未照合,画像/ラティアス/ラティアス_寝顔1_うかびはばたき寝.webp,a929f7558ccef72cf7347633ff61607c45ee3dc73826173f40ddcd9c9adb68ea,0,485,0,寝顔中心・上下直線・左右16%曲線・枠外透過,600,一次一覧確認で確定なし（細部は実装後確認）,枠内に残る可能性
ラティアス_寝顔2_ゆうがにひこう寝.webp,ラティアス/ラティアス_寝顔2_ゆうがにひこう寝.webp,0380,ラティアス,通常,2,ゆうがにひこう寝,IMG_1767.png,,加工済み・実装後確認,再生ボタン残り：身体の欠損とは別,"(163, 992, 482, 1255)",撮り直し候補,未照合,画像/ラティアス/ラティアス_寝顔2_ゆうがにひこう寝.webp,a929f7558ccef72cf7347633ff61607c45ee3dc73826173f40ddcd9c9adb68ea,0,822,0,寝顔中心・上下直線・左右16%曲線・枠外透過,601,一次一覧確認で確定なし（細部は実装後確認）,枠内に残る可能性
ラティアス_寝顔3_むげんのひかり寝.webp,ラティアス/ラティアス_寝顔3_むげんのひかり寝.webp,0380,ラティアス,通常,3,むげんのひかり寝,IMG_1767.png,,加工済み・実装後確認,再生ボタン残り：身体の欠損とは別,"(132, 1476, 503, 1691)",撮り直し候補,未照合,画像/ラティアス/ラティアス_寝顔3_むげんのひかり寝.webp,a929f7558ccef72cf7347633ff61607c45ee3dc73826173f40ddcd9c9adb68ea,0,1064,0,寝顔中心・上下直線・左右16%曲線・枠外透過,602,一次一覧確認で確定なし（細部は実装後確認）,枠内に残る可能性
ラティアス_寝顔4_なかまおもい寝.webp,ラティアス/ラティアス_寝顔4_なかまおもい寝.webp,0380,ラティアス,通常,4,なかまおもい寝,IMG_1767.png,,加工済み・実装後確認,再生ボタン残り：身体の欠損とは別,"(131, 1904, 467, 2150)",撮り直し候補,未照合,画像/ラティアス/ラティアス_寝顔4_なかまおもい寝.webp,a929f7558ccef72cf7347633ff61607c45ee3dc73826173f40ddcd9c9adb68ea,0,86,0,寝顔中心・上下直線・左右16%曲線・枠外透過,603,一次一覧確認で確定なし（細部は実装後確認）,枠内に残る可能性
ラティオス_寝顔1_うかびはばたき寝.webp,ラティオス/ラティオス_寝顔1_うかびはばたき寝.webp,0381,ラティオス,通常,1,うかびはばたき寝,IMG_1768.png,,加工済み・実装後確認,再生ボタン残り：身体の欠損とは別,"(127, 509, 477, 744)",撮り直し候補,未照合,画像/ラティオス/ラティオス_寝顔1_うかびはばたき寝.webp,da641140e4e61679692836ff553140b0e56216c701e5c541fff0b1b531ab2de4,0,241,0,寝顔中心・上下直線・左右16%曲線・枠外透過,604,一次一覧確認で確定なし（細部は実装後確認）,枠内に残る可能性
ラティオス_寝顔2_ゆうがにひこう寝.webp,ラティオス/ラティオス_寝顔2_ゆうがにひこう寝.webp,0381,ラティオス,通常,2,ゆうがにひこう寝,IMG_1768.png,,加工済み・実装後確認,再生ボタン残り：身体の欠損とは別,"(95, 954, 525, 1231)",撮り直し候補,未照合,画像/ラティオス/ラティオス_寝顔2_ゆうがにひこう寝.webp,da641140e4e61679692836ff553140b0e56216c701e5c541fff0b1b531ab2de4,126,1768,0,寝顔中心・上下直線・左右16%曲線・枠外透過,605,一次一覧確認で確定なし（細部は実装後確認）,枠内に残る可能性
ラティオス_寝顔3_むげんのオーラ寝.webp,ラティオス/ラティオス_寝顔3_むげんのオーラ寝.webp,0381,ラティオス,通常,3,むげんのオーラ寝,IMG_1768.png,,加工済み・実装後確認,再生ボタン残り：身体の欠損とは別,"(135, 1424, 499, 1661)",撮り直し候補,未照合,画像/ラティオス/ラティオス_寝顔3_むげんのオーラ寝.webp,da641140e4e61679692836ff553140b0e56216c701e5c541fff0b1b531ab2de4,0,987,0,寝顔中心・上下直線・左右16%曲線・枠外透過,606,一次一覧確認で確定なし（細部は実装後確認）,枠内に残る可能性
ラティオス_寝顔4_なかまおもい寝.webp,ラティオス/ラティオス_寝顔4_なかまおもい寝.webp,0381,ラティオス,通常,4,なかまおもい寝,IMG_1768.png,,加工済み・実装後確認,再生ボタン残り：身体の欠損とは別,"(131, 1871, 467, 2117)",撮り直し候補,未照合,画像/ラティオス/ラティオス_寝顔4_なかまおもい寝.webp,da641140e4e61679692836ff553140b0e56216c701e5c541fff0b1b531ab2de4,0,82,0,寝顔中心・上下直線・左右16%曲線・枠外透過,607,一次一覧確認で確定なし（細部は実装後確認）,枠内に残る可能性
ナエトル_寝顔1_つっぷし寝.webp,ナエトル/ナエトル_寝顔1_つっぷし寝.webp,0387,ナエトル,通常,1,つっぷし寝,IMG_1769.jpeg,,加工済み・実装後確認,再生ボタン残り：身体の欠損とは別,"(57, 287, 316, 455)",一次切り抜き,未照合,画像/ナエトル/ナエトル_寝顔1_つっぷし寝.webp,172cb59508bbd17ef2b148e72d1a383e0dbb523d5665a9f7d40efc2ca3865b14,2187,1768,0,寝顔中心・上下直線・左右16%曲線・枠外透過,608,枠端を目視確認済み：草・影。主役の欠損候補から除外,枠内に残る可能性
ナエトル_寝顔2_ふみふみ寝.webp,ナエトル/ナエトル_寝顔2_ふみふみ寝.webp,0387,ナエトル,通常,2,ふみふみ寝,IMG_1769.jpeg,,加工済み・実装後確認,再生ボタン残り：身体の欠損とは別,"(57, 562, 316, 730)",撮り直し候補,未照合,画像/ナエトル/ナエトル_寝顔2_ふみふみ寝.webp,172cb59508bbd17ef2b148e72d1a383e0dbb523d5665a9f7d40efc2ca3865b14,2263,1768,0,寝顔中心・上下直線・左右16%曲線・枠外透過,609,枠端を目視確認済み：草・影。主役の欠損候補から除外,枠内に残る可能性
ナエトル_寝顔3_しずくたれ寝.webp,ナエトル/ナエトル_寝顔3_しずくたれ寝.webp,0387,ナエトル,通常,3,しずくたれ寝,IMG_1769.jpeg,,加工済み・実装後確認,再生ボタン残り：身体の欠損とは別,"(57, 837, 316, 1005)",撮り直し候補,未照合,画像/ナエトル/ナエトル_寝顔3_しずくたれ寝.webp,172cb59508bbd17ef2b148e72d1a383e0dbb523d5665a9f7d40efc2ca3865b14,2224,1768,0,寝顔中心・上下直線・左右16%曲線・枠外透過,610,枠端を目視確認済み：草・影。主役の欠損候補から除外,枠内に残る可能性
ナエトル_寝顔4_おなかのうえ寝.webp,ナエトル/ナエトル_寝顔4_おなかのうえ寝.webp,0387,ナエトル,通常,4,おなかのうえ寝,IMG_1769.jpeg,カビゴンは元画像に見える範囲のみ。再生ボタンの重なり部分は補描なし。,加工済み・実装後確認,再生ボタン残り：身体の欠損とは別,"(57, 1112, 316, 1280)",構図要確認,未照合,画像/ナエトル/ナエトル_寝顔4_おなかのうえ寝.webp,172cb59508bbd17ef2b148e72d1a383e0dbb523d5665a9f7d40efc2ca3865b14,3035,1768,0,寝顔中心・上下直線・左右16%曲線・枠外透過,611,一次一覧確認で確定なし（細部は実装後確認）,枠内に残る可能性
ハヤシガメ_寝顔1_こっくり寝.webp,ハヤシガメ/ハヤシガメ_寝顔1_こっくり寝.webp,0388,ハヤシガメ,通常,1,こっくり寝,IMG_1770.png,,加工済み・実装後確認,再生ボタン残り：身体の欠損とは別,"(95, 418, 525, 697)",撮り直し候補,未照合,画像/ハヤシガメ/ハヤシガメ_寝顔1_こっくり寝.webp,70140d00131b37adee605f22a592fc3eefb3cea1e49cadf6c328a3566608b728,156,1768,0,寝顔中心・上下直線・左右16%曲線・枠外透過,612,一次一覧確認で確定なし（細部は実装後確認）,枠内に残る可能性
ハヤシガメ_寝顔2_あしぶみ寝.webp,ハヤシガメ/ハヤシガメ_寝顔2_あしぶみ寝.webp,0388,ハヤシガメ,通常,2,あしぶみ寝,IMG_1770.png,,加工済み・実装後確認,再生ボタン残り：身体の欠損とは別,"(95, 875, 525, 1154)",撮り直し候補,未照合,画像/ハヤシガメ/ハヤシガメ_寝顔2_あしぶみ寝.webp,70140d00131b37adee605f22a592fc3eefb3cea1e49cadf6c328a3566608b728,255,1768,0,寝顔中心・上下直線・左右16%曲線・枠外透過,613,一次一覧確認で確定なし（細部は実装後確認）,枠内に残る可能性
ハヤシガメ_寝顔3_はっぱあそび寝.webp,ハヤシガメ/ハヤシガメ_寝顔3_はっぱあそび寝.webp,0388,ハヤシガメ,通常,3,はっぱあそび寝,IMG_1770.png,,加工済み・実装後確認,再生ボタン残り：身体の欠損とは別,"(95, 1335, 525, 1612)",撮り直し候補,未照合,画像/ハヤシガメ/ハヤシガメ_寝顔3_はっぱあそび寝.webp,70140d00131b37adee605f22a592fc3eefb3cea1e49cadf6c328a3566608b728,244,1768,0,寝顔中心・上下直線・左右16%曲線・枠外透過,614,一次一覧確認で確定なし（細部は実装後確認）,枠内に残る可能性
ハヤシガメ_寝顔4_おなかのうえ寝.webp,ハヤシガメ/ハヤシガメ_寝顔4_おなかのうえ寝.webp,0388,ハヤシガメ,通常,4,おなかのうえ寝,IMG_1770.png,カビゴンは元画像に見える範囲のみ。再生ボタンの重なり部分は補描なし。,加工済み・実装後確認,再生ボタン残り：身体の欠損とは別,"(95, 1789, 525, 2069)",構図要確認,未照合,画像/ハヤシガメ/ハヤシガメ_寝顔4_おなかのうえ寝.webp,70140d00131b37adee605f22a592fc3eefb3cea1e49cadf6c328a3566608b728,2830,1768,0,寝顔中心・上下直線・左右16%曲線・枠外透過,615,一次一覧確認で確定なし（細部は実装後確認）,枠内に残る可能性
ドダイトス_寝顔1_どっしり寝.webp,ドダイトス/ドダイトス_寝顔1_どっしり寝.webp,0389,ドダイトス,通常,1,どっしり寝,IMG_1771.png,,加工済み・実装後確認,再生ボタン残り：身体の欠損とは別,"(95, 709, 525, 988)",撮り直し候補,未照合,画像/ドダイトス/ドダイトス_寝顔1_どっしり寝.webp,68e3527543d0a24579763681006a626aa2c6e4452c90062e400b2dc4a30080d5,127,1768,0,寝顔中心・上下直線・左右16%曲線・枠外透過,616,一次一覧確認で確定なし（細部は実装後確認）,枠内に残る可能性
ドダイトス_寝顔2_あしぶみ寝.webp,ドダイトス/ドダイトス_寝顔2_あしぶみ寝.webp,0389,ドダイトス,通常,2,あしぶみ寝,IMG_1771.png,,加工済み・実装後確認,再生ボタン残り：身体の欠損とは別,"(95, 1167, 525, 1446)",撮り直し候補,未照合,画像/ドダイトス/ドダイトス_寝顔2_あしぶみ寝.webp,68e3527543d0a24579763681006a626aa2c6e4452c90062e400b2dc4a30080d5,127,1768,0,寝顔中心・上下直線・左右16%曲線・枠外透過,617,一次一覧確認で確定なし（細部は実装後確認）,枠内に残る可能性
ドダイトス_寝顔3_せなかすまわせ寝.webp,ドダイトス/ドダイトス_寝顔3_せなかすまわせ寝.webp,0389,ドダイトス,通常,3,せなかすまわせ寝,IMG_1771.png,,加工済み・実装後確認,再生ボタン残り：身体の欠損とは別,"(95, 1623, 525, 1903)",撮り直し候補,未照合,画像/ドダイトス/ドダイトス_寝顔3_せなかすまわせ寝.webp,68e3527543d0a24579763681006a626aa2c6e4452c90062e400b2dc4a30080d5,120,1768,0,寝顔中心・上下直線・左右16%曲線・枠外透過,618,一次一覧確認で確定なし（細部は実装後確認）,枠内に残る可能性
ヒコザル_寝顔1_おしりかき寝.webp,ヒコザル/ヒコザル_寝顔1_おしりかき寝.webp,0390,ヒコザル,通常,1,おしりかき寝,IMG_1772.png,,加工済み・実装後確認,,"(152, 502, 433, 709)",一次切り抜き,未照合,画像/ヒコザル/ヒコザル_寝顔1_おしりかき寝.webp,7423b44e3f36b72c563d89f0b63dd3d3e8a345f9d8aa5c810b0e54d78a8ef220,0,0,0,寝顔中心・上下直線・左右16%曲線・枠外透過,619,一次一覧確認で確定なし（細部は実装後確認）,検出なし
ヒコザル_寝顔2_おおあくび寝.webp,ヒコザル/ヒコザル_寝顔2_おおあくび寝.webp,0390,ヒコザル,通常,2,おおあくび寝,IMG_1772.png,,加工済み・実装後確認,再生ボタン残り：身体の欠損とは別,"(95, 927, 525, 1206)",撮り直し候補,未照合,画像/ヒコザル/ヒコザル_寝顔2_おおあくび寝.webp,7423b44e3f36b72c563d89f0b63dd3d3e8a345f9d8aa5c810b0e54d78a8ef220,126,1768,0,寝顔中心・上下直線・左右16%曲線・枠外透過,620,一次一覧確認で確定なし（細部は実装後確認）,枠内に残る可能性
ヒコザル_寝顔3_おしりもやし寝.webp,ヒコザル/ヒコザル_寝顔3_おしりもやし寝.webp,0390,ヒコザル,通常,3,おしりもやし寝,IMG_1772.png,,加工済み・実装後確認,,"(155, 1416, 452, 1636)",一次切り抜き,未照合,画像/ヒコザル/ヒコザル_寝顔3_おしりもやし寝.webp,7423b44e3f36b72c563d89f0b63dd3d3e8a345f9d8aa5c810b0e54d78a8ef220,0,0,0,寝顔中心・上下直線・左右16%曲線・枠外透過,621,一次一覧確認で確定なし（細部は実装後確認）,検出なし
ヒコザル_寝顔4_おなかのうえ寝.webp,ヒコザル/ヒコザル_寝顔4_おなかのうえ寝.webp,0390,ヒコザル,通常,4,おなかのうえ寝,IMG_1772.png,カビゴンは元画像に見える範囲のみ。再生ボタンの重なり部分は補描なし。,加工済み・実装後確認,再生ボタン残り：身体の欠損とは別,"(107, 1841, 494, 2121)",構図要確認,未照合,画像/ヒコザル/ヒコザル_寝顔4_おなかのうえ寝.webp,7423b44e3f36b72c563d89f0b63dd3d3e8a345f9d8aa5c810b0e54d78a8ef220,1896,1210,0,寝顔中心・上下直線・左右16%曲線・枠外透過,622,一次一覧確認で確定なし（細部は実装後確認）,枠内に残る可能性
モウカザル_寝顔1_うでまくら寝.webp,モウカザル/モウカザル_寝顔1_うでまくら寝.webp,0391,モウカザル,通常,1,うでまくら寝,IMG_1773.jpeg,画面左の音量表示を除去。重なり部分の補描なし。,加工済み・実装後確認,再生ボタン残り：身体の欠損とは別,"(96, 364, 286, 495)",撮り直し候補,未照合,画像/モウカザル/モウカザル_寝顔1_うでまくら寝.webp,6988687cef6de46c572e4c9a4d213660100f6c4e3b21ba18d894e7d1c50c68f8,0,350,0,寝顔中心・上下直線・左右16%曲線・枠外透過,623,一次一覧確認で確定なし（細部は実装後確認）,枠内に残る可能性
モウカザル_寝顔2_おおあくび寝.webp,モウカザル/モウカザル_寝顔2_おおあくび寝.webp,0391,モウカザル,通常,2,おおあくび寝,IMG_1773.jpeg,画面左の音量表示を除去。重なり部分の補描なし。,加工済み・実装後確認,再生ボタン残り：身体の欠損とは別,"(57, 618, 316, 786)",撮り直し候補,未照合,画像/モウカザル/モウカザル_寝顔2_おおあくび寝.webp,6988687cef6de46c572e4c9a4d213660100f6c4e3b21ba18d894e7d1c50c68f8,107,1768,0,寝顔中心・上下直線・左右16%曲線・枠外透過,624,一次一覧確認で確定なし（細部は実装後確認）,枠内に残る可能性
モウカザル_寝顔3_しっぽもやし寝.webp,モウカザル/モウカザル_寝顔3_しっぽもやし寝.webp,0391,モウカザル,通常,3,しっぽもやし寝,IMG_1773.jpeg,画面左の音量表示を除去。重なり部分の補描なし。,加工済み・実装後確認,,"(83, 917, 275, 1041)",一次切り抜き,未照合,画像/モウカザル/モウカザル_寝顔3_しっぽもやし寝.webp,6988687cef6de46c572e4c9a4d213660100f6c4e3b21ba18d894e7d1c50c68f8,0,0,0,寝顔中心・上下直線・左右16%曲線・枠外透過,625,一次一覧確認で確定なし（細部は実装後確認）,検出なし
モウカザル_寝顔4_おなかのうえ寝.webp,モウカザル/モウカザル_寝顔4_おなかのうえ寝.webp,0391,モウカザル,通常,4,おなかのうえ寝,IMG_1773.jpeg,カビゴンは元画像に見える範囲のみ。再生ボタンの重なり部分は補描なし。画面左の音量表示を除去。重なり部分の補描なし。,加工済み・実装後確認,再生ボタン残り：身体の欠損とは別,"(57, 1168, 316, 1336)",構図要確認,未照合,画像/モウカザル/モウカザル_寝顔4_おなかのうえ寝.webp,6988687cef6de46c572e4c9a4d213660100f6c4e3b21ba18d894e7d1c50c68f8,947,1768,0,寝顔中心・上下直線・左右16%曲線・枠外透過,626,一次一覧確認で確定なし（細部は実装後確認）,枠内に残る可能性
ゴウカザル_寝顔1_かたひざたて寝.webp,ゴウカザル/ゴウカザル_寝顔1_かたひざたて寝.webp,0392,ゴウカザル,通常,1,かたひざたて寝,IMG_1774.png,,加工済み・実装後確認,再生ボタン残り：身体の欠損とは別,"(95, 505, 525, 785)",撮り直し候補,未照合,画像/ゴウカザル/ゴウカザル_寝顔1_かたひざたて寝.webp,469fabcc195c8be615107cec6ea5e3e850b1c2ad7c1456e8640700e2e7a4dbfa,126,1768,0,寝顔中心・上下直線・左右16%曲線・枠外透過,627,一次一覧確認で確定なし（細部は実装後確認）,枠内に残る可能性
ゴウカザル_寝顔2_おおあくび寝.webp,ゴウカザル/ゴウカザル_寝顔2_おおあくび寝.webp,0392,ゴウカザル,通常,2,おおあくび寝,IMG_1774.png,,加工済み・実装後確認,再生ボタン残り：身体の欠損とは別,"(95, 962, 525, 1241)",撮り直し候補,未照合,画像/ゴウカザル/ゴウカザル_寝顔2_おおあくび寝.webp,469fabcc195c8be615107cec6ea5e3e850b1c2ad7c1456e8640700e2e7a4dbfa,126,1768,0,寝顔中心・上下直線・左右16%曲線・枠外透過,628,一次一覧確認で確定なし（細部は実装後確認）,枠内に残る可能性
ゴウカザル_寝顔3_ほのおふきあげ寝.webp,ゴウカザル/ゴウカザル_寝顔3_ほのおふきあげ寝.webp,0392,ゴウカザル,通常,3,ほのおふきあげ寝,IMG_1774.png,,加工済み・実装後確認,再生ボタン残り：身体の欠損とは別,"(107, 1431, 477, 1693)",撮り直し候補,未照合,画像/ゴウカザル/ゴウカザル_寝顔3_ほのおふきあげ寝.webp,469fabcc195c8be615107cec6ea5e3e850b1c2ad7c1456e8640700e2e7a4dbfa,0,627,0,寝顔中心・上下直線・左右16%曲線・枠外透過,629,一次一覧確認で確定なし（細部は実装後確認）,枠内に残る可能性
ポッチャマ_寝顔1_すわり寝.webp,ポッチャマ/ポッチャマ_寝顔1_すわり寝.webp,0393,ポッチャマ,通常,1,すわり寝,IMG_1775.png,,加工済み・実装後確認,,"(168, 475, 433, 704)",一次切り抜き,未照合,画像/ポッチャマ/ポッチャマ_寝顔1_すわり寝.webp,68caaeb43439c749f11dcffd7572786bc32ffd2250f5707a65c447e4bf329211,0,0,0,寝顔中心・上下直線・左右16%曲線・枠外透過,630,一次一覧確認で確定なし（細部は実装後確認）,検出なし
ポッチャマ_寝顔2_よたよた寝.webp,ポッチャマ/ポッチャマ_寝顔2_よたよた寝.webp,0393,ポッチャマ,通常,2,よたよた寝,IMG_1775.png,,加工済み・実装後確認,,"(161, 926, 433, 1169)",撮り直し候補,未照合,画像/ポッチャマ/ポッチャマ_寝顔2_よたよた寝.webp,68caaeb43439c749f11dcffd7572786bc32ffd2250f5707a65c447e4bf329211,0,0,0,寝顔中心・上下直線・左右16%曲線・枠外透過,631,一次一覧確認で確定なし（細部は実装後確認）,検出なし
ポッチャマ_寝顔3_えらそう寝.webp,ポッチャマ/ポッチャマ_寝顔3_えらそう寝.webp,0393,ポッチャマ,通常,3,えらそう寝,IMG_1775.png,,加工済み・実装後確認,,"(181, 1391, 433, 1608)",一次切り抜き,未照合,画像/ポッチャマ/ポッチャマ_寝顔3_えらそう寝.webp,68caaeb43439c749f11dcffd7572786bc32ffd2250f5707a65c447e4bf329211,0,0,0,寝顔中心・上下直線・左右16%曲線・枠外透過,632,一次一覧確認で確定なし（細部は実装後確認）,検出なし
ポッチャマ_寝顔4_おなかのうえ寝.webp,ポッチャマ/ポッチャマ_寝顔4_おなかのうえ寝.webp,0393,ポッチャマ,通常,4,おなかのうえ寝,IMG_1775.png,カビゴンは元画像に見える範囲のみ。再生ボタンの重なり部分は補描なし。,加工済み・実装後確認,再生ボタン残り：身体の欠損とは別,"(95, 1818, 525, 2097)",構図要確認,未照合,画像/ポッチャマ/ポッチャマ_寝顔4_おなかのうえ寝.webp,68caaeb43439c749f11dcffd7572786bc32ffd2250f5707a65c447e4bf329211,669,1768,0,寝顔中心・上下直線・左右16%曲線・枠外透過,633,一次一覧確認で確定なし（細部は実装後確認）,枠内に残る可能性
ポッタイシ_寝顔1_すわり寝.webp,ポッタイシ/ポッタイシ_寝顔1_すわり寝.webp,0394,ポッタイシ,通常,1,すわり寝,IMG_1776.png,,加工済み・実装後確認,,"(150, 485, 433, 752)",撮り直し候補,未照合,画像/ポッタイシ/ポッタイシ_寝顔1_すわり寝.webp,270ce84e0e82d91180c35397845d126884b705a6d8c519a02780ec1eb73da6d2,0,0,0,寝顔中心・上下直線・左右16%曲線・枠外透過,634,一次一覧確認で確定なし（細部は実装後確認）,検出なし
ポッタイシ_寝顔2_バランスだち寝.webp,ポッタイシ/ポッタイシ_寝顔2_バランスだち寝.webp,0394,ポッタイシ,通常,2,バランスだち寝,IMG_1776.png,,加工済み・実装後確認,,"(141, 932, 433, 1209)",撮り直し候補,未照合,画像/ポッタイシ/ポッタイシ_寝顔2_バランスだち寝.webp,270ce84e0e82d91180c35397845d126884b705a6d8c519a02780ec1eb73da6d2,0,0,0,寝顔中心・上下直線・左右16%曲線・枠外透過,635,一次一覧確認で確定なし（細部は実装後確認）,検出なし
ポッタイシ_寝顔3_えらそう寝.webp,ポッタイシ/ポッタイシ_寝顔3_えらそう寝.webp,0394,ポッタイシ,通常,3,えらそう寝,IMG_1776.png,,加工済み・実装後確認,再生ボタン残り：身体の欠損とは別,"(138, 1397, 462, 1667)",撮り直し候補,未照合,画像/ポッタイシ/ポッタイシ_寝顔3_えらそう寝.webp,270ce84e0e82d91180c35397845d126884b705a6d8c519a02780ec1eb73da6d2,0,240,0,寝顔中心・上下直線・左右16%曲線・枠外透過,636,一次一覧確認で確定なし（細部は実装後確認）,枠内に残る可能性
ポッタイシ_寝顔4_おなかのうえ寝.webp,ポッタイシ/ポッタイシ_寝顔4_おなかのうえ寝.webp,0394,ポッタイシ,通常,4,おなかのうえ寝,IMG_1776.png,カビゴンは元画像に見える範囲のみ。再生ボタンの重なり部分は補描なし。,加工済み・実装後確認,再生ボタン残り：身体の欠損とは別,"(95, 1844, 487, 2123)",構図要確認,未照合,画像/ポッタイシ/ポッタイシ_寝顔4_おなかのうえ寝.webp,270ce84e0e82d91180c35397845d126884b705a6d8c519a02780ec1eb73da6d2,1696,963,0,寝顔中心・上下直線・左右16%曲線・枠外透過,637,一次一覧確認で確定なし（細部は実装後確認）,枠内に残る可能性
エンペルト_寝顔1_どっしり寝.webp,エンペルト/エンペルト_寝顔1_どっしり寝.webp,0395,エンペルト,通常,1,どっしり寝,IMG_1777.png,,加工済み・実装後確認,再生ボタン残り：身体の欠損とは別,"(141, 497, 477, 776)",撮り直し候補,未照合,画像/エンペルト/エンペルト_寝顔1_どっしり寝.webp,f4f27c2ca5d234886cc26418c05f6c2a868174f53c5e6a70386d0fae4b8887fd,0,710,0,寝顔中心・上下直線・左右16%曲線・枠外透過,638,一次一覧確認で確定なし（細部は実装後確認）,枠内に残る可能性
エンペルト_寝顔2_ばんざい寝.webp,エンペルト/エンペルト_寝顔2_ばんざい寝.webp,0395,エンペルト,通常,2,ばんざい寝,IMG_1777.png,,加工済み・実装後確認,,"(142, 954, 433, 1234)",撮り直し候補,未照合,画像/エンペルト/エンペルト_寝顔2_ばんざい寝.webp,f4f27c2ca5d234886cc26418c05f6c2a868174f53c5e6a70386d0fae4b8887fd,0,0,0,寝顔中心・上下直線・左右16%曲線・枠外透過,639,一次一覧確認で確定なし（細部は実装後確認）,検出なし
エンペルト_寝顔3_つばさなぎはらい寝.webp,エンペルト/エンペルト_寝顔3_つばさなぎはらい寝.webp,0395,エンペルト,通常,3,つばさなぎはらい寝,IMG_1777.png,,加工済み・実装後確認,再生ボタン残り：身体の欠損とは別,"(138, 1424, 483, 1688)",撮り直し候補,未照合,画像/エンペルト/エンペルト_寝顔3_つばさなぎはらい寝.webp,f4f27c2ca5d234886cc26418c05f6c2a868174f53c5e6a70386d0fae4b8887fd,0,898,0,寝顔中心・上下直線・左右16%曲線・枠外透過,640,一次一覧確認で確定なし（細部は実装後確認）,枠内に残る可能性
コリンク_寝顔1_ゆめではしり寝.webp,コリンク/コリンク_寝顔1_ゆめではしり寝.webp,0403,コリンク,通常,1,ゆめではしり寝,IMG_1778.png,,加工済み・実装後確認,再生ボタン残り：身体の欠損とは別,"(150, 475, 458, 719)",撮り直し候補,未照合,画像/コリンク/コリンク_寝顔1_ゆめではしり寝.webp,fa90e5b026cebf60cae05b40e35323033fff6334ee472a13e04c9e4a6ba71184,0,119,0,寝顔中心・上下直線・左右16%曲線・枠外透過,641,一次一覧確認で確定なし（細部は実装後確認）,枠内に残る可能性
コリンク_寝顔2_ふんばり寝.webp,コリンク/コリンク_寝顔2_ふんばり寝.webp,0403,コリンク,通常,2,ふんばり寝,IMG_1778.png,,加工済み・実装後確認,,"(172, 938, 454, 1158)",一次切り抜き,未照合,画像/コリンク/コリンク_寝顔2_ふんばり寝.webp,fa90e5b026cebf60cae05b40e35323033fff6334ee472a13e04c9e4a6ba71184,0,4,0,寝顔中心・上下直線・左右16%曲線・枠外透過,642,一次一覧確認で確定なし（細部は実装後確認）,検出なし
コリンク_寝顔3_スパーク寝.webp,コリンク/コリンク_寝顔3_スパーク寝.webp,0403,コリンク,通常,3,スパーク寝,IMG_1778.png,,加工済み・実装後確認,再生ボタン残り：身体の欠損とは別,"(171, 1384, 463, 1627)",撮り直し候補,未照合,画像/コリンク/コリンク_寝顔3_スパーク寝.webp,fa90e5b026cebf60cae05b40e35323033fff6334ee472a13e04c9e4a6ba71184,0,233,0,寝顔中心・上下直線・左右16%曲線・枠外透過,643,一次一覧確認で確定なし（細部は実装後確認）,枠内に残る可能性
コリンク_寝顔4_おなかのうえ寝.webp,コリンク/コリンク_寝顔4_おなかのうえ寝.webp,0403,コリンク,通常,4,おなかのうえ寝,IMG_1778.png,カビゴンは元画像に見える範囲のみ。再生ボタンの重なり部分は補描なし。,加工済み・実装後確認,再生ボタン残り：身体の欠損とは別,"(107, 1817, 513, 2096)",構図要確認,未照合,画像/コリンク/コリンク_寝顔4_おなかのうえ寝.webp,fa90e5b026cebf60cae05b40e35323033fff6334ee472a13e04c9e4a6ba71184,283,1739,0,寝顔中心・上下直線・左右16%曲線・枠外透過,644,一次一覧確認で確定なし（細部は実装後確認）,枠内に残る可能性
ルクシオ_寝顔1_まるまり寝.webp,ルクシオ/ルクシオ_寝顔1_まるまり寝.webp,0404,ルクシオ,通常,1,まるまり寝,IMG_1779.png,,加工済み・実装後確認,再生ボタン残り：身体の欠損とは別,"(145, 523, 464, 770)",撮り直し候補,未照合,画像/ルクシオ/ルクシオ_寝顔1_まるまり寝.webp,967427c83c3f4a470a9c7efc4faa2f945214c9f9c8f532f459ede3fb1e591ed5,0,268,0,寝顔中心・上下直線・左右16%曲線・枠外透過,645,一次一覧確認で確定なし（細部は実装後確認）,枠内に残る可能性
ルクシオ_寝顔2_ふんばり寝.webp,ルクシオ/ルクシオ_寝顔2_ふんばり寝.webp,0404,ルクシオ,通常,2,ふんばり寝,IMG_1779.png,,加工済み・実装後確認,再生ボタン残り：身体の欠損とは別,"(165, 979, 473, 1219)",撮り直し候補,未照合,画像/ルクシオ/ルクシオ_寝顔2_ふんばり寝.webp,967427c83c3f4a470a9c7efc4faa2f945214c9f9c8f532f459ede3fb1e591ed5,0,490,0,寝顔中心・上下直線・左右16%曲線・枠外透過,646,一次一覧確認で確定なし（細部は実装後確認）,枠内に残る可能性
ルクシオ_寝顔3_スパーク寝.webp,ルクシオ/ルクシオ_寝顔3_スパーク寝.webp,0404,ルクシオ,通常,3,スパーク寝,IMG_1779.png,,加工済み・実装後確認,再生ボタン残り：身体の欠損とは別,"(157, 1427, 467, 1686)",撮り直し候補,未照合,画像/ルクシオ/ルクシオ_寝顔3_スパーク寝.webp,967427c83c3f4a470a9c7efc4faa2f945214c9f9c8f532f459ede3fb1e591ed5,0,378,0,寝顔中心・上下直線・左右16%曲線・枠外透過,647,一次一覧確認で確定なし（細部は実装後確認）,枠内に残る可能性
ルクシオ_寝顔4_おなかのうえ寝.webp,ルクシオ/ルクシオ_寝顔4_おなかのうえ寝.webp,0404,ルクシオ,通常,4,おなかのうえ寝,IMG_1779.png,カビゴンは元画像に見える範囲のみ。再生ボタンの重なり部分は補描なし。,加工済み・実装後確認,再生ボタン残り：身体の欠損とは別,"(117, 1869, 488, 2148)",構図要確認,未照合,画像/ルクシオ/ルクシオ_寝顔4_おなかのうえ寝.webp,967427c83c3f4a470a9c7efc4faa2f945214c9f9c8f532f459ede3fb1e591ed5,260,1030,0,寝顔中心・上下直線・左右16%曲線・枠外透過,648,一次一覧確認で確定なし（細部は実装後確認）,枠内に残る可能性
レントラー_寝顔1_まるまり寝.webp,レントラー/レントラー_寝顔1_まるまり寝.webp,0405,レントラー,通常,1,まるまり寝,IMG_1780.jpeg,,加工済み・実装後確認,再生ボタン残り：身体の欠損とは別,"(68, 290, 300, 425)",撮り直し候補,未照合,画像/レントラー/レントラー_寝顔1_まるまり寝.webp,2ed5cf69ca1428cde117fe1ddad63342892af36b35696165079a2b351cdf89df,0,676,0,寝顔中心・上下直線・左右16%曲線・枠外透過,649,一次一覧確認で確定なし（細部は実装後確認）,枠内に残る可能性
レントラー_寝顔2_ふんばり寝.webp,レントラー/レントラー_寝顔2_ふんばり寝.webp,0405,レントラー,通常,2,ふんばり寝,IMG_1780.jpeg,,加工済み・実装後確認,再生ボタン残り：身体の欠損とは別,"(95, 554, 287, 714)",撮り直し候補,未照合,画像/レントラー/レントラー_寝顔2_ふんばり寝.webp,2ed5cf69ca1428cde117fe1ddad63342892af36b35696165079a2b351cdf89df,0,637,0,寝顔中心・上下直線・左右16%曲線・枠外透過,650,一次一覧確認で確定なし（細部は実装後確認）,枠内に残る可能性
レントラー_寝顔3_スパーク寝.webp,レントラー/レントラー_寝顔3_スパーク寝.webp,0405,レントラー,通常,3,スパーク寝,IMG_1780.jpeg,,加工済み・実装後確認,再生ボタン残り：身体の欠損とは別,"(71, 842, 291, 978)",撮り直し候補,未照合,画像/レントラー/レントラー_寝顔3_スパーク寝.webp,2ed5cf69ca1428cde117fe1ddad63342892af36b35696165079a2b351cdf89df,0,472,0,寝顔中心・上下直線・左右16%曲線・枠外透過,651,一次一覧確認で確定なし（細部は実装後確認）,枠内に残る可能性
レントラー_寝顔4_おなかのうえ寝.webp,レントラー/レントラー_寝顔4_おなかのうえ寝.webp,0405,レントラー,通常,4,おなかのうえ寝,IMG_1780.jpeg,カビゴンは元画像に見える範囲のみ。再生ボタンの重なり部分は補描なし。,加工済み・実装後確認,再生ボタン残り：身体の欠損とは別,"(57, 1102, 316, 1270)",構図要確認,未照合,画像/レントラー/レントラー_寝顔4_おなかのうえ寝.webp,2ed5cf69ca1428cde117fe1ddad63342892af36b35696165079a2b351cdf89df,1866,1768,0,寝顔中心・上下直線・左右16%曲線・枠外透過,652,一次一覧確認で確定なし（細部は実装後確認）,枠内に残る可能性
フワンテ_寝顔1_かいてん寝.webp,フワンテ/フワンテ_寝顔1_かいてん寝.webp,0425,フワンテ,通常,1,かいてん寝,IMG_1781.png,,加工済み・実装後確認,,"(177, 710, 433, 913)",撮り直し候補,未照合,画像/フワンテ/フワンテ_寝顔1_かいてん寝.webp,e4929c90ca2c988388fb059cf303dc2f84bbd26ba2e442ba2f541f9f514284c2,0,0,0,寝顔中心・上下直線・左右16%曲線・枠外透過,653,一次一覧確認で確定なし（細部は実装後確認）,検出なし
フワンテ_寝顔2_ふゆう寝.webp,フワンテ/フワンテ_寝顔2_ふゆう寝.webp,0425,フワンテ,通常,2,ふゆう寝,IMG_1781.png,,加工済み・実装後確認,,"(147, 1167, 433, 1432)",撮り直し候補,未照合,画像/フワンテ/フワンテ_寝顔2_ふゆう寝.webp,e4929c90ca2c988388fb059cf303dc2f84bbd26ba2e442ba2f541f9f514284c2,0,0,0,寝顔中心・上下直線・左右16%曲線・枠外透過,654,一次一覧確認で確定なし（細部は実装後確認）,検出なし
フワンテ_寝顔3_あやし寝.webp,フワンテ/フワンテ_寝顔3_あやし寝.webp,0425,フワンテ,通常,3,あやし寝,IMG_1781.png,,加工済み・実装後確認,,"(142, 1623, 433, 1891)",撮り直し候補,未照合,画像/フワンテ/フワンテ_寝顔3_あやし寝.webp,e4929c90ca2c988388fb059cf303dc2f84bbd26ba2e442ba2f541f9f514284c2,0,0,0,寝顔中心・上下直線・左右16%曲線・枠外透過,655,一次一覧確認で確定なし（細部は実装後確認）,検出なし
フワライド_寝顔1_だいかいてん寝.webp,フワライド/フワライド_寝顔1_だいかいてん寝.webp,0426,フワライド,通常,1,だいかいてん寝,IMG_1782.png,,加工済み・実装後確認,,"(148, 709, 433, 984)",撮り直し候補,未照合,画像/フワライド/フワライド_寝顔1_だいかいてん寝.webp,568e775d196db50d658fc46d1b8bc9ab1ff2c952cc29557eef05063c46288b43,0,0,0,寝顔中心・上下直線・左右16%曲線・枠外透過,656,一次一覧確認で確定なし（細部は実装後確認）,検出なし
フワライド_寝顔2_ふゆう寝.webp,フワライド/フワライド_寝顔2_ふゆう寝.webp,0426,フワライド,通常,2,ふゆう寝,IMG_1782.png,,加工済み・実装後確認,,"(138, 1167, 433, 1437)",撮り直し候補,未照合,画像/フワライド/フワライド_寝顔2_ふゆう寝.webp,568e775d196db50d658fc46d1b8bc9ab1ff2c952cc29557eef05063c46288b43,0,0,0,寝顔中心・上下直線・左右16%曲線・枠外透過,657,一次一覧確認で確定なし（細部は実装後確認）,検出なし
フワライド_寝顔3_あやし寝.webp,フワライド/フワライド_寝顔3_あやし寝.webp,0426,フワライド,通常,3,あやし寝,IMG_1782.png,,加工済み・実装後確認,,"(141, 1623, 433, 1894)",撮り直し候補,未照合,画像/フワライド/フワライド_寝顔3_あやし寝.webp,568e775d196db50d658fc46d1b8bc9ab1ff2c952cc29557eef05063c46288b43,0,0,0,寝顔中心・上下直線・左右16%曲線・枠外透過,658,一次一覧確認で確定なし（細部は実装後確認）,検出なし
ドンカラス_寝顔1_はづくろい寝.webp,ドンカラス/ドンカラス_寝顔1_はづくろい寝.webp,0430,ドンカラス,通常,1,はづくろい寝,IMG_1783.png,,加工済み・実装後確認,再生ボタン残り：身体の欠損とは別,"(95, 539, 525, 810)",撮り直し候補,未照合,画像/ドンカラス/ドンカラス_寝顔1_はづくろい寝.webp,0125c90e4ea7c830fb0dde93fe1650240421375fd9b545659229656197f23dc1,126,1768,0,寝顔中心・上下直線・左右16%曲線・枠外透過,659,一次一覧確認で確定なし（細部は実装後確認）,枠内に残る可能性
ドンカラス_寝顔2_はねやすめ寝.webp,ドンカラス/ドンカラス_寝顔2_はねやすめ寝.webp,0430,ドンカラス,通常,2,はねやすめ寝,IMG_1783.png,,加工済み・実装後確認,再生ボタン残り：身体の欠損とは別,"(95, 989, 525, 1266)",撮り直し候補,未照合,画像/ドンカラス/ドンカラス_寝顔2_はねやすめ寝.webp,0125c90e4ea7c830fb0dde93fe1650240421375fd9b545659229656197f23dc1,126,1768,0,寝顔中心・上下直線・左右16%曲線・枠外透過,660,一次一覧確認で確定なし（細部は実装後確認）,枠内に残る可能性
ドンカラス_寝顔4_おなかのうえ寝.webp,ドンカラス/ドンカラス_寝顔4_おなかのうえ寝.webp,0430,ドンカラス,通常,4,おなかのうえ寝,IMG_1783.png,カビゴンは元画像に見える範囲のみ。再生ボタンの重なり部分は補描なし。,加工済み・実装後確認,,"(95, 1901, 525, 2181)",構図要確認,未照合,画像/ドンカラス/ドンカラス_寝顔4_おなかのうえ寝.webp,0125c90e4ea7c830fb0dde93fe1650240421375fd9b545659229656197f23dc1,3749,0,0,寝顔中心・上下直線・左右16%曲線・枠外透過,661,一次一覧確認で確定なし（細部は実装後確認）,検出なし
ウソハチ_寝顔1_こてん寝.webp,ウソハチ/ウソハチ_寝顔1_こてん寝.webp,0438,ウソハチ,通常,1,こてん寝,IMG_1784.png,,加工済み・実装後確認,,"(213, 543, 433, 705)",一次切り抜き,未照合,画像/ウソハチ/ウソハチ_寝顔1_こてん寝.webp,f7b43a0aa6eca475a06562c2a392de5d2329c34a9adc70b110ca4ac4f3ed73b8,0,0,0,寝顔中心・上下直線・左右16%曲線・枠外透過,662,一次一覧確認で確定なし（細部は実装後確認）,検出なし
ウソハチ_寝顔2_ぼうだち寝.webp,ウソハチ/ウソハチ_寝顔2_ぼうだち寝.webp,0438,ウソハチ,通常,2,ぼうだち寝,IMG_1784.png,,加工済み・実装後確認,,"(183, 1008, 423, 1208)",撮り直し候補,未照合,画像/ウソハチ/ウソハチ_寝顔2_ぼうだち寝.webp,f7b43a0aa6eca475a06562c2a392de5d2329c34a9adc70b110ca4ac4f3ed73b8,0,0,0,寝顔中心・上下直線・左右16%曲線・枠外透過,663,一次一覧確認で確定なし（細部は実装後確認）,検出なし
ウソハチ_寝顔3_めからみず寝.webp,ウソハチ/ウソハチ_寝顔3_めからみず寝.webp,0438,ウソハチ,通常,3,めからみず寝,IMG_1784.png,,加工済み・実装後確認,,"(223, 1473, 433, 1654)",一次切り抜き,未照合,画像/ウソハチ/ウソハチ_寝顔3_めからみず寝.webp,f7b43a0aa6eca475a06562c2a392de5d2329c34a9adc70b110ca4ac4f3ed73b8,0,0,0,寝顔中心・上下直線・左右16%曲線・枠外透過,664,一次一覧確認で確定なし（細部は実装後確認）,検出なし
ウソハチ_寝顔4_おなかのうえ寝.webp,ウソハチ/ウソハチ_寝顔4_おなかのうえ寝.webp,0438,ウソハチ,通常,4,おなかのうえ寝,IMG_1784.png,カビゴンは元画像に見える範囲のみ。再生ボタンの重なり部分は補描なし。,加工済み・実装後確認,再生ボタン残り：身体の欠損とは別,"(95, 1855, 525, 2135)",構図要確認,未照合,画像/ウソハチ/ウソハチ_寝顔4_おなかのうえ寝.webp,f7b43a0aa6eca475a06562c2a392de5d2329c34a9adc70b110ca4ac4f3ed73b8,3684,1768,0,寝顔中心・上下直線・左右16%曲線・枠外透過,665,一次一覧確認で確定なし（細部は実装後確認）,枠内に残る可能性
マネネ_寝顔1_ばんざい寝.webp,マネネ/マネネ_寝顔1_ばんざい寝.webp,0439,マネネ,通常,1,ばんざい寝,IMG_1785.png,,加工済み・実装後確認,,"(173, 487, 433, 711)",一次切り抜き,未照合,画像/マネネ/マネネ_寝顔1_ばんざい寝.webp,b6562482c70893f29aef6716e34cc6e3a7fe4e8ee4162c265cf6d7fb4df53682,0,0,0,寝顔中心・上下直線・左右16%曲線・枠外透過,666,一次一覧確認で確定なし（細部は実装後確認）,検出なし
マネネ_寝顔2_ぼうだち寝.webp,マネネ/マネネ_寝顔2_ぼうだち寝.webp,0439,マネネ,通常,2,ぼうだち寝,IMG_1785.png,,加工済み・実装後確認,,"(153, 923, 433, 1180)",撮り直し候補,未照合,画像/マネネ/マネネ_寝顔2_ぼうだち寝.webp,b6562482c70893f29aef6716e34cc6e3a7fe4e8ee4162c265cf6d7fb4df53682,0,0,0,寝顔中心・上下直線・左右16%曲線・枠外透過,667,一次一覧確認で確定なし（細部は実装後確認）,検出なし
マネネ_寝顔3_マイムのベッド寝.webp,マネネ/マネネ_寝顔3_マイムのベッド寝.webp,0439,マネネ,通常,3,マイムのベッド寝,IMG_1785.png,,加工済み・実装後確認,,"(165, 1415, 419, 1614)",一次切り抜き,未照合,画像/マネネ/マネネ_寝顔3_マイムのベッド寝.webp,b6562482c70893f29aef6716e34cc6e3a7fe4e8ee4162c265cf6d7fb4df53682,0,0,0,寝顔中心・上下直線・左右16%曲線・枠外透過,668,一次一覧確認で確定なし（細部は実装後確認）,検出なし
マネネ_寝顔4_おなかのうえ寝.webp,マネネ/マネネ_寝顔4_おなかのうえ寝.webp,0439,マネネ,通常,4,おなかのうえ寝,IMG_1785.png,カビゴンは元画像に見える範囲のみ。再生ボタンの重なり部分は補描なし。,加工済み・実装後確認,再生ボタン残り：身体の欠損とは別,"(95, 1835, 525, 2115)",構図要確認,未照合,画像/マネネ/マネネ_寝顔4_おなかのうえ寝.webp,b6562482c70893f29aef6716e34cc6e3a7fe4e8ee4162c265cf6d7fb4df53682,418,1768,0,寝顔中心・上下直線・左右16%曲線・枠外透過,669,一次一覧確認で確定なし（細部は実装後確認）,枠内に残る可能性
ピンプク_寝顔1_にこにこ寝.webp,ピンプク/ピンプク_寝顔1_にこにこ寝.webp,0440,ピンプク,通常,1,にこにこ寝,IMG_1786.png,,加工済み・実装後確認,,"(147, 455, 433, 717)",撮り直し候補,未照合,画像/ピンプク/ピンプク_寝顔1_にこにこ寝.webp,3c816d97a40f4c483b8475890a7c20b41c57530461a4f0cd13eab4ff7c4ca7c6,0,0,0,寝顔中心・上下直線・左右16%曲線・枠外透過,670,一次一覧確認で確定なし（細部は実装後確認）,検出なし
ピンプク_寝顔2_いしだいじ寝.webp,ピンプク/ピンプク_寝顔2_いしだいじ寝.webp,0440,ピンプク,通常,2,いしだいじ寝,IMG_1786.png,,加工済み・実装後確認,再生ボタン残り：身体の欠損とは別,"(95, 907, 525, 1174)",撮り直し候補,未照合,画像/ピンプク/ピンプク_寝顔2_いしだいじ寝.webp,3c816d97a40f4c483b8475890a7c20b41c57530461a4f0cd13eab4ff7c4ca7c6,126,1756,0,寝顔中心・上下直線・左右16%曲線・枠外透過,671,一次一覧確認で確定なし（細部は実装後確認）,枠内に残る可能性
ピンプク_寝顔3_ままごと寝.webp,ピンプク/ピンプク_寝顔3_ままごと寝.webp,0440,ピンプク,通常,3,ままごと寝,IMG_1786.png,,加工済み・実装後確認,,"(163, 1397, 433, 1622)",一次切り抜き,未照合,画像/ピンプク/ピンプク_寝顔3_ままごと寝.webp,3c816d97a40f4c483b8475890a7c20b41c57530461a4f0cd13eab4ff7c4ca7c6,0,0,0,寝顔中心・上下直線・左右16%曲線・枠外透過,672,一次一覧確認で確定なし（細部は実装後確認）,検出なし
ピンプク_寝顔4_おなかのうえ寝.webp,ピンプク/ピンプク_寝顔4_おなかのうえ寝.webp,0440,ピンプク,通常,4,おなかのうえ寝,IMG_1786.png,カビゴンは元画像に見える範囲のみ。再生ボタンの重なり部分は補描なし。,加工済み・実装後確認,再生ボタン残り：身体の欠損とは別,"(100, 1822, 513, 2101)",構図要確認,未照合,画像/ピンプク/ピンプク_寝顔4_おなかのうえ寝.webp,3c816d97a40f4c483b8475890a7c20b41c57530461a4f0cd13eab4ff7c4ca7c6,2867,1728,0,寝顔中心・上下直線・左右16%曲線・枠外透過,673,一次一覧確認で確定なし（細部は実装後確認）,枠内に残る可能性
ミカルゲ_寝顔1_かなめいし寝.webp,ミカルゲ/ミカルゲ_寝顔1_かなめいし寝.webp,0442,ミカルゲ,通常,1,かなめいし寝,IMG_1787.png,,加工済み・実装後確認,,"(225, 509, 395, 643)",一次切り抜き,未照合,画像/ミカルゲ/ミカルゲ_寝顔1_かなめいし寝.webp,bb2a7dcde8c26a5b683a8821aea4bed11b4561beeb6bb6642031986d2e90882b,0,0,0,寝顔中心・上下直線・左右16%曲線・枠外透過,674,一次一覧確認で確定なし（細部は実装後確認）,検出なし
ミカルゲ_寝顔2_こっくり寝.webp,ミカルゲ/ミカルゲ_寝顔2_こっくり寝.webp,0442,ミカルゲ,通常,2,こっくり寝,IMG_1787.png,,加工済み・実装後確認,,"(141, 881, 433, 1153)",撮り直し候補,未照合,画像/ミカルゲ/ミカルゲ_寝顔2_こっくり寝.webp,bb2a7dcde8c26a5b683a8821aea4bed11b4561beeb6bb6642031986d2e90882b,0,0,0,寝顔中心・上下直線・左右16%曲線・枠外透過,675,一次一覧確認で確定なし（細部は実装後確認）,検出なし
ミカルゲ_寝顔3_じめんぺったり寝.webp,ミカルゲ/ミカルゲ_寝顔3_じめんぺったり寝.webp,0442,ミカルゲ,通常,3,じめんぺったり寝,IMG_1787.png,,加工済み・実装後確認,,"(221, 1410, 391, 1541)",一次切り抜き,未照合,画像/ミカルゲ/ミカルゲ_寝顔3_じめんぺったり寝.webp,bb2a7dcde8c26a5b683a8821aea4bed11b4561beeb6bb6642031986d2e90882b,0,0,0,寝顔中心・上下直線・左右16%曲線・枠外透過,676,一次一覧確認で確定なし（細部は実装後確認）,検出なし
ミカルゲ_寝顔4_おなかのうえ寝.webp,ミカルゲ/ミカルゲ_寝顔4_おなかのうえ寝.webp,0442,ミカルゲ,通常,4,おなかのうえ寝,IMG_1787.png,カビゴンは元画像に見える範囲のみ。再生ボタンの重なり部分は補描なし。,加工済み・実装後確認,再生ボタン残り：身体の欠損とは別,"(95, 1795, 495, 2075)",構図要確認,未照合,画像/ミカルゲ/ミカルゲ_寝顔4_おなかのうえ寝.webp,bb2a7dcde8c26a5b683a8821aea4bed11b4561beeb6bb6642031986d2e90882b,745,1247,0,寝顔中心・上下直線・左右16%曲線・枠外透過,677,一次一覧確認で確定なし（細部は実装後確認）,枠内に残る可能性
ルカリオ_寝顔1_かたひざたて寝.webp,ルカリオ/ルカリオ_寝顔1_かたひざたて寝.webp,0448,ルカリオ,通常,1,かたひざたて寝,IMG_1789.png,,加工済み・実装後確認,,"(143, 507, 433, 772)",撮り直し候補,未照合,画像/ルカリオ/ルカリオ_寝顔1_かたひざたて寝.webp,9b6eb8c4655dfd3c85cc1da4aeb4393e888463a598e42d1d2de7a7e6c9e0dba6,0,0,0,寝顔中心・上下直線・左右16%曲線・枠外透過,678,一次一覧確認で確定なし（細部は実装後確認）,検出なし
ルカリオ_寝顔2_しゅぎょうちゅう寝.webp,ルカリオ/ルカリオ_寝顔2_しゅぎょうちゅう寝.webp,0448,ルカリオ,通常,2,しゅぎょうちゅう寝,IMG_1789.png,,加工済み・実装後確認,,"(145, 953, 433, 1230)",撮り直し候補,未照合,画像/ルカリオ/ルカリオ_寝顔2_しゅぎょうちゅう寝.webp,9b6eb8c4655dfd3c85cc1da4aeb4393e888463a598e42d1d2de7a7e6c9e0dba6,0,0,0,寝顔中心・上下直線・左右16%曲線・枠外透過,679,一次一覧確認で確定なし（細部は実装後確認）,検出なし
ルカリオ_寝顔3_しゅぎょうやすみ寝.webp,ルカリオ/ルカリオ_寝顔3_しゅぎょうやすみ寝.webp,0448,ルカリオ,通常,3,しゅぎょうやすみ寝,IMG_1789.png,,加工済み・実装後確認,再生ボタン残り：身体の欠損とは別,"(143, 1435, 477, 1671)",撮り直し候補,未照合,画像/ルカリオ/ルカリオ_寝顔3_しゅぎょうやすみ寝.webp,9b6eb8c4655dfd3c85cc1da4aeb4393e888463a598e42d1d2de7a7e6c9e0dba6,0,548,0,寝顔中心・上下直線・左右16%曲線・枠外透過,680,一次一覧確認で確定なし（細部は実装後確認）,枠内に残る可能性
ルカリオ_寝顔4_おなかのうえ寝.webp,ルカリオ/ルカリオ_寝顔4_おなかのうえ寝.webp,0448,ルカリオ,通常,4,おなかのうえ寝,IMG_1789.png,カビゴンは元画像に見える範囲のみ。再生ボタンの重なり部分は補描なし。,加工済み・実装後確認,再生ボタン残り：身体の欠損とは別,"(95, 1865, 525, 2145)",構図要確認,未照合,画像/ルカリオ/ルカリオ_寝顔4_おなかのうえ寝.webp,9b6eb8c4655dfd3c85cc1da4aeb4393e888463a598e42d1d2de7a7e6c9e0dba6,3763,1768,0,寝顔中心・上下直線・左右16%曲線・枠外透過,681,一次一覧確認で確定なし（細部は実装後確認）,枠内に残る可能性
グレッグル_寝顔1_ぐうたら寝.webp,グレッグル/グレッグル_寝顔1_ぐうたら寝.webp,0453,グレッグル,通常,1,ぐうたら寝,IMG_1790.png,,加工済み・実装後確認,,"(161, 575, 433, 779)",一次切り抜き,未照合,画像/グレッグル/グレッグル_寝顔1_ぐうたら寝.webp,008121219975345695d878787c15626bcf359951c4ac79ab55be32151fcb0eeb,0,0,0,寝顔中心・上下直線・左右16%曲線・枠外透過,682,一次一覧確認で確定なし（細部は実装後確認）,検出なし
グレッグル_寝顔2_ほっぺぷくぷく寝.webp,グレッグル/グレッグル_寝顔2_ほっぺぷくぷく寝.webp,0453,グレッグル,通常,2,ほっぺぷくぷく寝,IMG_1790.png,,加工済み・実装後確認,,"(158, 1016, 433, 1255)",撮り直し候補,未照合,画像/グレッグル/グレッグル_寝顔2_ほっぺぷくぷく寝.webp,008121219975345695d878787c15626bcf359951c4ac79ab55be32151fcb0eeb,0,0,0,寝顔中心・上下直線・左右16%曲線・枠外透過,683,一次一覧確認で確定なし（細部は実装後確認）,検出なし
グレッグル_寝顔3_せすじのばし寝.webp,グレッグル/グレッグル_寝顔3_せすじのばし寝.webp,0453,グレッグル,通常,3,せすじのばし寝,IMG_1790.png,,加工済み・実装後確認,,"(156, 1495, 453, 1672)",一次切り抜き,未照合,画像/グレッグル/グレッグル_寝顔3_せすじのばし寝.webp,008121219975345695d878787c15626bcf359951c4ac79ab55be32151fcb0eeb,0,0,0,寝顔中心・上下直線・左右16%曲線・枠外透過,684,一次一覧確認で確定なし（細部は実装後確認）,検出なし
グレッグル_寝顔4_おなかのうえ寝.webp,グレッグル/グレッグル_寝顔4_おなかのうえ寝.webp,0453,グレッグル,通常,4,おなかのうえ寝,IMG_1790.png,カビゴンは元画像に見える範囲のみ。再生ボタンの重なり部分は補描なし。,加工済み・実装後確認,再生ボタン残り：身体の欠損とは別,"(95, 1903, 525, 2182)",構図要確認,未照合,画像/グレッグル/グレッグル_寝顔4_おなかのうえ寝.webp,008121219975345695d878787c15626bcf359951c4ac79ab55be32151fcb0eeb,1113,1768,0,寝顔中心・上下直線・左右16%曲線・枠外透過,685,一次一覧確認で確定なし（細部は実装後確認）,枠内に残る可能性
ドクロッグ_寝顔1_ぐうたら寝.webp,ドクロッグ/ドクロッグ_寝顔1_ぐうたら寝.webp,0454,ドクロッグ,通常,1,ぐうたら寝,IMG_1791.png,,加工済み・実装後確認,再生ボタン残り：身体の欠損とは別,"(145, 549, 470, 781)",撮り直し候補,未照合,画像/ドクロッグ/ドクロッグ_寝顔1_ぐうたら寝.webp,73e9892b4d1cb1da99af2c35d784921bd471ca76d3cef6a7160b413a1eab6372,0,392,0,寝顔中心・上下直線・左右16%曲線・枠外透過,686,一次一覧確認で確定なし（細部は実装後確認）,枠内に残る可能性
ドクロッグ_寝顔2_のどぷくぷく寝.webp,ドクロッグ/ドクロッグ_寝顔2_のどぷくぷく寝.webp,0454,ドクロッグ,通常,2,のどぷくぷく寝,IMG_1791.png,,加工済み・実装後確認,,"(151, 994, 433, 1249)",撮り直し候補,未照合,画像/ドクロッグ/ドクロッグ_寝顔2_のどぷくぷく寝.webp,73e9892b4d1cb1da99af2c35d784921bd471ca76d3cef6a7160b413a1eab6372,0,0,0,寝顔中心・上下直線・左右16%曲線・枠外透過,687,一次一覧確認で確定なし（細部は実装後確認）,検出なし
ドクロッグ_寝顔3_どくぶくろまくら寝.webp,ドクロッグ/ドクロッグ_寝顔3_どくぶくろまくら寝.webp,0454,ドクロッグ,通常,3,どくぶくろまくら寝,IMG_1791.png,,加工済み・実装後確認,再生ボタン残り：身体の欠損とは別,"(143, 1466, 467, 1691)",撮り直し候補,未照合,画像/ドクロッグ/ドクロッグ_寝顔3_どくぶくろまくら寝.webp,73e9892b4d1cb1da99af2c35d784921bd471ca76d3cef6a7160b413a1eab6372,0,258,0,寝顔中心・上下直線・左右16%曲線・枠外透過,688,一次一覧確認で確定なし（細部は実装後確認）,枠内に残る可能性
ドクロッグ_寝顔4_おなかのうえ寝.webp,ドクロッグ/ドクロッグ_寝顔4_おなかのうえ寝.webp,0454,ドクロッグ,通常,4,おなかのうえ寝,IMG_1791.png,カビゴンは元画像に見える範囲のみ。再生ボタンの重なり部分は補描なし。,加工済み・実装後確認,再生ボタン残り：身体の欠損とは別,"(95, 1886, 494, 2166)",構図要確認,未照合,画像/ドクロッグ/ドクロッグ_寝顔4_おなかのうえ寝.webp,73e9892b4d1cb1da99af2c35d784921bd471ca76d3cef6a7160b413a1eab6372,81,1198,0,寝顔中心・上下直線・左右16%曲線・枠外透過,689,一次一覧確認で確定なし（細部は実装後確認）,枠内に残る可能性
ユキカブリ_寝顔1_すわり寝.webp,ユキカブリ/ユキカブリ_寝顔1_すわり寝.webp,0459,ユキカブリ,通常,1,すわり寝,IMG_1792.jpeg,,加工済み・実装後確認,再生ボタン残り：身体の欠損とは別,"(57, 249, 316, 417)",撮り直し候補,未照合,画像/ユキカブリ/ユキカブリ_寝顔1_すわり寝.webp,b6b17b44371b059515c1187e860b79aa2671b4331a9dfe80910c32191f8046c7,3297,1768,0,寝顔中心・上下直線・左右16%曲線・枠外透過,690,枠端を目視確認済み：草・影。主役の欠損候補から除外,枠内に残る可能性
ユキカブリ_寝顔2_ぼうだち寝.webp,ユキカブリ/ユキカブリ_寝顔2_ぼうだち寝.webp,0459,ユキカブリ,通常,2,ぼうだち寝,IMG_1792.jpeg,,加工済み・実装後確認,再生ボタン残り：身体の欠損とは別,"(57, 524, 316, 692)",撮り直し候補,未照合,画像/ユキカブリ/ユキカブリ_寝顔2_ぼうだち寝.webp,b6b17b44371b059515c1187e860b79aa2671b4331a9dfe80910c32191f8046c7,2133,1768,0,寝顔中心・上下直線・左右16%曲線・枠外透過,691,枠端を目視確認済み：草・影。主役の欠損候補から除外,枠内に残る可能性
ユキカブリ_寝顔3_きのみ寝.webp,ユキカブリ/ユキカブリ_寝顔3_きのみ寝.webp,0459,ユキカブリ,通常,3,きのみ寝,IMG_1792.jpeg,,加工済み・実装後確認,再生ボタン残り：身体の欠損とは別,"(57, 799, 316, 967)",撮り直し候補,未照合,画像/ユキカブリ/ユキカブリ_寝顔3_きのみ寝.webp,b6b17b44371b059515c1187e860b79aa2671b4331a9dfe80910c32191f8046c7,2139,1768,0,寝顔中心・上下直線・左右16%曲線・枠外透過,692,枠端を目視確認済み：草・影。主役の欠損候補から除外,枠内に残る可能性
ユキカブリ_寝顔4_おなかのうえ寝.webp,ユキカブリ/ユキカブリ_寝顔4_おなかのうえ寝.webp,0459,ユキカブリ,通常,4,おなかのうえ寝,IMG_1792.jpeg,カビゴンは元画像に見える範囲のみ。再生ボタンの重なり部分は補描なし。,加工済み・実装後確認,再生ボタン残り：身体の欠損とは別,"(57, 1074, 316, 1242)",構図要確認,未照合,画像/ユキカブリ/ユキカブリ_寝顔4_おなかのうえ寝.webp,b6b17b44371b059515c1187e860b79aa2671b4331a9dfe80910c32191f8046c7,4407,1768,0,寝顔中心・上下直線・左右16%曲線・枠外透過,693,一次一覧確認で確定なし（細部は実装後確認）,枠内に残る可能性
ユキノオー_寝顔1_といき寝.webp,ユキノオー/ユキノオー_寝顔1_といき寝.webp,0460,ユキノオー,通常,1,といき寝,IMG_1793.png,,加工済み・実装後確認,再生ボタン残り：身体の欠損とは別,"(137, 719, 477, 979)",撮り直し候補,未照合,画像/ユキノオー/ユキノオー_寝顔1_といき寝.webp,1e1a17d07a79fdaaf9847a70c7491ee74916e7ba0b711bfcb32234694ee39fb6,0,619,0,寝顔中心・上下直線・左右16%曲線・枠外透過,694,一次一覧確認で確定なし（細部は実装後確認）,枠内に残る可能性
ユキノオー_寝顔2_いかく寝.webp,ユキノオー/ユキノオー_寝顔2_いかく寝.webp,0460,ユキノオー,通常,2,いかく寝,IMG_1793.png,,加工済み・実装後確認,再生ボタン残り：身体の欠損とは別,"(95, 1175, 525, 1446)",撮り直し候補,未照合,画像/ユキノオー/ユキノオー_寝顔2_いかく寝.webp,1e1a17d07a79fdaaf9847a70c7491ee74916e7ba0b711bfcb32234694ee39fb6,127,1768,0,寝顔中心・上下直線・左右16%曲線・枠外透過,695,一次一覧確認で確定なし（細部は実装後確認）,枠内に残る可能性
ユキノオー_寝顔3_ブリザード寝.webp,ユキノオー/ユキノオー_寝顔3_ブリザード寝.webp,0460,ユキノオー,通常,3,ブリザード寝,IMG_1793.png,,加工済み・実装後確認,再生ボタン残り：身体の欠損とは別,"(127, 1623, 487, 1890)",撮り直し候補,未照合,画像/ユキノオー/ユキノオー_寝顔3_ブリザード寝.webp,1e1a17d07a79fdaaf9847a70c7491ee74916e7ba0b711bfcb32234694ee39fb6,0,851,0,寝顔中心・上下直線・左右16%曲線・枠外透過,696,一次一覧確認で確定なし（細部は実装後確認）,枠内に残る可能性
マニューラ_寝顔1_すわり寝.webp,マニューラ/マニューラ_寝顔1_すわり寝.webp,0461,マニューラ,通常,1,すわり寝,IMG_1794.png,,加工済み・実装後確認,,"(143, 576, 433, 847)",撮り直し候補,未照合,画像/マニューラ/マニューラ_寝顔1_すわり寝.webp,1857fa21862f33df45d9db91b80cdf725b809d8c986b54649d736ce8735bbff8,0,0,0,寝顔中心・上下直線・左右16%曲線・枠外透過,697,一次一覧確認で確定なし（細部は実装後確認）,検出なし
マニューラ_寝顔2_ちょうはつ寝.webp,マニューラ/マニューラ_寝顔2_ちょうはつ寝.webp,0461,マニューラ,通常,2,ちょうはつ寝,IMG_1794.png,,加工済み・実装後確認,,"(145, 1032, 433, 1300)",撮り直し候補,未照合,画像/マニューラ/マニューラ_寝顔2_ちょうはつ寝.webp,1857fa21862f33df45d9db91b80cdf725b809d8c986b54649d736ce8735bbff8,0,0,0,寝顔中心・上下直線・左右16%曲線・枠外透過,698,一次一覧確認で確定なし（細部は実装後確認）,検出なし
マニューラ_寝顔3_ぐうたら寝.webp,マニューラ/マニューラ_寝顔3_ぐうたら寝.webp,0461,マニューラ,通常,3,ぐうたら寝,IMG_1794.png,,加工済み・実装後確認,,"(147, 1510, 457, 1723)",撮り直し候補,未照合,画像/マニューラ/マニューラ_寝顔3_ぐうたら寝.webp,1857fa21862f33df45d9db91b80cdf725b809d8c986b54649d736ce8735bbff8,0,0,0,寝顔中心・上下直線・左右16%曲線・枠外透過,699,一次一覧確認で確定なし（細部は実装後確認）,検出なし
マニューラ_寝顔4_おなかのうえ寝.webp,マニューラ/マニューラ_寝顔4_おなかのうえ寝.webp,0461,マニューラ,通常,4,おなかのうえ寝,IMG_1794.png,カビゴンは元画像に見える範囲のみ。再生ボタンの重なり部分は補描なし。,加工済み・実装後確認,再生ボタン残り：身体の欠損とは別,"(125, 1939, 482, 2218)",構図要確認,未照合,画像/マニューラ/マニューラ_寝顔4_おなかのうえ寝.webp,1857fa21862f33df45d9db91b80cdf725b809d8c986b54649d736ce8735bbff8,1727,846,0,寝顔中心・上下直線・左右16%曲線・枠外透過,700,一次一覧確認で確定なし（細部は実装後確認）,枠内に残る可能性
ジバコイル_寝顔1_ゆらゆらふゆう寝.webp,ジバコイル/ジバコイル_寝顔1_ゆらゆらふゆう寝.webp,0462,ジバコイル,通常,1,ゆらゆらふゆう寝,IMG_1795.png,,加工済み・実装後確認,,"(157, 722, 459, 956)",撮り直し候補,未照合,画像/ジバコイル/ジバコイル_寝顔1_ゆらゆらふゆう寝.webp,38b2317608f39d6c163fa792119e2b591c585adae26981d1860fc0d3bbe1a23c,0,2,0,寝顔中心・上下直線・左右16%曲線・枠外透過,701,一次一覧確認で確定なし（細部は実装後確認）,検出なし
ジバコイル_寝顔2_かんしふゆう寝.webp,ジバコイル/ジバコイル_寝顔2_かんしふゆう寝.webp,0462,ジバコイル,通常,2,かんしふゆう寝,IMG_1795.png,,加工済み・実装後確認,,"(158, 1188, 452, 1409)",一次切り抜き,未照合,画像/ジバコイル/ジバコイル_寝顔2_かんしふゆう寝.webp,38b2317608f39d6c163fa792119e2b591c585adae26981d1860fc0d3bbe1a23c,0,0,0,寝顔中心・上下直線・左右16%曲線・枠外透過,702,一次一覧確認で確定なし（細部は実装後確認）,検出なし
ジバコイル_寝顔3_さかさふゆう寝.webp,ジバコイル/ジバコイル_寝顔3_さかさふゆう寝.webp,0462,ジバコイル,通常,3,さかさふゆう寝,IMG_1795.png,,加工済み・実装後確認,,"(163, 1639, 458, 1845)",一次切り抜き,未照合,画像/ジバコイル/ジバコイル_寝顔3_さかさふゆう寝.webp,38b2317608f39d6c163fa792119e2b591c585adae26981d1860fc0d3bbe1a23c,0,0,0,寝顔中心・上下直線・左右16%曲線・枠外透過,703,一次一覧確認で確定なし（細部は実装後確認）,検出なし
トゲキッス_寝顔1_じゅうひこう寝.webp,トゲキッス/トゲキッス_寝顔1_じゅうひこう寝.webp,0468,トゲキッス,通常,1,じゅうひこう寝,IMG_1796.png,,加工済み・実装後確認,,"(151, 593, 477, 780)",一次切り抜き,未照合,画像/トゲキッス/トゲキッス_寝顔1_じゅうひこう寝.webp,9c6147469b2786cc96b5b61a45b74c1804f7117afe1b6358950f413c3e8b8ee5,0,0,0,寝顔中心・上下直線・左右16%曲線・枠外透過,704,一次一覧確認で確定なし（細部は実装後確認）,検出なし
トゲキッス_寝顔2_たちはばたき寝.webp,トゲキッス/トゲキッス_寝顔2_たちはばたき寝.webp,0468,トゲキッス,通常,2,たちはばたき寝,IMG_1796.png,,加工済み・実装後確認,再生ボタン残り：身体の欠損とは別,"(165, 1048, 467, 1288)",撮り直し候補,未照合,画像/トゲキッス/トゲキッス_寝顔2_たちはばたき寝.webp,9c6147469b2786cc96b5b61a45b74c1804f7117afe1b6358950f413c3e8b8ee5,0,196,0,寝顔中心・上下直線・左右16%曲線・枠外透過,705,一次一覧確認で確定なし（細部は実装後確認）,枠内に残る可能性
トゲキッス_寝顔3_きょくげいひこう寝.webp,トゲキッス/トゲキッス_寝顔3_きょくげいひこう寝.webp,0468,トゲキッス,通常,3,きょくげいひこう寝,IMG_1796.png,,加工済み・実装後確認,,"(143, 1512, 475, 1723)",撮り直し候補,未照合,画像/トゲキッス/トゲキッス_寝顔3_きょくげいひこう寝.webp,9c6147469b2786cc96b5b61a45b74c1804f7117afe1b6358950f413c3e8b8ee5,0,70,0,寝顔中心・上下直線・左右16%曲線・枠外透過,706,一次一覧確認で確定なし（細部は実装後確認）,検出なし
リーフィア_寝顔1_しっぽをふる寝.webp,リーフィア/リーフィア_寝顔1_しっぽをふる寝.webp,0470,リーフィア,通常,1,しっぽをふる寝,IMG_1797.png,,加工済み・実装後確認,再生ボタン残り：身体の欠損とは別,"(148, 594, 468, 796)",撮り直し候補,未照合,画像/リーフィア/リーフィア_寝顔1_しっぽをふる寝.webp,7a6beb39bdfcbffc8edc3fbbac79362bee99919f93440382b49aed6f0ead17b5,0,101,0,寝顔中心・上下直線・左右16%曲線・枠外透過,707,一次一覧確認で確定なし（細部は実装後確認）,枠内に残る可能性
リーフィア_寝顔2_ふんばり寝.webp,リーフィア/リーフィア_寝顔2_ふんばり寝.webp,0470,リーフィア,通常,2,ふんばり寝,IMG_1797.png,,加工済み・実装後確認,,"(140, 1018, 433, 1286)",撮り直し候補,未照合,画像/リーフィア/リーフィア_寝顔2_ふんばり寝.webp,7a6beb39bdfcbffc8edc3fbbac79362bee99919f93440382b49aed6f0ead17b5,0,0,0,寝顔中心・上下直線・左右16%曲線・枠外透過,708,一次一覧確認で確定なし（細部は実装後確認）,検出なし
リーフィア_寝顔3_はっぱつかみ寝.webp,リーフィア/リーフィア_寝顔3_はっぱつかみ寝.webp,0470,リーフィア,通常,3,はっぱつかみ寝,IMG_1797.png,,加工済み・実装後確認,再生ボタン残り：身体の欠損とは別,"(152, 1507, 474, 1708)",撮り直し候補,未照合,画像/リーフィア/リーフィア_寝顔3_はっぱつかみ寝.webp,7a6beb39bdfcbffc8edc3fbbac79362bee99919f93440382b49aed6f0ead17b5,0,175,0,寝顔中心・上下直線・左右16%曲線・枠外透過,709,一次一覧確認で確定なし（細部は実装後確認）,枠内に残る可能性
グレイシア_寝顔1_うでまくら寝.webp,グレイシア/グレイシア_寝顔1_うでまくら寝.webp,0471,グレイシア,通常,1,うでまくら寝,IMG_1798.png,,加工済み・実装後確認,,"(162, 487, 457, 653)",一次切り抜き,未照合,画像/グレイシア/グレイシア_寝顔1_うでまくら寝.webp,37e06c46624eaf029f33eb1774b079b4099fb846bfc6577722b01dfe3ac5b486,0,0,0,寝顔中心・上下直線・左右16%曲線・枠外透過,710,一次一覧確認で確定なし（細部は実装後確認）,検出なし
グレイシア_寝顔2_ふんばり寝.webp,グレイシア/グレイシア_寝顔2_ふんばり寝.webp,0471,グレイシア,通常,2,ふんばり寝,IMG_1798.png,,加工済み・実装後確認,,"(127, 875, 433, 1154)",撮り直し候補,未照合,画像/グレイシア/グレイシア_寝顔2_ふんばり寝.webp,37e06c46624eaf029f33eb1774b079b4099fb846bfc6577722b01dfe3ac5b486,0,0,0,寝顔中心・上下直線・左右16%曲線・枠外透過,711,一次一覧確認で確定なし（細部は実装後確認）,検出なし
グレイシア_寝顔3_ぺったり寝.webp,グレイシア/グレイシア_寝顔3_ぺったり寝.webp,0471,グレイシア,通常,3,ぺったり寝,IMG_1798.png,,加工済み・実装後確認,再生ボタン残り：身体の欠損とは別,"(148, 1356, 473, 1581)",撮り直し候補,未照合,画像/グレイシア/グレイシア_寝顔3_ぺったり寝.webp,37e06c46624eaf029f33eb1774b079b4099fb846bfc6577722b01dfe3ac5b486,0,220,0,寝顔中心・上下直線・左右16%曲線・枠外透過,712,一次一覧確認で確定なし（細部は実装後確認）,枠内に残る可能性
グレイシア_寝顔4_おなかのうえ寝.webp,グレイシア/グレイシア_寝顔4_おなかのうえ寝.webp,0471,グレイシア,通常,4,おなかのうえ寝,IMG_1798.png,カビゴンは元画像に見える範囲のみ。再生ボタンの重なり部分は補描なし。,加工済み・実装後確認,再生ボタン残り：身体の欠損とは別,"(105, 1789, 518, 2069)",構図要確認,未照合,画像/グレイシア/グレイシア_寝顔4_おなかのうえ寝.webp,37e06c46624eaf029f33eb1774b079b4099fb846bfc6577722b01dfe3ac5b486,165,1766,0,寝顔中心・上下直線・左右16%曲線・枠外透過,713,一次一覧確認で確定なし（細部は実装後確認）,枠内に残る可能性
エルレイド_寝顔1_れいぎただしい寝.webp,エルレイド/エルレイド_寝顔1_れいぎただしい寝.webp,0475,エルレイド,通常,1,れいぎただしい寝,IMG_1799.png,,加工済み・実装後確認,,"(155, 493, 433, 766)",撮り直し候補,未照合,画像/エルレイド/エルレイド_寝顔1_れいぎただしい寝.webp,21212d7d9362409d3fd46f45f83c18017fa738ff0d6e12b400cc284aa56606d0,0,0,0,寝顔中心・上下直線・左右16%曲線・枠外透過,714,一次一覧確認で確定なし（細部は実装後確認）,検出なし
エルレイド_寝顔2_いあいぎり寝.webp,エルレイド/エルレイド_寝顔2_いあいぎり寝.webp,0475,エルレイド,通常,2,いあいぎり寝,IMG_1799.png,,加工済み・実装後確認,,"(141, 947, 433, 1224)",撮り直し候補,未照合,画像/エルレイド/エルレイド_寝顔2_いあいぎり寝.webp,21212d7d9362409d3fd46f45f83c18017fa738ff0d6e12b400cc284aa56606d0,0,0,0,寝顔中心・上下直線・左右16%曲線・枠外透過,715,一次一覧確認で確定なし（細部は実装後確認）,検出なし
エルレイド_寝顔3_ゆめでいあいぎり寝.webp,エルレイド/エルレイド_寝顔3_ゆめでいあいぎり寝.webp,0475,エルレイド,通常,3,ゆめでいあいぎり寝,IMG_1799.png,,加工済み・実装後確認,再生ボタン残り：身体の欠損とは別,"(130, 1443, 482, 1654)",撮り直し候補,未照合,画像/エルレイド/エルレイド_寝顔3_ゆめでいあいぎり寝.webp,21212d7d9362409d3fd46f45f83c18017fa738ff0d6e12b400cc284aa56606d0,0,447,0,寝顔中心・上下直線・左右16%曲線・枠外透過,716,一次一覧確認で確定なし（細部は実装後確認）,枠内に残る可能性
エルレイド_寝顔4_おなかのうえ寝.webp,エルレイド/エルレイド_寝顔4_おなかのうえ寝.webp,0475,エルレイド,通常,4,おなかのうえ寝,IMG_1799.png,カビゴンは元画像に見える範囲のみ。再生ボタンの重なり部分は補描なし。,加工済み・実装後確認,再生ボタン残り：身体の欠損とは別,"(95, 1861, 492, 2141)",構図要確認,未照合,画像/エルレイド/エルレイド_寝顔4_おなかのうえ寝.webp,21212d7d9362409d3fd46f45f83c18017fa738ff0d6e12b400cc284aa56606d0,1364,1146,0,寝顔中心・上下直線・左右16%曲線・枠外透過,717,一次一覧確認で確定なし（細部は実装後確認）,枠内に残る可能性
クレセリア_寝顔1_つっぷし寝.webp,クレセリア/クレセリア_寝顔1_つっぷし寝.webp,0488,クレセリア,通常,1,つっぷし寝,IMG_1800.png,,加工済み・実装後確認,再生ボタン残り：身体の欠損とは別,"(127, 797, 488, 1011)",撮り直し候補,未照合,画像/クレセリア/クレセリア_寝顔1_つっぷし寝.webp,ed380e0b5058dc9903a87d4002ec1fe2f5fff0f27a9118c50e85a40a5d264c4e,0,517,0,寝顔中心・上下直線・左右16%曲線・枠外透過,718,一次一覧確認で確定なし（細部は実装後確認）,枠内に残る可能性
クレセリア_寝顔2_こっくりふゆう寝.webp,クレセリア/クレセリア_寝顔2_こっくりふゆう寝.webp,0488,クレセリア,通常,2,こっくりふゆう寝,IMG_1800.png,,加工済み・実装後確認,,"(129, 1221, 433, 1493)",撮り直し候補,未照合,画像/クレセリア/クレセリア_寝顔2_こっくりふゆう寝.webp,ed380e0b5058dc9903a87d4002ec1fe2f5fff0f27a9118c50e85a40a5d264c4e,0,0,0,寝顔中心・上下直線・左右16%曲線・枠外透過,719,一次一覧確認で確定なし（細部は実装後確認）,検出なし
クレセリア_寝顔3_みかづきのいのり寝.webp,クレセリア/クレセリア_寝顔3_みかづきのいのり寝.webp,0488,クレセリア,通常,3,みかづきのいのり寝,IMG_1800.png,,加工済み・実装後確認,,"(117, 1678, 433, 1958)",撮り直し候補,未照合,画像/クレセリア/クレセリア_寝顔3_みかづきのいのり寝.webp,ed380e0b5058dc9903a87d4002ec1fe2f5fff0f27a9118c50e85a40a5d264c4e,0,0,0,寝顔中心・上下直線・左右16%曲線・枠外透過,720,一次一覧確認で確定なし（細部は実装後確認）,検出なし
ダークライ_寝顔1_ふゆううでぐみ寝.webp,ダークライ/ダークライ_寝顔1_ふゆううでぐみ寝.webp,0491,ダークライ,通常,1,ふゆううでぐみ寝,IMG_1801.png,,加工済み・実装後確認,再生ボタン残り：身体の欠損とは別,"(153, 616, 475, 885)",撮り直し候補,未照合,画像/ダークライ/ダークライ_寝顔1_ふゆううでぐみ寝.webp,67a8820747eeabb82f9f1dc87c0924a7f14fc6e4315f60ec67ea3dba7d091dc8,0,541,0,寝顔中心・上下直線・左右16%曲線・枠外透過,721,一次一覧確認で確定なし（細部は実装後確認）,枠内に残る可能性
ダークライ_寝顔2_ふゆうかまえ寝.webp,ダークライ/ダークライ_寝顔2_ふゆうかまえ寝.webp,0491,ダークライ,通常,2,ふゆうかまえ寝,IMG_1801.png,,加工済み・実装後確認,,"(137, 1072, 433, 1351)",撮り直し候補,未照合,画像/ダークライ/ダークライ_寝顔2_ふゆうかまえ寝.webp,67a8820747eeabb82f9f1dc87c0924a7f14fc6e4315f60ec67ea3dba7d091dc8,0,0,0,寝顔中心・上下直線・左右16%曲線・枠外透過,722,一次一覧確認で確定なし（細部は実装後確認）,検出なし
ダークライ_寝顔3_ダークホール寝.webp,ダークライ/ダークライ_寝顔3_ダークホール寝.webp,0491,ダークライ,通常,3,ダークホール寝,IMG_1801.png,,加工済み・実装後確認,,"(137, 1530, 433, 1809)",撮り直し候補,未照合,画像/ダークライ/ダークライ_寝顔3_ダークホール寝.webp,67a8820747eeabb82f9f1dc87c0924a7f14fc6e4315f60ec67ea3dba7d091dc8,0,0,0,寝顔中心・上下直線・左右16%曲線・枠外透過,723,一次一覧確認で確定なし（細部は実装後確認）,検出なし
ムンナ_寝顔1_ゆめのけむり寝.webp,ムンナ/ムンナ_寝顔1_ゆめのけむり寝.webp,0517,ムンナ,通常,1,ゆめのけむり寝,IMG_1802.png,,加工済み・実装後確認,,"(163, 709, 405, 910)",一次切り抜き,未照合,画像/ムンナ/ムンナ_寝顔1_ゆめのけむり寝.webp,021dd8a6f240e4e56969f92637e55d3ee1083fc2fd173100c1382f92287b8f08,0,0,0,寝顔中心・上下直線・左右16%曲線・枠外透過,724,一次一覧確認で確定なし（細部は実装後確認）,検出なし
ムンナ_寝顔2_ふゆうころころ寝.webp,ムンナ/ムンナ_寝顔2_ふゆうころころ寝.webp,0517,ムンナ,通常,2,ふゆうころころ寝,IMG_1802.png,,加工済み・実装後確認,,"(177, 1168, 417, 1367)",一次切り抜き,未照合,画像/ムンナ/ムンナ_寝顔2_ふゆうころころ寝.webp,021dd8a6f240e4e56969f92637e55d3ee1083fc2fd173100c1382f92287b8f08,0,0,0,寝顔中心・上下直線・左右16%曲線・枠外透過,725,一次一覧確認で確定なし（細部は実装後確認）,検出なし
ムンナ_寝顔3_ゆめくい寝.webp,ムンナ/ムンナ_寝顔3_ゆめくい寝.webp,0517,ムンナ,通常,3,ゆめくい寝,IMG_1802.png,,加工済み・実装後確認,,"(175, 1623, 419, 1827)",一次切り抜き,未照合,画像/ムンナ/ムンナ_寝顔3_ゆめくい寝.webp,021dd8a6f240e4e56969f92637e55d3ee1083fc2fd173100c1382f92287b8f08,0,0,0,寝顔中心・上下直線・左右16%曲線・枠外透過,726,一次一覧確認で確定なし（細部は実装後確認）,検出なし
ムシャーナ_寝顔1_ふゆうすりすり寝.webp,ムシャーナ/ムシャーナ_寝顔1_ふゆうすりすり寝.webp,0518,ムシャーナ,通常,1,ふゆうすりすり寝,IMG_1803.png,,加工済み・実装後確認,,"(138, 710, 433, 973)",撮り直し候補,未照合,画像/ムシャーナ/ムシャーナ_寝顔1_ふゆうすりすり寝.webp,27fb9f9b9337b536561a1e5c90159e33efc0186366b2d2070e93c5ebcb9ca388,0,0,0,寝顔中心・上下直線・左右16%曲線・枠外透過,727,一次一覧確認で確定なし（細部は実装後確認）,検出なし
ムシャーナ_寝顔2_かおごしごし寝.webp,ムシャーナ/ムシャーナ_寝顔2_かおごしごし寝.webp,0518,ムシャーナ,通常,2,かおごしごし寝,IMG_1803.png,,加工済み・実装後確認,,"(122, 1167, 433, 1446)",撮り直し候補,未照合,画像/ムシャーナ/ムシャーナ_寝顔2_かおごしごし寝.webp,27fb9f9b9337b536561a1e5c90159e33efc0186366b2d2070e93c5ebcb9ca388,0,0,0,寝顔中心・上下直線・左右16%曲線・枠外透過,728,一次一覧確認で確定なし（細部は実装後確認）,検出なし
ムシャーナ_寝顔3_ゆめのけむり寝.webp,ムシャーナ/ムシャーナ_寝顔3_ゆめのけむり寝.webp,0518,ムシャーナ,通常,3,ゆめのけむり寝,IMG_1803.png,,加工済み・実装後確認,,"(185, 1628, 413, 1819)",撮り直し候補,未照合,画像/ムシャーナ/ムシャーナ_寝顔3_ゆめのけむり寝.webp,27fb9f9b9337b536561a1e5c90159e33efc0186366b2d2070e93c5ebcb9ca388,0,0,0,寝顔中心・上下直線・左右16%曲線・枠外透過,729,一次一覧確認で確定なし（細部は実装後確認）,検出なし
イシズマイ_寝顔1_からにこもる寝.webp,イシズマイ/イシズマイ_寝顔1_からにこもる寝.webp,0557,イシズマイ,通常,1,からにこもる寝,IMG_1804.png,,加工済み・実装後確認,,"(183, 530, 433, 739)",一次切り抜き,未照合,画像/イシズマイ/イシズマイ_寝顔1_からにこもる寝.webp,2556a8931f4b6723de9d20fc231591b5093f614a24098eedd358e7fc82a91f16,0,0,0,寝顔中心・上下直線・左右16%曲線・枠外透過,730,一次一覧確認で確定なし（細部は実装後確認）,検出なし
イシズマイ_寝顔2_こもらない寝.webp,イシズマイ/イシズマイ_寝顔2_こもらない寝.webp,0557,イシズマイ,通常,2,こもらない寝,IMG_1804.png,,加工済み・実装後確認,,"(168, 977, 433, 1203)",一次切り抜き,未照合,画像/イシズマイ/イシズマイ_寝顔2_こもらない寝.webp,2556a8931f4b6723de9d20fc231591b5093f614a24098eedd358e7fc82a91f16,0,0,0,寝顔中心・上下直線・左右16%曲線・枠外透過,731,一次一覧確認で確定なし（細部は実装後確認）,検出なし
イシズマイ_寝顔3_からだいじ寝.webp,イシズマイ/イシズマイ_寝顔3_からだいじ寝.webp,0557,イシズマイ,通常,3,からだいじ寝,IMG_1804.png,,加工済み・実装後確認,,"(185, 1431, 433, 1644)",一次切り抜き,未照合,画像/イシズマイ/イシズマイ_寝顔3_からだいじ寝.webp,2556a8931f4b6723de9d20fc231591b5093f614a24098eedd358e7fc82a91f16,0,0,0,寝顔中心・上下直線・左右16%曲線・枠外透過,732,一次一覧確認で確定なし（細部は実装後確認）,検出なし
イシズマイ_寝顔4_おなかのうえ寝.webp,イシズマイ/イシズマイ_寝顔4_おなかのうえ寝.webp,0557,イシズマイ,通常,4,おなかのうえ寝,IMG_1804.png,カビゴンは元画像に見える範囲のみ。再生ボタンの重なり部分は補描なし。,加工済み・実装後確認,再生ボタン残り：身体の欠損とは別,"(100, 1863, 523, 2142)",構図要確認,未照合,画像/イシズマイ/イシズマイ_寝顔4_おなかのうえ寝.webp,2556a8931f4b6723de9d20fc231591b5093f614a24098eedd358e7fc82a91f16,3070,1768,0,寝顔中心・上下直線・左右16%曲線・枠外透過,733,一次一覧確認で確定なし（細部は実装後確認）,枠内に残る可能性
イワパレス_寝顔1_からにこもる寝.webp,イワパレス/イワパレス_寝顔1_からにこもる寝.webp,0558,イワパレス,通常,1,からにこもる寝,IMG_1805.png,,加工済み・実装後確認,,"(163, 469, 433, 704)",一次切り抜き,未照合,画像/イワパレス/イワパレス_寝顔1_からにこもる寝.webp,5e77fefb9ac11f26833749cfa414a6cd0709bf1ed251e9ad569ca8bbad7abf64,0,0,0,寝顔中心・上下直線・左右16%曲線・枠外透過,734,一次一覧確認で確定なし（細部は実装後確認）,検出なし
イワパレス_寝顔2_こもらない寝.webp,イワパレス/イワパレス_寝顔2_こもらない寝.webp,0558,イワパレス,通常,2,こもらない寝,IMG_1805.png,,加工済み・実装後確認,,"(153, 918, 433, 1168)",撮り直し候補,未照合,画像/イワパレス/イワパレス_寝顔2_こもらない寝.webp,5e77fefb9ac11f26833749cfa414a6cd0709bf1ed251e9ad569ca8bbad7abf64,0,0,0,寝顔中心・上下直線・左右16%曲線・枠外透過,735,一次一覧確認で確定なし（細部は実装後確認）,検出なし
イワパレス_寝顔3_からのうえ寝.webp,イワパレス/イワパレス_寝顔3_からのうえ寝.webp,0558,イワパレス,通常,3,からのうえ寝,IMG_1805.png,,加工済み・実装後確認,,"(156, 1376, 433, 1619)",撮り直し候補,未照合,画像/イワパレス/イワパレス_寝顔3_からのうえ寝.webp,5e77fefb9ac11f26833749cfa414a6cd0709bf1ed251e9ad569ca8bbad7abf64,0,0,0,寝顔中心・上下直線・左右16%曲線・枠外透過,736,一次一覧確認で確定なし（細部は実装後確認）,検出なし
ワシボン_寝顔1_はねやすめ寝.webp,ワシボン/ワシボン_寝顔1_はねやすめ寝.webp,0627,ワシボン,通常,1,はねやすめ寝,IMG_1806.png,,加工済み・実装後確認,,"(165, 453, 433, 704)",撮り直し候補,未照合,画像/ワシボン/ワシボン_寝顔1_はねやすめ寝.webp,e8a8afe91a324a622eb57ed1c9d2e5706221545ec60dfb7fa117b91fa335e58e,0,0,0,寝顔中心・上下直線・左右16%曲線・枠外透過,737,一次一覧確認で確定なし（細部は実装後確認）,検出なし
ワシボン_寝顔2_はばたき寝.webp,ワシボン/ワシボン_寝顔2_はばたき寝.webp,0627,ワシボン,通常,2,はばたき寝,IMG_1806.png,,加工済み・実装後確認,,"(141, 897, 433, 1163)",撮り直し候補,未照合,画像/ワシボン/ワシボン_寝顔2_はばたき寝.webp,e8a8afe91a324a622eb57ed1c9d2e5706221545ec60dfb7fa117b91fa335e58e,0,0,0,寝顔中心・上下直線・左右16%曲線・枠外透過,738,一次一覧確認で確定なし（細部は実装後確認）,検出なし
ワシボン_寝顔3_ぐずり寝.webp,ワシボン/ワシボン_寝顔3_ぐずり寝.webp,0627,ワシボン,通常,3,ぐずり寝,IMG_1806.png,,加工済み・実装後確認,,"(151, 1360, 452, 1612)",撮り直し候補,未照合,画像/ワシボン/ワシボン_寝顔3_ぐずり寝.webp,e8a8afe91a324a622eb57ed1c9d2e5706221545ec60dfb7fa117b91fa335e58e,0,0,0,寝顔中心・上下直線・左右16%曲線・枠外透過,739,一次一覧確認で確定なし（細部は実装後確認）,検出なし
ワシボン_寝顔4_おなかのうえ寝.webp,ワシボン/ワシボン_寝顔4_おなかのうえ寝.webp,0627,ワシボン,通常,4,おなかのうえ寝,IMG_1806.png,カビゴンは元画像に見える範囲のみ。再生ボタンの重なり部分は補描なし。,加工済み・実装後確認,再生ボタン残り：身体の欠損とは別,"(95, 1812, 525, 2091)",構図要確認,未照合,画像/ワシボン/ワシボン_寝顔4_おなかのうえ寝.webp,e8a8afe91a324a622eb57ed1c9d2e5706221545ec60dfb7fa117b91fa335e58e,2944,1768,0,寝顔中心・上下直線・左右16%曲線・枠外透過,740,一次一覧確認で確定なし（細部は実装後確認）,枠内に残る可能性
ウォーグル_寝顔1_はねやすめ寝.webp,ウォーグル/ウォーグル_寝顔1_はねやすめ寝.webp,0628,ウォーグル,通常,1,はねやすめ寝,IMG_1807.png,,加工済み・実装後確認,,"(153, 502, 433, 781)",撮り直し候補,未照合,画像/ウォーグル/ウォーグル_寝顔1_はねやすめ寝.webp,352808e790c0cb25936c1db1b62510f3081fd674edeb62052a6b1b968b80f0d1,0,0,0,寝顔中心・上下直線・左右16%曲線・枠外透過,741,一次一覧確認で確定なし（細部は実装後確認）,検出なし
ウォーグル_寝顔2_はばたき寝.webp,ウォーグル/ウォーグル_寝顔2_はばたき寝.webp,0628,ウォーグル,通常,2,はばたき寝,IMG_1807.png,,加工済み・実装後確認,再生ボタン残り：身体の欠損とは別,"(95, 958, 525, 1230)",撮り直し候補,未照合,画像/ウォーグル/ウォーグル_寝顔2_はばたき寝.webp,352808e790c0cb25936c1db1b62510f3081fd674edeb62052a6b1b968b80f0d1,126,1768,0,寝顔中心・上下直線・左右16%曲線・枠外透過,742,一次一覧確認で確定なし（細部は実装後確認）,枠内に残る可能性
ウォーグル_寝顔3_はづくろい寝.webp,ウォーグル/ウォーグル_寝顔3_はづくろい寝.webp,0628,ウォーグル,通常,3,はづくろい寝,IMG_1807.png,,加工済み・実装後確認,再生ボタン残り：身体の欠損とは別,"(140, 1435, 462, 1683)",撮り直し候補,未照合,画像/ウォーグル/ウォーグル_寝顔3_はづくろい寝.webp,352808e790c0cb25936c1db1b62510f3081fd674edeb62052a6b1b968b80f0d1,0,139,0,寝顔中心・上下直線・左右16%曲線・枠外透過,743,一次一覧確認で確定なし（細部は実装後確認）,枠内に残る可能性
ウォーグル_寝顔4_おなかのうえ寝.webp,ウォーグル/ウォーグル_寝顔4_おなかのうえ寝.webp,0628,ウォーグル,通常,4,おなかのうえ寝,IMG_1807.png,カビゴンは元画像に見える範囲のみ。再生ボタンの重なり部分は補描なし。,加工済み・実装後確認,再生ボタン残り：身体の欠損とは別,"(95, 1873, 507, 2152)",構図要確認,未照合,画像/ウォーグル/ウォーグル_寝顔4_おなかのうえ寝.webp,352808e790c0cb25936c1db1b62510f3081fd674edeb62052a6b1b968b80f0d1,2693,1609,0,寝顔中心・上下直線・左右16%曲線・枠外透過,744,一次一覧確認で確定なし（細部は実装後確認）,枠内に残る可能性
チゴラス_寝顔1_すわり寝.webp,チゴラス/チゴラス_寝顔1_すわり寝.webp,0696,チゴラス,通常,1,すわり寝,IMG_1808.png,,加工済み・実装後確認,,"(171, 568, 433, 792)",一次切り抜き,未照合,画像/チゴラス/チゴラス_寝顔1_すわり寝.webp,258810bd08ca7748c631d5e9b0d9797569cfee56775b9d61340bca33b477d7ca,0,0,0,寝顔中心・上下直線・左右16%曲線・枠外透過,745,一次一覧確認で確定なし（細部は実装後確認）,検出なし
チゴラス_寝顔2_おおあくび寝.webp,チゴラス/チゴラス_寝顔2_おおあくび寝.webp,0696,チゴラス,通常,2,おおあくび寝,IMG_1808.png,,加工済み・実装後確認,,"(167, 1022, 433, 1250)",一次切り抜き,未照合,画像/チゴラス/チゴラス_寝顔2_おおあくび寝.webp,258810bd08ca7748c631d5e9b0d9797569cfee56775b9d61340bca33b477d7ca,0,0,0,寝顔中心・上下直線・左右16%曲線・枠外透過,746,一次一覧確認で確定なし（細部は実装後確認）,検出なし
チゴラス_寝顔3_かみつく寝.webp,チゴラス/チゴラス_寝顔3_かみつく寝.webp,0696,チゴラス,通常,3,かみつく寝,IMG_1808.png,,加工済み・実装後確認,再生ボタン残り：身体の欠損とは別,"(143, 1488, 483, 1693)",撮り直し候補,未照合,画像/チゴラス/チゴラス_寝顔3_かみつく寝.webp,258810bd08ca7748c631d5e9b0d9797569cfee56775b9d61340bca33b477d7ca,0,228,0,寝顔中心・上下直線・左右16%曲線・枠外透過,747,一次一覧確認で確定なし（細部は実装後確認）,枠内に残る可能性
チゴラス_寝顔4_おなかのうえ寝.webp,チゴラス/チゴラス_寝顔4_おなかのうえ寝.webp,0696,チゴラス,通常,4,おなかのうえ寝,IMG_1808.png,カビゴンは元画像に見える範囲のみ。再生ボタンの重なり部分は補描なし。,加工済み・実装後確認,再生ボタン残り：身体の欠損とは別,"(95, 1913, 525, 2192)",構図要確認,未照合,画像/チゴラス/チゴラス_寝顔4_おなかのうえ寝.webp,258810bd08ca7748c631d5e9b0d9797569cfee56775b9d61340bca33b477d7ca,2917,1768,0,寝顔中心・上下直線・左右16%曲線・枠外透過,748,一次一覧確認で確定なし（細部は実装後確認）,枠内に残る可能性
ガチゴラス_寝顔1_どっしり寝.webp,ガチゴラス/ガチゴラス_寝顔1_どっしり寝.webp,0697,ガチゴラス,通常,1,どっしり寝,IMG_1809.png,,加工済み・実装後確認,再生ボタン残り：身体の欠損とは別,"(131, 711, 493, 974)",撮り直し候補,未照合,画像/ガチゴラス/ガチゴラス_寝顔1_どっしり寝.webp,0691b760a1056336fa4e848bf8e6f64344c1d64115aaf21948691dc06b31b6f7,0,1033,0,寝顔中心・上下直線・左右16%曲線・枠外透過,749,一次一覧確認で確定なし（細部は実装後確認）,枠内に残る可能性
ガチゴラス_寝顔2_おおあくび寝.webp,ガチゴラス/ガチゴラス_寝顔2_おおあくび寝.webp,0697,ガチゴラス,通常,2,おおあくび寝,IMG_1809.png,,加工済み・実装後確認,再生ボタン残り：身体の欠損とは別,"(151, 1167, 487, 1446)",撮り直し候補,未照合,画像/ガチゴラス/ガチゴラス_寝顔2_おおあくび寝.webp,0691b760a1056336fa4e848bf8e6f64344c1d64115aaf21948691dc06b31b6f7,0,1050,0,寝顔中心・上下直線・左右16%曲線・枠外透過,750,一次一覧確認で確定なし（細部は実装後確認）,枠内に残る可能性
ガチゴラス_寝顔3_ほうこう寝.webp,ガチゴラス/ガチゴラス_寝顔3_ほうこう寝.webp,0697,ガチゴラス,通常,3,ほうこう寝,IMG_1809.png,,加工済み・実装後確認,再生ボタン残り：身体の欠損とは別,"(120, 1653, 500, 1868)",撮り直し候補,未照合,画像/ガチゴラス/ガチゴラス_寝顔3_ほうこう寝.webp,0691b760a1056336fa4e848bf8e6f64344c1d64115aaf21948691dc06b31b6f7,0,730,0,寝顔中心・上下直線・左右16%曲線・枠外透過,751,一次一覧確認で確定なし（細部は実装後確認）,枠内に残る可能性
ニンフィア_寝顔1_まるまり寝.webp,ニンフィア/ニンフィア_寝顔1_まるまり寝.webp,0700,ニンフィア,通常,1,まるまり寝,IMG_1810.png,,加工済み・実装後確認,,"(153, 560, 470, 727)",撮り直し候補,未照合,画像/ニンフィア/ニンフィア_寝顔1_まるまり寝.webp,fdd4bb987ac51e7afed79ca8bf05d9eecfffcff0284db95bed565c5d0dbb2787,0,0,0,寝顔中心・上下直線・左右16%曲線・枠外透過,752,一次一覧確認で確定なし（細部は実装後確認）,検出なし
ニンフィア_寝顔2_ふんばり寝.webp,ニンフィア/ニンフィア_寝顔2_ふんばり寝.webp,0700,ニンフィア,通常,2,ふんばり寝,IMG_1810.png,,加工済み・実装後確認,,"(163, 976, 433, 1231)",撮り直し候補,未照合,画像/ニンフィア/ニンフィア_寝顔2_ふんばり寝.webp,fdd4bb987ac51e7afed79ca8bf05d9eecfffcff0284db95bed565c5d0dbb2787,0,0,0,寝顔中心・上下直線・左右16%曲線・枠外透過,753,一次一覧確認で確定なし（細部は実装後確認）,検出なし
ニンフィア_寝顔3_リボンからまり寝.webp,ニンフィア/ニンフィア_寝顔3_リボンからまり寝.webp,0700,ニンフィア,通常,3,リボンからまり寝,IMG_1810.png,,加工済み・実装後確認,,"(145, 1447, 469, 1654)",撮り直し候補,未照合,画像/ニンフィア/ニンフィア_寝顔3_リボンからまり寝.webp,fdd4bb987ac51e7afed79ca8bf05d9eecfffcff0284db95bed565c5d0dbb2787,0,42,0,寝顔中心・上下直線・左右16%曲線・枠外透過,754,一次一覧確認で確定なし（細部は実装後確認）,検出なし
ニンフィア_寝顔4_おなかのうえ寝.webp,ニンフィア/ニンフィア_寝顔4_おなかのうえ寝.webp,0700,ニンフィア,通常,4,おなかのうえ寝,IMG_1810.png,カビゴンは元画像に見える範囲のみ。再生ボタンの重なり部分は補描なし。,加工済み・実装後確認,再生ボタン残り：身体の欠損とは別,"(95, 1873, 525, 2152)",構図要確認,未照合,画像/ニンフィア/ニンフィア_寝顔4_おなかのうえ寝.webp,fdd4bb987ac51e7afed79ca8bf05d9eecfffcff0284db95bed565c5d0dbb2787,143,1768,0,寝顔中心・上下直線・左右16%曲線・枠外透過,755,一次一覧確認で確定なし（細部は実装後確認）,枠内に残る可能性
ルチャブル_寝顔1_くるまり寝.webp,ルチャブル/ルチャブル_寝顔1_くるまり寝.webp,0701,ルチャブル,通常,1,くるまり寝,IMG_1811.png,,加工済み・実装後確認,,"(135, 474, 433, 736)",撮り直し候補,未照合,画像/ルチャブル/ルチャブル_寝顔1_くるまり寝.webp,a85ef3f409ed794f60ff38faf917f1d9d4024984d3ec7c511f9a0708635fef05,0,0,0,寝顔中心・上下直線・左右16%曲線・枠外透過,756,一次一覧確認で確定なし（細部は実装後確認）,検出なし
ルチャブル_寝顔2_こぶしうちつけ寝.webp,ルチャブル/ルチャブル_寝顔2_こぶしうちつけ寝.webp,0701,ルチャブル,通常,2,こぶしうちつけ寝,IMG_1811.png,,加工済み・実装後確認,,"(122, 921, 433, 1200)",撮り直し候補,未照合,画像/ルチャブル/ルチャブル_寝顔2_こぶしうちつけ寝.webp,a85ef3f409ed794f60ff38faf917f1d9d4024984d3ec7c511f9a0708635fef05,0,0,0,寝顔中心・上下直線・左右16%曲線・枠外透過,757,一次一覧確認で確定なし（細部は実装後確認）,検出なし
ルチャブル_寝顔3_きめポーズ寝.webp,ルチャブル/ルチャブル_寝顔3_きめポーズ寝.webp,0701,ルチャブル,通常,3,きめポーズ寝,IMG_1811.png,,加工済み・実装後確認,再生ボタン残り：身体の欠損とは別,"(119, 1391, 462, 1648)",撮り直し候補,未照合,画像/ルチャブル/ルチャブル_寝顔3_きめポーズ寝.webp,a85ef3f409ed794f60ff38faf917f1d9d4024984d3ec7c511f9a0708635fef05,0,124,0,寝顔中心・上下直線・左右16%曲線・枠外透過,758,一次一覧確認で確定なし（細部は実装後確認）,枠内に残る可能性
デデンネ_寝顔1_しっぽまるまり寝.webp,デデンネ/デデンネ_寝顔1_しっぽまるまり寝.webp,0702,デデンネ,通常,1,しっぽまるまり寝,IMG_1812.png,,加工済み・実装後確認,,"(177, 453, 433, 686)",一次切り抜き,未照合,画像/デデンネ/デデンネ_寝顔1_しっぽまるまり寝.webp,4b8ba42ce3bc5258ddac04c5a6434809c245db8a359caab657f066041210178e,0,0,0,寝顔中心・上下直線・左右16%曲線・枠外透過,759,一次一覧確認で確定なし（細部は実装後確認）,検出なし
デデンネ_寝顔2_かおごしごし寝.webp,デデンネ/デデンネ_寝顔2_かおごしごし寝.webp,0702,デデンネ,通常,2,かおごしごし寝,IMG_1812.png,,加工済み・実装後確認,再生ボタン残り：身体の欠損とは別,"(165, 900, 472, 1154)",撮り直し候補,未照合,画像/デデンネ/デデンネ_寝顔2_かおごしごし寝.webp,4b8ba42ce3bc5258ddac04c5a6434809c245db8a359caab657f066041210178e,0,391,0,寝顔中心・上下直線・左右16%曲線・枠外透過,760,一次一覧確認で確定なし（細部は実装後確認）,枠内に残る可能性
デデンネ_寝顔3_ほっぺすりすり寝.webp,デデンネ/デデンネ_寝顔3_ほっぺすりすり寝.webp,0702,デデンネ,通常,3,ほっぺすりすり寝,IMG_1812.png,,加工済み・実装後確認,再生ボタン残り：身体の欠損とは別,"(161, 1372, 467, 1607)",撮り直し候補,未照合,画像/デデンネ/デデンネ_寝顔3_ほっぺすりすり寝.webp,4b8ba42ce3bc5258ddac04c5a6434809c245db8a359caab657f066041210178e,0,210,0,寝顔中心・上下直線・左右16%曲線・枠外透過,761,一次一覧確認で確定なし（細部は実装後確認）,枠内に残る可能性
デデンネ_寝顔4_おなかのうえ寝.webp,デデンネ/デデンネ_寝顔4_おなかのうえ寝.webp,0702,デデンネ,通常,4,おなかのうえ寝,IMG_1812.png,カビゴンは元画像に見える範囲のみ。再生ボタンの重なり部分は補描なし。,加工済み・実装後確認,再生ボタン残り：身体の欠損とは別,"(95, 1807, 525, 2086)",構図要確認,未照合,画像/デデンネ/デデンネ_寝顔4_おなかのうえ寝.webp,4b8ba42ce3bc5258ddac04c5a6434809c245db8a359caab657f066041210178e,3593,1768,0,寝顔中心・上下直線・左右16%曲線・枠外透過,762,一次一覧確認で確定なし（細部は実装後確認）,枠内に残る可能性
バケッチャ_寝顔1_うまり寝.webp,バケッチャ/バケッチャ_寝顔1_うまり寝.webp,0710,バケッチャ,通常,1,うまり寝,IMG_1813.png,,加工済み・実装後確認,,"(155, 485, 433, 739)",撮り直し候補,未照合,画像/バケッチャ/バケッチャ_寝顔1_うまり寝.webp,9ff1ebb48f8a404644aaa8dea53f84030931770019abbffd7e3ecfe26dfc5d36,0,0,0,寝顔中心・上下直線・左右16%曲線・枠外透過,763,一次一覧確認で確定なし（細部は実装後確認）,検出なし
バケッチャ_寝顔2_うかびはたはた寝.webp,バケッチャ/バケッチャ_寝顔2_うかびはたはた寝.webp,0710,バケッチャ,通常,2,うかびはたはた寝,IMG_1813.png,,加工済み・実装後確認,,"(182, 934, 432, 1143)",一次切り抜き,未照合,画像/バケッチャ/バケッチャ_寝顔2_うかびはたはた寝.webp,9ff1ebb48f8a404644aaa8dea53f84030931770019abbffd7e3ecfe26dfc5d36,0,0,0,寝顔中心・上下直線・左右16%曲線・枠外透過,764,一次一覧確認で確定なし（細部は実装後確認）,検出なし
バケッチャ_寝顔3_ひかりてらし寝.webp,バケッチャ/バケッチャ_寝顔3_ひかりてらし寝.webp,0710,バケッチャ,通常,3,ひかりてらし寝,IMG_1813.png,,加工済み・実装後確認,,"(172, 1409, 433, 1641)",一次切り抜き,未照合,画像/バケッチャ/バケッチャ_寝顔3_ひかりてらし寝.webp,9ff1ebb48f8a404644aaa8dea53f84030931770019abbffd7e3ecfe26dfc5d36,0,0,0,寝顔中心・上下直線・左右16%曲線・枠外透過,765,一次一覧確認で確定なし（細部は実装後確認）,検出なし
バケッチャ_寝顔4_おなかのうえ寝.webp,バケッチャ/バケッチャ_寝顔4_おなかのうえ寝.webp,0710,バケッチャ,通常,4,おなかのうえ寝,IMG_1813.png,カビゴンは元画像に見える範囲のみ。再生ボタンの重なり部分は補描なし。,加工済み・実装後確認,再生ボタン残り：身体の欠損とは別,"(95, 1848, 525, 2118)",構図要確認,未照合,画像/バケッチャ/バケッチャ_寝顔4_おなかのうえ寝.webp,9ff1ebb48f8a404644aaa8dea53f84030931770019abbffd7e3ecfe26dfc5d36,4902,1765,0,寝顔中心・上下直線・左右16%曲線・枠外透過,766,一次一覧確認で確定なし（細部は実装後確認）,枠内に残る可能性
パンプジン_寝顔1_だきしめ寝.webp,パンプジン/パンプジン_寝顔1_だきしめ寝.webp,0711,パンプジン,通常,1,だきしめ寝,IMG_1814.png,,加工済み・実装後確認,,"(130, 517, 470, 711)",撮り直し候補,未照合,画像/パンプジン/パンプジン_寝顔1_だきしめ寝.webp,7eca93c1aedc75a14ff21e9c50fdc3747c85ca3857e176e109ce892e5a7fcdd5,0,10,0,寝顔中心・上下直線・左右16%曲線・枠外透過,767,一次一覧確認で確定なし（細部は実装後確認）,検出なし
パンプジン_寝顔2_うでひろげ寝.webp,パンプジン/パンプジン_寝顔2_うでひろげ寝.webp,0711,パンプジン,通常,2,うでひろげ寝,IMG_1814.png,,加工済み・実装後確認,再生ボタン残り：身体の欠損とは別,"(95, 936, 525, 1215)",撮り直し候補,未照合,画像/パンプジン/パンプジン_寝顔2_うでひろげ寝.webp,7eca93c1aedc75a14ff21e9c50fdc3747c85ca3857e176e109ce892e5a7fcdd5,126,1768,0,寝顔中心・上下直線・左右16%曲線・枠外透過,768,一次一覧確認で確定なし（細部は実装後確認）,枠内に残る可能性
パンプジン_寝顔3_おどろかし寝.webp,パンプジン/パンプジン_寝顔3_おどろかし寝.webp,0711,パンプジン,通常,3,おどろかし寝,IMG_1814.png,,加工済み・実装後確認,,"(143, 1410, 457, 1664)",撮り直し候補,未照合,画像/パンプジン/パンプジン_寝顔3_おどろかし寝.webp,7eca93c1aedc75a14ff21e9c50fdc3747c85ca3857e176e109ce892e5a7fcdd5,0,64,0,寝顔中心・上下直線・左右16%曲線・枠外透過,769,一次一覧確認で確定なし（細部は実装後確認）,検出なし
オンバット_寝顔1_はねやすめ寝.webp,オンバット/オンバット_寝顔1_はねやすめ寝.webp,0714,オンバット,通常,1,はねやすめ寝,IMG_1815.png,,加工済み・実装後確認,,"(146, 449, 433, 711)",撮り直し候補,未照合,画像/オンバット/オンバット_寝顔1_はねやすめ寝.webp,cce376b4b408a150c1b115721b0a68456c6c97a81e0293904c0f7c1b5085b40a,0,0,0,寝顔中心・上下直線・左右16%曲線・枠外透過,770,一次一覧確認で確定なし（細部は実装後確認）,検出なし
オンバット_寝顔2_おおあくび寝.webp,オンバット/オンバット_寝顔2_おおあくび寝.webp,0714,オンバット,通常,2,おおあくび寝,IMG_1815.png,,加工済み・実装後確認,,"(138, 900, 433, 1175)",撮り直し候補,未照合,画像/オンバット/オンバット_寝顔2_おおあくび寝.webp,cce376b4b408a150c1b115721b0a68456c6c97a81e0293904c0f7c1b5085b40a,0,0,0,寝顔中心・上下直線・左右16%曲線・枠外透過,771,一次一覧確認で確定なし（細部は実装後確認）,検出なし
オンバット_寝顔3_エコロケーション寝.webp,オンバット/オンバット_寝顔3_エコロケーション寝.webp,0714,オンバット,通常,3,エコロケーション寝,IMG_1815.png,,加工済み・実装後確認,再生ボタン残り：身体の欠損とは別,"(95, 1362, 525, 1637)",撮り直し候補,未照合,画像/オンバット/オンバット_寝顔3_エコロケーション寝.webp,cce376b4b408a150c1b115721b0a68456c6c97a81e0293904c0f7c1b5085b40a,126,1768,0,寝顔中心・上下直線・左右16%曲線・枠外透過,772,一次一覧確認で確定なし（細部は実装後確認）,枠内に残る可能性
オンバット_寝顔4_おなかのうえ寝.webp,オンバット/オンバット_寝顔4_おなかのうえ寝.webp,0714,オンバット,通常,4,おなかのうえ寝,IMG_1815.png,カビゴンは元画像に見える範囲のみ。再生ボタンの重なり部分は補描なし。,加工済み・実装後確認,再生ボタン残り：身体の欠損とは別,"(95, 1814, 525, 2094)",構図要確認,未照合,画像/オンバット/オンバット_寝顔4_おなかのうえ寝.webp,cce376b4b408a150c1b115721b0a68456c6c97a81e0293904c0f7c1b5085b40a,684,1768,0,寝顔中心・上下直線・左右16%曲線・枠外透過,773,一次一覧確認で確定なし（細部は実装後確認）,枠内に残る可能性
オンバーン_寝顔1_みみふるわせ寝.webp,オンバーン/オンバーン_寝顔1_みみふるわせ寝.webp,0715,オンバーン,通常,1,みみふるわせ寝,IMG_1816.png,,加工済み・実装後確認,再生ボタン残り：身体の欠損とは別,"(112, 469, 502, 699)",撮り直し候補,未照合,画像/オンバーン/オンバーン_寝顔1_みみふるわせ寝.webp,aed9715b9907bd8a15fbcdae981f5c969132226df87d398aa93b8d88fc3d4ef9,0,1033,0,寝顔中心・上下直線・左右16%曲線・枠外透過,774,一次一覧確認で確定なし（細部は実装後確認）,枠内に残る可能性
オンバーン_寝顔2_おおあくび寝.webp,オンバーン/オンバーン_寝顔2_おおあくび寝.webp,0715,オンバーン,通常,2,おおあくび寝,IMG_1816.png,,加工済み・実装後確認,再生ボタン残り：身体の欠損とは別,"(117, 923, 510, 1164)",撮り直し候補,未照合,画像/オンバーン/オンバーン_寝顔2_おおあくび寝.webp,aed9715b9907bd8a15fbcdae981f5c969132226df87d398aa93b8d88fc3d4ef9,0,1495,0,寝顔中心・上下直線・左右16%曲線・枠外透過,775,一次一覧確認で確定なし（細部は実装後確認）,枠内に残る可能性
オンバーン_寝顔3_ばくおんぱ寝.webp,オンバーン/オンバーン_寝顔3_ばくおんぱ寝.webp,0715,オンバーン,通常,3,ばくおんぱ寝,IMG_1816.png,,加工済み・実装後確認,再生ボタン残り：身体の欠損とは別,"(111, 1396, 513, 1612)",撮り直し候補,未照合,画像/オンバーン/オンバーン_寝顔3_ばくおんぱ寝.webp,aed9715b9907bd8a15fbcdae981f5c969132226df87d398aa93b8d88fc3d4ef9,0,1346,0,寝顔中心・上下直線・左右16%曲線・枠外透過,776,一次一覧確認で確定なし（細部は実装後確認）,枠内に残る可能性
オンバーン_寝顔4_おなかのうえ寝.webp,オンバーン/オンバーン_寝顔4_おなかのうえ寝.webp,0715,オンバーン,通常,4,おなかのうえ寝,IMG_1816.png,カビゴンは元画像に見える範囲のみ。再生ボタンの重なり部分は補描なし。,加工済み・実装後確認,再生ボタン残り：身体の欠損とは別,"(95, 1818, 525, 2097)",構図要確認,未照合,画像/オンバーン/オンバーン_寝顔4_おなかのうえ寝.webp,aed9715b9907bd8a15fbcdae981f5c969132226df87d398aa93b8d88fc3d4ef9,1573,1768,0,寝顔中心・上下直線・左右16%曲線・枠外透過,777,一次一覧確認で確定なし（細部は実装後確認）,枠内に残る可能性
アゴジムシ_寝顔1_ストレッチ寝.webp,アゴジムシ/アゴジムシ_寝顔1_ストレッチ寝.webp,0736,アゴジムシ,通常,1,ストレッチ寝,IMG_1817.png,,加工済み・実装後確認,,"(171, 531, 432, 749)",一次切り抜き,未照合,画像/アゴジムシ/アゴジムシ_寝顔1_ストレッチ寝.webp,2133e90fecaaf0bcd64040d1fde265972efd0da68282955d9899f5b92347877c,0,0,0,寝顔中心・上下直線・左右16%曲線・枠外透過,778,一次一覧確認で確定なし（細部は実装後確認）,検出なし
アゴジムシ_寝顔2_ゆらゆら寝.webp,アゴジムシ/アゴジムシ_寝顔2_ゆらゆら寝.webp,0736,アゴジムシ,通常,2,ゆらゆら寝,IMG_1817.png,,加工済み・実装後確認,,"(181, 1002, 427, 1205)",一次切り抜き,未照合,画像/アゴジムシ/アゴジムシ_寝顔2_ゆらゆら寝.webp,2133e90fecaaf0bcd64040d1fde265972efd0da68282955d9899f5b92347877c,0,0,0,寝顔中心・上下直線・左右16%曲線・枠外透過,779,一次一覧確認で確定なし（細部は実装後確認）,検出なし
アゴジムシ_寝顔3_ほりすすみ寝.webp,アゴジムシ/アゴジムシ_寝顔3_ほりすすみ寝.webp,0736,アゴジムシ,通常,3,ほりすすみ寝,IMG_1817.png,,加工済み・実装後確認,,"(186, 1453, 429, 1656)",一次切り抜き,未照合,画像/アゴジムシ/アゴジムシ_寝顔3_ほりすすみ寝.webp,2133e90fecaaf0bcd64040d1fde265972efd0da68282955d9899f5b92347877c,0,0,0,寝顔中心・上下直線・左右16%曲線・枠外透過,780,一次一覧確認で確定なし（細部は実装後確認）,検出なし
アゴジムシ_寝顔4_おなかのうえ寝.webp,アゴジムシ/アゴジムシ_寝顔4_おなかのうえ寝.webp,0736,アゴジムシ,通常,4,おなかのうえ寝,IMG_1817.png,カビゴンは元画像に見える範囲のみ。再生ボタンの重なり部分は補描なし。,加工済み・実装後確認,再生ボタン残り：身体の欠損とは別,"(95, 1873, 525, 2152)",構図要確認,未照合,画像/アゴジムシ/アゴジムシ_寝顔4_おなかのうえ寝.webp,2133e90fecaaf0bcd64040d1fde265972efd0da68282955d9899f5b92347877c,3536,1768,0,寝顔中心・上下直線・左右16%曲線・枠外透過,781,一次一覧確認で確定なし（細部は実装後確認）,枠内に残る可能性
デンヂムシ_寝顔1_ストレッチ寝.webp,デンヂムシ/デンヂムシ_寝顔1_ストレッチ寝.webp,0737,デンヂムシ,通常,1,ストレッチ寝,IMG_1818.png,,加工済み・実装後確認,,"(131, 548, 353, 732)",一次切り抜き,未照合,画像/デンヂムシ/デンヂムシ_寝顔1_ストレッチ寝.webp,11c9b171a1dd995fbb1a3110143a3ba3638edfb2e0e0a69b75d36786accdb623,0,0,0,寝顔中心・上下直線・左右16%曲線・枠外透過,782,一次一覧確認で確定なし（細部は実装後確認）,検出なし
デンヂムシ_寝顔2_そりかえり寝.webp,デンヂムシ/デンヂムシ_寝顔2_そりかえり寝.webp,0737,デンヂムシ,通常,2,そりかえり寝,IMG_1818.png,,加工済み・実装後確認,,"(193, 1068, 383, 1189)",一次切り抜き,未照合,画像/デンヂムシ/デンヂムシ_寝顔2_そりかえり寝.webp,11c9b171a1dd995fbb1a3110143a3ba3638edfb2e0e0a69b75d36786accdb623,0,0,0,寝顔中心・上下直線・左右16%曲線・枠外透過,783,一次一覧確認で確定なし（細部は実装後確認）,検出なし
デンヂムシ_寝顔3_うまり寝.webp,デンヂムシ/デンヂムシ_寝顔3_うまり寝.webp,0737,デンヂムシ,通常,3,うまり寝,IMG_1818.png,,加工済み・実装後確認,再生ボタン残り：身体の欠損とは別,"(137, 1436, 470, 1653)",撮り直し候補,未照合,画像/デンヂムシ/デンヂムシ_寝顔3_うまり寝.webp,11c9b171a1dd995fbb1a3110143a3ba3638edfb2e0e0a69b75d36786accdb623,0,217,0,寝顔中心・上下直線・左右16%曲線・枠外透過,784,一次一覧確認で確定なし（細部は実装後確認）,枠内に残る可能性
デンヂムシ_寝顔4_おなかのうえ寝.webp,デンヂムシ/デンヂムシ_寝顔4_おなかのうえ寝.webp,0737,デンヂムシ,通常,4,おなかのうえ寝,IMG_1818.png,カビゴンは元画像に見える範囲のみ。再生ボタンの重なり部分は補描なし。,加工済み・実装後確認,再生ボタン残り：身体の欠損とは別,"(95, 1856, 525, 2136)",構図要確認,未照合,画像/デンヂムシ/デンヂムシ_寝顔4_おなかのうえ寝.webp,11c9b171a1dd995fbb1a3110143a3ba3638edfb2e0e0a69b75d36786accdb623,918,1768,0,寝顔中心・上下直線・左右16%曲線・枠外透過,785,一次一覧確認で確定なし（細部は実装後確認）,枠内に残る可能性
クワガノン_寝顔1_かたむき寝.webp,クワガノン/クワガノン_寝顔1_かたむき寝.webp,0738,クワガノン,通常,1,かたむき寝,IMG_1819.png,,加工済み・実装後確認,,"(137, 485, 433, 742)",撮り直し候補,未照合,画像/クワガノン/クワガノン_寝顔1_かたむき寝.webp,8be74d5c4250cb1273fd7733fc4a2df472df4996f31474cf2e2a673ffff4b133,0,0,0,寝顔中心・上下直線・左右16%曲線・枠外透過,786,一次一覧確認で確定なし（細部は実装後確認）,検出なし
クワガノン_寝顔2_ホバリング寝.webp,クワガノン/クワガノン_寝顔2_ホバリング寝.webp,0738,クワガノン,通常,2,ホバリング寝,IMG_1819.png,,加工済み・実装後確認,再生ボタン残り：身体の欠損とは別,"(95, 942, 525, 1200)",撮り直し候補,未照合,画像/クワガノン/クワガノン_寝顔2_ホバリング寝.webp,8be74d5c4250cb1273fd7733fc4a2df472df4996f31474cf2e2a673ffff4b133,126,1679,0,寝顔中心・上下直線・左右16%曲線・枠外透過,787,一次一覧確認で確定なし（細部は実装後確認）,枠内に残る可能性
クワガノン_寝顔3_おなかはつでん寝.webp,クワガノン/クワガノン_寝顔3_おなかはつでん寝.webp,0738,クワガノン,通常,3,おなかはつでん寝,IMG_1819.png,,加工済み・実装後確認,再生ボタン残り：身体の欠損とは別,"(163, 1439, 467, 1667)",撮り直し候補,未照合,画像/クワガノン/クワガノン_寝顔3_おなかはつでん寝.webp,8be74d5c4250cb1273fd7733fc4a2df472df4996f31474cf2e2a673ffff4b133,0,360,0,寝顔中心・上下直線・左右16%曲線・枠外透過,788,一次一覧確認で確定なし（細部は実装後確認）,枠内に残る可能性
クワガノン_寝顔4_おなかのうえ寝.webp,クワガノン/クワガノン_寝顔4_おなかのうえ寝.webp,0738,クワガノン,通常,4,おなかのうえ寝,IMG_1879.png,カビゴンは元画像に見える範囲のみ。再生ボタンの重なり部分は補描なし。,加工済み・実装後確認,,"(91, 571, 1089, 1357)",構図要確認,未照合,画像/クワガノン/クワガノン_寝顔4_おなかのうえ寝.webp,57bb53423e7cf0545e01bee02f8b26b56defc579206cb915cae57629bf7820af,,0,0,寝顔中心・上下直線・左右16%曲線・枠外透過,789,一次一覧確認で確定なし（細部は実装後確認）,検出なし
アブリー_寝顔1_ぱたぱた寝.webp,アブリー/アブリー_寝顔1_ぱたぱた寝.webp,0742,アブリー,通常,1,ぱたぱた寝,IMG_1820.png,,加工済み・実装後確認,,"(178, 548, 433, 701)",一次切り抜き,未照合,画像/アブリー/アブリー_寝顔1_ぱたぱた寝.webp,6e05aa579deff9e7fb4e6f7fec725a880a2560985762dfab54c4a1823ba7c5a4,0,0,0,寝顔中心・上下直線・左右16%曲線・枠外透過,790,一次一覧確認で確定なし（細部は実装後確認）,検出なし
アブリー_寝顔2_はなさがし寝.webp,アブリー/アブリー_寝顔2_はなさがし寝.webp,0742,アブリー,通常,2,はなさがし寝,IMG_1820.png,,加工済み・実装後確認,,"(208, 1004, 412, 1173)",一次切り抜き,未照合,画像/アブリー/アブリー_寝顔2_はなさがし寝.webp,6e05aa579deff9e7fb4e6f7fec725a880a2560985762dfab54c4a1823ba7c5a4,0,0,0,寝顔中心・上下直線・左右16%曲線・枠外透過,791,一次一覧確認で確定なし（細部は実装後確認）,検出なし
アブリー_寝顔3_みつあつめ寝.webp,アブリー/アブリー_寝顔3_みつあつめ寝.webp,0742,アブリー,通常,3,みつあつめ寝,IMG_1820.png,,加工済み・実装後確認,,"(155, 1471, 379, 1651)",一次切り抜き,未照合,画像/アブリー/アブリー_寝顔3_みつあつめ寝.webp,6e05aa579deff9e7fb4e6f7fec725a880a2560985762dfab54c4a1823ba7c5a4,0,0,0,寝顔中心・上下直線・左右16%曲線・枠外透過,792,一次一覧確認で確定なし（細部は実装後確認）,検出なし
アブリー_寝顔4_おなかのうえ寝.webp,アブリー/アブリー_寝顔4_おなかのうえ寝.webp,0742,アブリー,通常,4,おなかのうえ寝,IMG_1820.png,カビゴンは元画像に見える範囲のみ。再生ボタンの重なり部分は補描なし。,加工済み・実装後確認,,"(95, 1850, 428, 2095)",構図要確認,未照合,画像/アブリー/アブリー_寝顔4_おなかのうえ寝.webp,6e05aa579deff9e7fb4e6f7fec725a880a2560985762dfab54c4a1823ba7c5a4,4215,0,0,寝顔中心・上下直線・左右16%曲線・枠外透過,793,一次一覧確認で確定なし（細部は実装後確認）,検出なし
アブリボン_寝顔1_ぱたぱた寝.webp,アブリボン/アブリボン_寝顔1_ぱたぱた寝.webp,0743,アブリボン,通常,1,ぱたぱた寝,IMG_1821.png,,加工済み・実装後確認,,"(152, 531, 433, 701)",一次切り抜き,未照合,画像/アブリボン/アブリボン_寝顔1_ぱたぱた寝.webp,6ff336d1e1b783920c876b543ae09f55c0349f7d5d565c7d02e8844c69e940d7,0,0,0,寝顔中心・上下直線・左右16%曲線・枠外透過,794,一次一覧確認で確定なし（細部は実装後確認）,検出なし
アブリボン_寝顔2_ゆらゆら寝.webp,アブリボン/アブリボン_寝顔2_ゆらゆら寝.webp,0743,アブリボン,通常,2,ゆらゆら寝,IMG_1821.png,,加工済み・実装後確認,,"(180, 973, 413, 1168)",一次切り抜き,未照合,画像/アブリボン/アブリボン_寝顔2_ゆらゆら寝.webp,6ff336d1e1b783920c876b543ae09f55c0349f7d5d565c7d02e8844c69e940d7,0,0,0,寝顔中心・上下直線・左右16%曲線・枠外透過,795,一次一覧確認で確定なし（細部は実装後確認）,検出なし
アブリボン_寝顔3_かふんだんご寝.webp,アブリボン/アブリボン_寝顔3_かふんだんご寝.webp,0743,アブリボン,通常,3,かふんだんご寝,IMG_1821.png,,加工済み・実装後確認,,"(178, 1441, 399, 1623)",一次切り抜き,未照合,画像/アブリボン/アブリボン_寝顔3_かふんだんご寝.webp,6ff336d1e1b783920c876b543ae09f55c0349f7d5d565c7d02e8844c69e940d7,0,0,0,寝顔中心・上下直線・左右16%曲線・枠外透過,796,一次一覧確認で確定なし（細部は実装後確認）,検出なし
アブリボン_寝顔4_おなかのうえ寝.webp,アブリボン/アブリボン_寝顔4_おなかのうえ寝.webp,0743,アブリボン,通常,4,おなかのうえ寝,IMG_1821.png,カビゴンは元画像に見える範囲のみ。再生ボタンの重なり部分は補描なし。,加工済み・実装後確認,再生ボタン残り：身体の欠損とは別,"(95, 1839, 493, 2118)",構図要確認,未照合,画像/アブリボン/アブリボン_寝顔4_おなかのうえ寝.webp,6ff336d1e1b783920c876b543ae09f55c0349f7d5d565c7d02e8844c69e940d7,1632,1159,0,寝顔中心・上下直線・左右16%曲線・枠外透過,797,一次一覧確認で確定なし（細部は実装後確認）,枠内に残る可能性
ヌイコグマ_寝顔1_じたばた寝.webp,ヌイコグマ/ヌイコグマ_寝顔1_じたばた寝.webp,0759,ヌイコグマ,通常,1,じたばた寝,IMG_1822.png,,加工済み・実装後確認,,"(175, 510, 454, 724)",撮り直し候補,未照合,画像/ヌイコグマ/ヌイコグマ_寝顔1_じたばた寝.webp,dc86d8e8c6210ce186b6671d0e3e36e5767f847262727fbf2b6bf6312f60e6ef,0,27,0,寝顔中心・上下直線・左右16%曲線・枠外透過,798,一次一覧確認で確定なし（細部は実装後確認）,検出なし
ヌイコグマ_寝顔2_ふんばり寝.webp,ヌイコグマ/ヌイコグマ_寝顔2_ふんばり寝.webp,0759,ヌイコグマ,通常,2,ふんばり寝,IMG_1822.png,,加工済み・実装後確認,,"(160, 959, 427, 1173)",一次切り抜き,未照合,画像/ヌイコグマ/ヌイコグマ_寝顔2_ふんばり寝.webp,dc86d8e8c6210ce186b6671d0e3e36e5767f847262727fbf2b6bf6312f60e6ef,0,0,0,寝顔中心・上下直線・左右16%曲線・枠外透過,799,一次一覧確認で確定なし（細部は実装後確認）,検出なし
ヌイコグマ_寝顔3_まるただき寝.webp,ヌイコグマ/ヌイコグマ_寝顔3_まるただき寝.webp,0759,ヌイコグマ,通常,3,まるただき寝,IMG_1822.png,,加工済み・実装後確認,,"(158, 1417, 433, 1623)",一次切り抜き,未照合,画像/ヌイコグマ/ヌイコグマ_寝顔3_まるただき寝.webp,dc86d8e8c6210ce186b6671d0e3e36e5767f847262727fbf2b6bf6312f60e6ef,0,0,0,寝顔中心・上下直線・左右16%曲線・枠外透過,800,一次一覧確認で確定なし（細部は実装後確認）,検出なし
ヌイコグマ_寝顔4_おなかのうえ寝.webp,ヌイコグマ/ヌイコグマ_寝顔4_おなかのうえ寝.webp,0759,ヌイコグマ,通常,4,おなかのうえ寝,IMG_1822.png,カビゴンは元画像に見える範囲のみ。再生ボタンの重なり部分は補描なし。,加工済み・実装後確認,再生ボタン残り：身体の欠損とは別,"(102, 1833, 518, 2112)",構図要確認,未照合,画像/ヌイコグマ/ヌイコグマ_寝顔4_おなかのうえ寝.webp,dc86d8e8c6210ce186b6671d0e3e36e5767f847262727fbf2b6bf6312f60e6ef,365,1767,0,寝顔中心・上下直線・左右16%曲線・枠外透過,801,一次一覧確認で確定なし（細部は実装後確認）,枠内に残る可能性
キテルグマ_寝顔1_すわり寝.webp,キテルグマ/キテルグマ_寝顔1_すわり寝.webp,0760,キテルグマ,通常,1,すわり寝,IMG_1823.png,,加工済み・実装後確認,,"(136, 523, 433, 797)",撮り直し候補,未照合,画像/キテルグマ/キテルグマ_寝顔1_すわり寝.webp,d97a5b357d03c7d70702663714dec4ad6d95c7f846b4a4267a34df98a19ed0bb,0,0,0,寝顔中心・上下直線・左右16%曲線・枠外透過,802,一次一覧確認で確定なし（細部は実装後確認）,検出なし
キテルグマ_寝顔2_ぼうだち寝.webp,キテルグマ/キテルグマ_寝顔2_ぼうだち寝.webp,0760,キテルグマ,通常,2,ぼうだち寝,IMG_1823.png,,加工済み・実装後確認,,"(138, 977, 433, 1254)",撮り直し候補,未照合,画像/キテルグマ/キテルグマ_寝顔2_ぼうだち寝.webp,d97a5b357d03c7d70702663714dec4ad6d95c7f846b4a4267a34df98a19ed0bb,0,0,0,寝顔中心・上下直線・左右16%曲線・枠外透過,803,一次一覧確認で確定なし（細部は実装後確認）,検出なし
キテルグマ_寝顔3_まるただき寝.webp,キテルグマ/キテルグマ_寝顔3_まるただき寝.webp,0760,キテルグマ,通常,3,まるただき寝,IMG_1823.png,,加工済み・実装後確認,再生ボタン残り：身体の欠損とは別,"(153, 1457, 482, 1693)",撮り直し候補,未照合,画像/キテルグマ/キテルグマ_寝顔3_まるただき寝.webp,d97a5b357d03c7d70702663714dec4ad6d95c7f846b4a4267a34df98a19ed0bb,0,669,0,寝顔中心・上下直線・左右16%曲線・枠外透過,804,一次一覧確認で確定なし（細部は実装後確認）,枠内に残る可能性
キテルグマ_寝顔4_おなかのうえ寝.webp,キテルグマ/キテルグマ_寝顔4_おなかのうえ寝.webp,0760,キテルグマ,通常,4,おなかのうえ寝,IMG_1823.png,カビゴンは元画像に見える範囲のみ。再生ボタンの重なり部分は補描なし。,加工済み・実装後確認,再生ボタン残り：身体の欠損とは別,"(95, 1891, 525, 2171)",構図要確認,未照合,画像/キテルグマ/キテルグマ_寝顔4_おなかのうえ寝.webp,d97a5b357d03c7d70702663714dec4ad6d95c7f846b4a4267a34df98a19ed0bb,1620,1768,0,寝顔中心・上下直線・左右16%曲線・枠外透過,805,一次一覧確認で確定なし（細部は実装後確認）,枠内に残る可能性
キュワワー_寝顔1_はなすりすり寝.webp,キュワワー/キュワワー_寝顔1_はなすりすり寝.webp,0764,キュワワー,通常,1,はなすりすり寝,IMG_1824.png,,加工済み・実装後確認,,"(143, 443, 433, 687)",撮り直し候補,未照合,画像/キュワワー/キュワワー_寝顔1_はなすりすり寝.webp,da2e5494a24ea33f2cafd1b71ce5a06f79b603b97b793ded903585060be0f0e3,0,0,0,寝顔中心・上下直線・左右16%曲線・枠外透過,806,一次一覧確認で確定なし（細部は実装後確認）,検出なし
キュワワー_寝顔2_こっくりふゆう寝.webp,キュワワー/キュワワー_寝顔2_こっくりふゆう寝.webp,0764,キュワワー,通常,2,こっくりふゆう寝,IMG_1824.png,,加工済み・実装後確認,,"(148, 897, 433, 1148)",撮り直し候補,未照合,画像/キュワワー/キュワワー_寝顔2_こっくりふゆう寝.webp,da2e5494a24ea33f2cafd1b71ce5a06f79b603b97b793ded903585060be0f0e3,0,0,0,寝顔中心・上下直線・左右16%曲線・枠外透過,807,一次一覧確認で確定なし（細部は実装後確認）,検出なし
キュワワー_寝顔3_はなウェーブ寝.webp,キュワワー/キュワワー_寝顔3_はなウェーブ寝.webp,0764,キュワワー,通常,3,はなウェーブ寝,IMG_1824.png,,加工済み・実装後確認,,"(172, 1405, 433, 1587)",一次切り抜き,未照合,画像/キュワワー/キュワワー_寝顔3_はなウェーブ寝.webp,da2e5494a24ea33f2cafd1b71ce5a06f79b603b97b793ded903585060be0f0e3,0,0,0,寝顔中心・上下直線・左右16%曲線・枠外透過,808,一次一覧確認で確定なし（細部は実装後確認）,検出なし
キュワワー_寝顔4_おなかのうえ寝.webp,キュワワー/キュワワー_寝顔4_おなかのうえ寝.webp,0764,キュワワー,通常,4,おなかのうえ寝,IMG_1824.png,カビゴンは元画像に見える範囲のみ。再生ボタンの重なり部分は補描なし。,加工済み・実装後確認,再生ボタン残り：身体の欠損とは別,"(95, 1809, 525, 2089)",構図要確認,未照合,画像/キュワワー/キュワワー_寝顔4_おなかのうえ寝.webp,da2e5494a24ea33f2cafd1b71ce5a06f79b603b97b793ded903585060be0f0e3,3045,1768,0,寝顔中心・上下直線・左右16%曲線・枠外透過,809,一次一覧確認で確定なし（細部は実装後確認）,枠内に残る可能性
トゲデマル_寝顔1_ころころ寝.webp,トゲデマル/トゲデマル_寝顔1_ころころ寝.webp,0777,トゲデマル,通常,1,ころころ寝,IMG_1825.png,,加工済み・実装後確認,,"(185, 485, 407, 670)",一次切り抜き,未照合,画像/トゲデマル/トゲデマル_寝顔1_ころころ寝.webp,8a1e73d0e7042c4475105546f84efec7dc8efc3654a75c92cb73c031a8bec37a,0,0,0,寝顔中心・上下直線・左右16%曲線・枠外透過,810,一次一覧確認で確定なし（細部は実装後確認）,検出なし
トゲデマル_寝顔2_しっぽゆらゆら寝.webp,トゲデマル/トゲデマル_寝顔2_しっぽゆらゆら寝.webp,0777,トゲデマル,通常,2,しっぽゆらゆら寝,IMG_1825.png,,加工済み・実装後確認,,"(156, 907, 433, 1163)",撮り直し候補,未照合,画像/トゲデマル/トゲデマル_寝顔2_しっぽゆらゆら寝.webp,8a1e73d0e7042c4475105546f84efec7dc8efc3654a75c92cb73c031a8bec37a,0,0,0,寝顔中心・上下直線・左右16%曲線・枠外透過,811,一次一覧確認で確定なし（細部は実装後確認）,検出なし
トゲデマル_寝顔3_とげさかだち寝.webp,トゲデマル/トゲデマル_寝顔3_とげさかだち寝.webp,0777,トゲデマル,通常,3,とげさかだち寝,IMG_1825.png,,加工済み・実装後確認,,"(157, 1407, 398, 1579)",一次切り抜き,未照合,画像/トゲデマル/トゲデマル_寝顔3_とげさかだち寝.webp,8a1e73d0e7042c4475105546f84efec7dc8efc3654a75c92cb73c031a8bec37a,0,0,0,寝顔中心・上下直線・左右16%曲線・枠外透過,812,一次一覧確認で確定なし（細部は実装後確認）,検出なし
ミミッキュ_寝顔1_まるまりたい寝.webp,ミミッキュ/ミミッキュ_寝顔1_まるまりたい寝.webp,0778,ミミッキュ,通常,1,まるまりたい寝,IMG_1826.jpeg,,加工済み・実装後確認,,"(102, 349, 272, 455)",撮り直し候補,未照合,画像/ミミッキュ/ミミッキュ_寝顔1_まるまりたい寝.webp,086e1dcfaced08fce341bce082a79a2698a5b3d2755b97f0f1540c897e112146,0,0,0,寝顔中心・上下直線・左右16%曲線・枠外透過,813,一次一覧確認で確定なし（細部は実装後確認）,検出なし
ミミッキュ_寝顔2_ばればれ寝.webp,ミミッキュ/ミミッキュ_寝顔2_ばればれ寝.webp,0778,ミミッキュ,通常,2,ばればれ寝,IMG_1826.jpeg,,加工済み・実装後確認,,"(103, 591, 260, 741)",撮り直し候補,未照合,画像/ミミッキュ/ミミッキュ_寝顔2_ばればれ寝.webp,086e1dcfaced08fce341bce082a79a2698a5b3d2755b97f0f1540c897e112146,0,0,0,寝顔中心・上下直線・左右16%曲線・枠外透過,814,一次一覧確認で確定なし（細部は実装後確認）,検出なし
ミミッキュ_寝顔3_まねっこ寝.webp,ミミッキュ/ミミッキュ_寝顔3_まねっこ寝.webp,0778,ミミッキュ,通常,3,まねっこ寝,IMG_1826.jpeg,,加工済み・実装後確認,,"(101, 891, 275, 1008)",撮り直し候補,未照合,画像/ミミッキュ/ミミッキュ_寝顔3_まねっこ寝.webp,086e1dcfaced08fce341bce082a79a2698a5b3d2755b97f0f1540c897e112146,0,4,0,寝顔中心・上下直線・左右16%曲線・枠外透過,815,一次一覧確認で確定なし（細部は実装後確認）,検出なし
ミミッキュ_寝顔4_おなかのうえ寝.webp,ミミッキュ/ミミッキュ_寝顔4_おなかのうえ寝.webp,0778,ミミッキュ,通常,4,おなかのうえ寝,IMG_1826.jpeg,カビゴンは元画像に見える範囲のみ。再生ボタンの重なり部分は補描なし。,加工済み・実装後確認,再生ボタン残り：身体の欠損とは別,"(57, 1136, 316, 1304)",構図要確認,未照合,画像/ミミッキュ/ミミッキュ_寝顔4_おなかのうえ寝.webp,086e1dcfaced08fce341bce082a79a2698a5b3d2755b97f0f1540c897e112146,2258,1768,0,寝顔中心・上下直線・左右16%曲線・枠外透過,816,一次一覧確認で確定なし（細部は実装後確認）,枠内に残る可能性
ジジーロン_寝顔1_くびのばし寝.webp,ジジーロン/ジジーロン_寝顔1_くびのばし寝.webp,0780,ジジーロン,通常,1,くびのばし寝,IMG_1827.png,,加工済み・実装後確認,,"(115, 570, 460, 805)",撮り直し候補,未照合,画像/ジジーロン/ジジーロン_寝顔1_くびのばし寝.webp,313dd9388199657df932ddcb5f7b13fc68f158dff2e8463f40a494da91b27f15,0,16,0,寝顔中心・上下直線・左右16%曲線・枠外透過,817,一次一覧確認で確定なし（細部は実装後確認）,検出なし
ジジーロン_寝顔2_くねく寝.webp,ジジーロン/ジジーロン_寝顔2_くねく寝.webp,0780,ジジーロン,通常,2,くねく寝,IMG_1827.png,,加工済み・実装後確認,再生ボタン残り：身体の欠損とは別,"(137, 1019, 468, 1275)",撮り直し候補,未照合,画像/ジジーロン/ジジーロン_寝顔2_くねく寝.webp,313dd9388199657df932ddcb5f7b13fc68f158dff2e8463f40a494da91b27f15,0,304,0,寝顔中心・上下直線・左右16%曲線・枠外透過,818,一次一覧確認で確定なし（細部は実装後確認）,枠内に残る可能性
ジジーロン_寝顔3_せなかまくら寝.webp,ジジーロン/ジジーロン_寝顔3_せなかまくら寝.webp,0780,ジジーロン,通常,3,せなかまくら寝,IMG_1827.png,,加工済み・実装後確認,,"(126, 1488, 457, 1722)",撮り直し候補,未照合,画像/ジジーロン/ジジーロン_寝顔3_せなかまくら寝.webp,313dd9388199657df932ddcb5f7b13fc68f158dff2e8463f40a494da91b27f15,0,7,0,寝顔中心・上下直線・左右16%曲線・枠外透過,819,一次一覧確認で確定なし（細部は実装後確認）,検出なし
ジジーロン_寝顔4_おなかのうえ寝.webp,ジジーロン/ジジーロン_寝顔4_おなかのうえ寝.webp,0780,ジジーロン,通常,4,おなかのうえ寝,IMG_1827.png,カビゴンは元画像に見える範囲のみ。再生ボタンの重なり部分は補描なし。,加工済み・実装後確認,再生ボタン残り：身体の欠損とは別,"(95, 1921, 525, 2201)",構図要確認,未照合,画像/ジジーロン/ジジーロン_寝顔4_おなかのうえ寝.webp,313dd9388199657df932ddcb5f7b13fc68f158dff2e8463f40a494da91b27f15,1598,1768,0,寝顔中心・上下直線・左右16%曲線・枠外透過,820,一次一覧確認で確定なし（細部は実装後確認）,枠内に残る可能性
ウッウ_寝顔1_はづくろい寝.webp,ウッウ/ウッウ_寝顔1_はづくろい寝.webp,0845,ウッウ,通常,1,はづくろい寝,IMG_1828.png,,加工済み・実装後確認,再生ボタン残り：身体の欠損とは別,"(126, 495, 480, 701)",撮り直し候補,未照合,画像/ウッウ/ウッウ_寝顔1_はづくろい寝.webp,6689227114cbf1f5e56cea0b31f580661a729fa93985a72e1bb7257c0da0a329,0,315,0,寝顔中心・上下直線・左右16%曲線・枠外透過,821,一次一覧確認で確定なし（細部は実装後確認）,枠内に残る可能性
ウッウ_寝顔2_ぱくぱく寝.webp,ウッウ/ウッウ_寝顔2_ぱくぱく寝.webp,0845,ウッウ,通常,2,ぱくぱく寝,IMG_1828.png,,加工済み・実装後確認,,"(147, 911, 433, 1183)",撮り直し候補,未照合,画像/ウッウ/ウッウ_寝顔2_ぱくぱく寝.webp,6689227114cbf1f5e56cea0b31f580661a729fa93985a72e1bb7257c0da0a329,0,0,0,寝顔中心・上下直線・左右16%曲線・枠外透過,822,一次一覧確認で確定なし（細部は実装後確認）,検出なし
ウッウ_寝顔3_まるのみ寝.webp,ウッウ/ウッウ_寝顔3_まるのみ寝.webp,0845,ウッウ,通常,3,まるのみ寝,IMG_1828.png,,加工済み・実装後確認,再生ボタン残り：身体の欠損とは別,"(120, 1391, 475, 1618)",撮り直し候補,未照合,画像/ウッウ/ウッウ_寝顔3_まるのみ寝.webp,6689227114cbf1f5e56cea0b31f580661a729fa93985a72e1bb7257c0da0a329,0,228,0,寝顔中心・上下直線・左右16%曲線・枠外透過,823,一次一覧確認で確定なし（細部は実装後確認）,枠内に残る可能性
ウッウ_寝顔4_おなかのうえ寝.webp,ウッウ/ウッウ_寝顔4_おなかのうえ寝.webp,0845,ウッウ,通常,4,おなかのうえ寝,IMG_1828.png,カビゴンは元画像に見える範囲のみ。再生ボタンの重なり部分は補描なし。,加工済み・実装後確認,再生ボタン残り：身体の欠損とは別,"(95, 1825, 525, 2105)",構図要確認,未照合,画像/ウッウ/ウッウ_寝顔4_おなかのうえ寝.webp,6689227114cbf1f5e56cea0b31f580661a729fa93985a72e1bb7257c0da0a329,3390,1768,0,寝顔中心・上下直線・左右16%曲線・枠外透過,824,一次一覧確認で確定なし（細部は実装後確認）,枠内に残る可能性
リオル_寝顔1_ひざかかえ寝.webp,リオル/リオル_寝顔1_ひざかかえ寝.webp,0447,リオル,通常,1,ひざかかえ寝,IMG_1829.png,,加工済み・実装後確認,,"(153, 540, 463, 675)",一次切り抜き,未照合,画像/リオル/リオル_寝顔1_ひざかかえ寝.webp,25befc5b09b46baaed04451d531a12d1576f928385d0023472b5181a1f6c2e15,0,0,0,寝顔中心・上下直線・左右16%曲線・枠外透過,825,一次一覧確認で確定なし（細部は実装後確認）,検出なし
リオル_寝顔2_しゅぎょうちゅう寝.webp,リオル/リオル_寝顔2_しゅぎょうちゅう寝.webp,0447,リオル,通常,2,しゅぎょうちゅう寝,IMG_1829.png,,加工済み・実装後確認,,"(155, 944, 433, 1195)",撮り直し候補,未照合,画像/リオル/リオル_寝顔2_しゅぎょうちゅう寝.webp,25befc5b09b46baaed04451d531a12d1576f928385d0023472b5181a1f6c2e15,0,0,0,寝顔中心・上下直線・左右16%曲線・枠外透過,826,一次一覧確認で確定なし（細部は実装後確認）,検出なし
リオル_寝顔3_かたひざたて寝.webp,リオル/リオル_寝顔3_かたひざたて寝.webp,0447,リオル,通常,3,かたひざたて寝,IMG_1829.png,,加工済み・実装後確認,,"(161, 1410, 433, 1651)",撮り直し候補,未照合,画像/リオル/リオル_寝顔3_かたひざたて寝.webp,25befc5b09b46baaed04451d531a12d1576f928385d0023472b5181a1f6c2e15,0,0,0,寝顔中心・上下直線・左右16%曲線・枠外透過,827,一次一覧確認で確定なし（細部は実装後確認）,検出なし
リオル_寝顔4_おなかのうえ寝.webp,リオル/リオル_寝顔4_おなかのうえ寝.webp,0447,リオル,通常,4,おなかのうえ寝,IMG_1829.png,カビゴンは元画像に見える範囲のみ。再生ボタンの重なり部分は補描なし。,加工済み・実装後確認,再生ボタン残り：身体の欠損とは別,"(95, 1840, 513, 2120)",構図要確認,未照合,画像/リオル/リオル_寝顔4_おなかのうえ寝.webp,25befc5b09b46baaed04451d531a12d1576f928385d0023472b5181a1f6c2e15,852,1725,0,寝顔中心・上下直線・左右16%曲線・枠外透過,828,一次一覧確認で確定なし（細部は実装後確認）,枠内に残る可能性
エレズン_寝顔1_おしゃぶり寝.webp,エレズン/エレズン_寝顔1_おしゃぶり寝.webp,0848,エレズン,通常,1,おしゃぶり寝,IMG_1830.png,,加工済み・実装後確認,,"(151, 541, 433, 751)",一次切り抜き,未照合,画像/エレズン/エレズン_寝顔1_おしゃぶり寝.webp,a8899be57ca7f0f3c94cf5bc4d98b6358fcb46d46c565b79ebfdd7392baf9b82,0,0,0,寝顔中心・上下直線・左右16%曲線・枠外透過,829,一次一覧確認で確定なし（細部は実装後確認）,検出なし
エレズン_寝顔2_のび寝.webp,エレズン/エレズン_寝顔2_のび寝.webp,0848,エレズン,通常,2,のび寝,IMG_1830.png,,加工済み・実装後確認,,"(147, 986, 433, 1231)",撮り直し候補,未照合,画像/エレズン/エレズン_寝顔2_のび寝.webp,a8899be57ca7f0f3c94cf5bc4d98b6358fcb46d46c565b79ebfdd7392baf9b82,0,0,0,寝顔中心・上下直線・左右16%曲線・枠外透過,830,一次一覧確認で確定なし（細部は実装後確認）,検出なし
エレズン_寝顔3_だだこ寝.webp,エレズン/エレズン_寝顔3_だだこ寝.webp,0848,エレズン,通常,3,だだこ寝,IMG_1830.png,,加工済み・実装後確認,,"(146, 1455, 452, 1669)",一次切り抜き,未照合,画像/エレズン/エレズン_寝顔3_だだこ寝.webp,a8899be57ca7f0f3c94cf5bc4d98b6358fcb46d46c565b79ebfdd7392baf9b82,0,0,0,寝顔中心・上下直線・左右16%曲線・枠外透過,831,一次一覧確認で確定なし（細部は実装後確認）,検出なし
エレズン_寝顔4_おなかのうえ寝.webp,エレズン/エレズン_寝顔4_おなかのうえ寝.webp,0848,エレズン,通常,4,おなかのうえ寝,IMG_1830.png,カビゴンは元画像に見える範囲のみ。再生ボタンの重なり部分は補描なし。,加工済み・実装後確認,再生ボタン残り：身体の欠損とは別,"(95, 1879, 525, 2158)",構図要確認,未照合,画像/エレズン/エレズン_寝顔4_おなかのうえ寝.webp,a8899be57ca7f0f3c94cf5bc4d98b6358fcb46d46c565b79ebfdd7392baf9b82,3938,1768,0,寝顔中心・上下直線・左右16%曲線・枠外透過,832,一次一覧確認で確定なし（細部は実装後確認）,枠内に残る可能性
ストリンダー_ハイ_寝顔1_すわり寝.webp,ストリンダー_ハイ/ストリンダー_ハイ_寝顔1_すわり寝.webp,0849,ストリンダー,ハイ,1,すわり寝,IMG_1831.png,,加工済み・実装後確認,,"(132, 434, 433, 714)",撮り直し候補,未照合,画像/ストリンダー_ハイ/ストリンダー_ハイ_寝顔1_すわり寝.webp,32c096c9bb8d99b8a4f4a725dfa4a9fbd21eff8cbca40484d348ab923cb11eb2,0,0,0,寝顔中心・上下直線・左右16%曲線・枠外透過,833,一次一覧確認で確定なし（細部は実装後確認）,検出なし
ストリンダー_ハイ_寝顔2_きめポーズ寝.webp,ストリンダー_ハイ/ストリンダー_ハイ_寝顔2_きめポーズ寝.webp,0849,ストリンダー,ハイ,2,きめポーズ寝,IMG_1831.png,,加工済み・実装後確認,,"(133, 891, 433, 1170)",撮り直し候補,未照合,画像/ストリンダー_ハイ/ストリンダー_ハイ_寝顔2_きめポーズ寝.webp,32c096c9bb8d99b8a4f4a725dfa4a9fbd21eff8cbca40484d348ab923cb11eb2,0,0,0,寝顔中心・上下直線・左右16%曲線・枠外透過,834,一次一覧確認で確定なし（細部は実装後確認）,検出なし
ストリンダー_ハイ_寝顔3_ゆめでギター寝.webp,ストリンダー_ハイ/ストリンダー_ハイ_寝顔3_ゆめでギター寝.webp,0849,ストリンダー,ハイ,3,ゆめでギター寝,IMG_1831.png,,加工済み・実装後確認,再生ボタン残り：身体の欠損とは別,"(117, 1365, 503, 1597)",撮り直し候補,未照合,画像/ストリンダー_ハイ/ストリンダー_ハイ_寝顔3_ゆめでギター寝.webp,32c096c9bb8d99b8a4f4a725dfa4a9fbd21eff8cbca40484d348ab923cb11eb2,0,965,0,寝顔中心・上下直線・左右16%曲線・枠外透過,835,一次一覧確認で確定なし（細部は実装後確認）,枠内に残る可能性
ストリンダー_ハイ_寝顔4_おなかのうえ寝.webp,ストリンダー_ハイ/ストリンダー_ハイ_寝顔4_おなかのうえ寝.webp,0849,ストリンダー,ハイ,4,おなかのうえ寝,IMG_1831.png,カビゴンは元画像に見える範囲のみ。再生ボタンの重なり部分は補描なし。,加工済み・実装後確認,再生ボタン残り：身体の欠損とは別,"(95, 1805, 499, 2085)",構図要確認,未照合,画像/ストリンダー_ハイ/ストリンダー_ハイ_寝顔4_おなかのうえ寝.webp,32c096c9bb8d99b8a4f4a725dfa4a9fbd21eff8cbca40484d348ab923cb11eb2,2661,1359,0,寝顔中心・上下直線・左右16%曲線・枠外透過,836,一次一覧確認で確定なし（細部は実装後確認）,枠内に残る可能性
ストリンダー_ロー_寝顔1_すわり寝.webp,ストリンダー_ロー/ストリンダー_ロー_寝顔1_すわり寝.webp,0849,ストリンダー,ロー,1,すわり寝,IMG_1832.png,,加工済み・実装後確認,,"(131, 502, 433, 780)",撮り直し候補,未照合,画像/ストリンダー_ロー/ストリンダー_ロー_寝顔1_すわり寝.webp,9c7f1ace16460216b98002a24cd78bf5fcfc5953ac64708f3e59b8fa26069ba5,0,0,0,寝顔中心・上下直線・左右16%曲線・枠外透過,837,一次一覧確認で確定なし（細部は実装後確認）,検出なし
ストリンダー_ロー_寝顔2_ゆめでベース寝.webp,ストリンダー_ロー/ストリンダー_ロー_寝顔2_ゆめでベース寝.webp,0849,ストリンダー,ロー,2,ゆめでベース寝,IMG_1832.png,,加工済み・実装後確認,,"(132, 959, 433, 1239)",撮り直し候補,未照合,画像/ストリンダー_ロー/ストリンダー_ロー_寝顔2_ゆめでベース寝.webp,9c7f1ace16460216b98002a24cd78bf5fcfc5953ac64708f3e59b8fa26069ba5,0,0,0,寝顔中心・上下直線・左右16%曲線・枠外透過,838,一次一覧確認で確定なし（細部は実装後確認）,検出なし
ストリンダー_ロー_寝顔3_ぐうたら寝.webp,ストリンダー_ロー/ストリンダー_ロー_寝顔3_ぐうたら寝.webp,0849,ストリンダー,ロー,3,ぐうたら寝,IMG_1832.png,,加工済み・実装後確認,再生ボタン残り：身体の欠損とは別,"(130, 1424, 493, 1652)",撮り直し候補,未照合,画像/ストリンダー_ロー/ストリンダー_ロー_寝顔3_ぐうたら寝.webp,9c7f1ace16460216b98002a24cd78bf5fcfc5953ac64708f3e59b8fa26069ba5,0,301,0,寝顔中心・上下直線・左右16%曲線・枠外透過,839,一次一覧確認で確定なし（細部は実装後確認）,枠内に残る可能性
ニャオハ_寝顔1_こうばこすわり寝.webp,ニャオハ/ニャオハ_寝顔1_こうばこすわり寝.webp,0906,ニャオハ,通常,1,こうばこすわり寝,IMG_1833.png,,加工済み・実装後確認,,"(188, 515, 417, 705)",一次切り抜き,未照合,画像/ニャオハ/ニャオハ_寝顔1_こうばこすわり寝.webp,8ae45818c34fb54ff45964feda3c8585e7a3e488895bc43aed5c6530040594f2,0,0,0,寝顔中心・上下直線・左右16%曲線・枠外透過,840,一次一覧確認で確定なし（細部は実装後確認）,検出なし
ニャオハ_寝顔2_ふみふみ寝.webp,ニャオハ/ニャオハ_寝顔2_ふみふみ寝.webp,0906,ニャオハ,通常,2,ふみふみ寝,IMG_1833.png,,加工済み・実装後確認,,"(178, 954, 423, 1158)",一次切り抜き,未照合,画像/ニャオハ/ニャオハ_寝顔2_ふみふみ寝.webp,8ae45818c34fb54ff45964feda3c8585e7a3e488895bc43aed5c6530040594f2,0,0,0,寝顔中心・上下直線・左右16%曲線・枠外透過,841,一次一覧確認で確定なし（細部は実装後確認）,検出なし
ニャオハ_寝顔3_へそてん寝.webp,ニャオハ/ニャオハ_寝顔3_へそてん寝.webp,0906,ニャオハ,通常,3,へそてん寝,IMG_1833.png,,加工済み・実装後確認,,"(183, 1422, 432, 1609)",一次切り抜き,未照合,画像/ニャオハ/ニャオハ_寝顔3_へそてん寝.webp,8ae45818c34fb54ff45964feda3c8585e7a3e488895bc43aed5c6530040594f2,0,0,0,寝顔中心・上下直線・左右16%曲線・枠外透過,842,一次一覧確認で確定なし（細部は実装後確認）,検出なし
ニャオハ_寝顔4_おなかのうえ寝.webp,ニャオハ/ニャオハ_寝顔4_おなかのうえ寝.webp,0906,ニャオハ,通常,4,おなかのうえ寝,IMG_1833.png,カビゴンは元画像に見える範囲のみ。再生ボタンの重なり部分は補描なし。,加工済み・実装後確認,,"(95, 1830, 433, 2110)",構図要確認,未照合,画像/ニャオハ/ニャオハ_寝顔4_おなかのうえ寝.webp,8ae45818c34fb54ff45964feda3c8585e7a3e488895bc43aed5c6530040594f2,2049,0,0,寝顔中心・上下直線・左右16%曲線・枠外透過,843,一次一覧確認で確定なし（細部は実装後確認）,検出なし
ニャローテ_寝顔1_まるまり寝.webp,ニャローテ/ニャローテ_寝顔1_まるまり寝.webp,0907,ニャローテ,通常,1,まるまり寝,IMG_1834.png,,加工済み・実装後確認,,"(155, 630, 450, 796)",撮り直し候補,未照合,画像/ニャローテ/ニャローテ_寝顔1_まるまり寝.webp,3b755bf62c3af731921540a4671b7825833958f7eb0cced474e6daaf81044615,0,0,0,寝顔中心・上下直線・左右16%曲線・枠外透過,844,一次一覧確認で確定なし（細部は実装後確認）,検出なし
ニャローテ_寝顔2_ぼうだち寝.webp,ニャローテ/ニャローテ_寝顔2_ぼうだち寝.webp,0907,ニャローテ,通常,2,ぼうだち寝,IMG_1834.png,,加工済み・実装後確認,,"(173, 1033, 423, 1241)",撮り直し候補,未照合,画像/ニャローテ/ニャローテ_寝顔2_ぼうだち寝.webp,3b755bf62c3af731921540a4671b7825833958f7eb0cced474e6daaf81044615,0,0,0,寝顔中心・上下直線・左右16%曲線・枠外透過,845,一次一覧確認で確定なし（細部は実装後確認）,検出なし
ニャローテ_寝顔3_じゃれつく寝.webp,ニャローテ/ニャローテ_寝顔3_じゃれつく寝.webp,0907,ニャローテ,通常,3,じゃれつく寝,IMG_1834.png,,加工済み・実装後確認,,"(153, 1528, 393, 1729)",撮り直し候補,未照合,画像/ニャローテ/ニャローテ_寝顔3_じゃれつく寝.webp,3b755bf62c3af731921540a4671b7825833958f7eb0cced474e6daaf81044615,0,0,0,寝顔中心・上下直線・左右16%曲線・枠外透過,846,一次一覧確認で確定なし（細部は実装後確認）,検出なし
ニャローテ_寝顔4_おなかのうえ寝.webp,ニャローテ/ニャローテ_寝顔4_おなかのうえ寝.webp,0907,ニャローテ,通常,4,おなかのうえ寝,IMG_1834.png,カビゴンは元画像に見える範囲のみ。再生ボタンの重なり部分は補描なし。,加工済み・実装後確認,再生ボタン残り：身体の欠損とは別,"(95, 1936, 525, 2216)",構図要確認,未照合,画像/ニャローテ/ニャローテ_寝顔4_おなかのうえ寝.webp,3b755bf62c3af731921540a4671b7825833958f7eb0cced474e6daaf81044615,2394,1768,0,寝顔中心・上下直線・左右16%曲線・枠外透過,847,一次一覧確認で確定なし（細部は実装後確認）,枠内に残る可能性
マスカーニャ_寝顔1_まるまり寝.webp,マスカーニャ/マスカーニャ_寝顔1_まるまり寝.webp,0908,マスカーニャ,通常,1,まるまり寝,IMG_1835.png,,加工済み・実装後確認,,"(172, 568, 425, 747)",撮り直し候補,未照合,画像/マスカーニャ/マスカーニャ_寝顔1_まるまり寝.webp,34c85f6c67b01db5b04a03ab022931c2eaa8407711d5edd7d2a928101b4c9beb,0,0,0,寝顔中心・上下直線・左右16%曲線・枠外透過,848,一次一覧確認で確定なし（細部は実装後確認）,検出なし
マスカーニャ_寝顔2_おじぎ寝.webp,マスカーニャ/マスカーニャ_寝顔2_おじぎ寝.webp,0908,マスカーニャ,通常,2,おじぎ寝,IMG_1835.png,,加工済み・実装後確認,,"(173, 978, 430, 1191)",撮り直し候補,未照合,画像/マスカーニャ/マスカーニャ_寝顔2_おじぎ寝.webp,34c85f6c67b01db5b04a03ab022931c2eaa8407711d5edd7d2a928101b4c9beb,0,0,0,寝顔中心・上下直線・左右16%曲線・枠外透過,849,一次一覧確認で確定なし（細部は実装後確認）,検出なし
マスカーニャ_寝顔3_マジシャン寝.webp,マスカーニャ/マスカーニャ_寝顔3_マジシャン寝.webp,0908,マスカーニャ,通常,3,マジシャン寝,IMG_1835.png,,加工済み・実装後確認,,"(122, 1436, 429, 1644)",撮り直し候補,未照合,画像/マスカーニャ/マスカーニャ_寝顔3_マジシャン寝.webp,34c85f6c67b01db5b04a03ab022931c2eaa8407711d5edd7d2a928101b4c9beb,0,0,0,寝顔中心・上下直線・左右16%曲線・枠外透過,850,一次一覧確認で確定なし（細部は実装後確認）,検出なし
マスカーニャ_寝顔4_おなかのうえ寝.webp,マスカーニャ/マスカーニャ_寝顔4_おなかのうえ寝.webp,0908,マスカーニャ,通常,4,おなかのうえ寝,IMG_1880.png,カビゴンは元画像に見える範囲のみ。再生ボタンの重なり部分は補描なし。,加工済み・実装後確認,,"(91, 571, 1089, 1357)",構図要確認,未照合,画像/マスカーニャ/マスカーニャ_寝顔4_おなかのうえ寝.webp,c3b0430862df801497a09b111e4b65d45aeba08e73edfff493daf6ce7645ae8f,,0,0,寝顔中心・上下直線・左右16%曲線・枠外透過,851,一次一覧確認で確定なし（細部は実装後確認）,検出なし
ホゲータ_寝顔1_はんきゅう寝.webp,ホゲータ/ホゲータ_寝顔1_はんきゅう寝.webp,0909,ホゲータ,通常,1,はんきゅう寝,IMG_1836.png,,加工済み・実装後確認,,"(183, 533, 433, 714)",一次切り抜き,未照合,画像/ホゲータ/ホゲータ_寝顔1_はんきゅう寝.webp,bd3519bddd272027a983a7fb14799d6ca09ac5b545e3b5a49c40970254769e61,0,0,0,寝顔中心・上下直線・左右16%曲線・枠外透過,852,一次一覧確認で確定なし（細部は実装後確認）,検出なし
ホゲータ_寝顔2_もぐもぐ寝.webp,ホゲータ/ホゲータ_寝顔2_もぐもぐ寝.webp,0909,ホゲータ,通常,2,もぐもぐ寝,IMG_1836.png,,加工済み・実装後確認,,"(165, 939, 433, 1177)",一次切り抜き,未照合,画像/ホゲータ/ホゲータ_寝顔2_もぐもぐ寝.webp,bd3519bddd272027a983a7fb14799d6ca09ac5b545e3b5a49c40970254769e61,0,0,0,寝顔中心・上下直線・左右16%曲線・枠外透過,853,一次一覧確認で確定なし（細部は実装後確認）,検出なし
ホゲータ_寝顔3_へそてん寝.webp,ホゲータ/ホゲータ_寝顔3_へそてん寝.webp,0909,ホゲータ,通常,3,へそてん寝,IMG_1836.png,,加工済み・実装後確認,,"(178, 1426, 433, 1636)",一次切り抜き,未照合,画像/ホゲータ/ホゲータ_寝顔3_へそてん寝.webp,bd3519bddd272027a983a7fb14799d6ca09ac5b545e3b5a49c40970254769e61,0,0,0,寝顔中心・上下直線・左右16%曲線・枠外透過,854,一次一覧確認で確定なし（細部は実装後確認）,検出なし
ホゲータ_寝顔4_おなかのうえ寝.webp,ホゲータ/ホゲータ_寝顔4_おなかのうえ寝.webp,0909,ホゲータ,通常,4,おなかのうえ寝,IMG_1836.png,カビゴンは元画像に見える範囲のみ。再生ボタンの重なり部分は補描なし。,加工済み・実装後確認,再生ボタン残り：身体の欠損とは別,"(95, 1841, 525, 2121)",構図要確認,未照合,画像/ホゲータ/ホゲータ_寝顔4_おなかのうえ寝.webp,bd3519bddd272027a983a7fb14799d6ca09ac5b545e3b5a49c40970254769e61,224,1768,0,寝顔中心・上下直線・左右16%曲線・枠外透過,855,一次一覧確認で確定なし（細部は実装後確認）,枠内に残る可能性
アチゲータ_寝顔1_はんきゅう寝.webp,アチゲータ/アチゲータ_寝顔1_はんきゅう寝.webp,0910,アチゲータ,通常,1,はんきゅう寝,IMG_1837.png,,加工済み・実装後確認,再生ボタン残り：身体の欠損とは別,"(173, 513, 464, 729)",撮り直し候補,未照合,画像/アチゲータ/アチゲータ_寝顔1_はんきゅう寝.webp,31e263b329df65dcf95287d259cdadfc34584bc24a10c8bfa20c903c932610ed,0,155,0,寝顔中心・上下直線・左右16%曲線・枠外透過,856,一次一覧確認で確定なし（細部は実装後確認）,枠内に残る可能性
アチゲータ_寝顔2_るんるん寝.webp,アチゲータ/アチゲータ_寝顔2_るんるん寝.webp,0910,アチゲータ,通常,2,るんるん寝,IMG_1837.png,,加工済み・実装後確認,,"(155, 937, 433, 1189)",撮り直し候補,未照合,画像/アチゲータ/アチゲータ_寝顔2_るんるん寝.webp,31e263b329df65dcf95287d259cdadfc34584bc24a10c8bfa20c903c932610ed,0,0,0,寝顔中心・上下直線・左右16%曲線・枠外透過,857,一次一覧確認で確定なし（細部は実装後確認）,検出なし
アチゲータ_寝顔3_ひだまかかえ寝.webp,アチゲータ/アチゲータ_寝顔3_ひだまかかえ寝.webp,0910,アチゲータ,通常,3,ひだまかかえ寝,IMG_1837.png,,加工済み・実装後確認,再生ボタン残り：身体の欠損とは別,"(146, 1417, 467, 1651)",撮り直し候補,未照合,画像/アチゲータ/アチゲータ_寝顔3_ひだまかかえ寝.webp,31e263b329df65dcf95287d259cdadfc34584bc24a10c8bfa20c903c932610ed,0,261,0,寝顔中心・上下直線・左右16%曲線・枠外透過,858,一次一覧確認で確定なし（細部は実装後確認）,枠内に残る可能性
アチゲータ_寝顔4_おなかのうえ寝.webp,アチゲータ/アチゲータ_寝顔4_おなかのうえ寝.webp,0910,アチゲータ,通常,4,おなかのうえ寝,IMG_1837.png,カビゴンは元画像に見える範囲のみ。再生ボタンの重なり部分は補描なし。,加工済み・実装後確認,再生ボタン残り：身体の欠損とは別,"(95, 1844, 525, 2123)",構図要確認,未照合,画像/アチゲータ/アチゲータ_寝顔4_おなかのうえ寝.webp,31e263b329df65dcf95287d259cdadfc34584bc24a10c8bfa20c903c932610ed,1835,1768,0,寝顔中心・上下直線・左右16%曲線・枠外透過,859,一次一覧確認で確定なし（細部は実装後確認）,枠内に残る可能性
ラウドボーン_寝顔1_はんきゅう寝.webp,ラウドボーン/ラウドボーン_寝顔1_はんきゅう寝.webp,0911,ラウドボーン,通常,1,はんきゅう寝,IMG_1838.png,,加工済み・実装後確認,再生ボタン残り：身体の欠損とは別,"(121, 455, 503, 677)",撮り直し候補,未照合,画像/ラウドボーン/ラウドボーン_寝顔1_はんきゅう寝.webp,3fd6aa8b2ac2df73c61ff362392c15fd32b78f02bc078c0d0f429b8b60a87f7f,0,1077,0,寝顔中心・上下直線・左右16%曲線・枠外透過,860,一次一覧確認で確定なし（細部は実装後確認）,枠内に残る可能性
ラウドボーン_寝顔2_ふんばり寝.webp,ラウドボーン/ラウドボーン_寝顔2_ふんばり寝.webp,0911,ラウドボーン,通常,2,ふんばり寝,IMG_1838.png,,加工済み・実装後確認,再生ボタン残り：身体の欠損とは別,"(145, 882, 482, 1148)",撮り直し候補,未照合,画像/ラウドボーン/ラウドボーン_寝顔2_ふんばり寝.webp,3fd6aa8b2ac2df73c61ff362392c15fd32b78f02bc078c0d0f429b8b60a87f7f,0,731,0,寝顔中心・上下直線・左右16%曲線・枠外透過,861,一次一覧確認で確定なし（細部は実装後確認）,枠内に残る可能性
ラウドボーン_寝顔3_なかよし寝.webp,ラウドボーン/ラウドボーン_寝顔3_なかよし寝.webp,0911,ラウドボーン,通常,3,なかよし寝,IMG_1838.png,,加工済み・実装後確認,再生ボタン残り：身体の欠損とは別,"(117, 1379, 514, 1598)",撮り直し候補,未照合,画像/ラウドボーン/ラウドボーン_寝顔3_なかよし寝.webp,3fd6aa8b2ac2df73c61ff362392c15fd32b78f02bc078c0d0f429b8b60a87f7f,0,1622,0,寝顔中心・上下直線・左右16%曲線・枠外透過,862,一次一覧確認で確定なし（細部は実装後確認）,枠内に残る可能性
ラウドボーン_寝顔4_おなかのうえ寝.webp,ラウドボーン/ラウドボーン_寝顔4_おなかのうえ寝.webp,0911,ラウドボーン,通常,4,おなかのうえ寝,IMG_1838.png,カビゴンは元画像に見える範囲のみ。再生ボタンの重なり部分は補描なし。,加工済み・実装後確認,再生ボタン残り：身体の欠損とは別,"(95, 1797, 525, 2076)",構図要確認,未照合,画像/ラウドボーン/ラウドボーン_寝顔4_おなかのうえ寝.webp,3fd6aa8b2ac2df73c61ff362392c15fd32b78f02bc078c0d0f429b8b60a87f7f,1475,1768,0,寝顔中心・上下直線・左右16%曲線・枠外透過,863,一次一覧確認で確定なし（細部は実装後確認）,枠内に残る可能性
クワッス_寝顔1_すわり寝.webp,クワッス/クワッス_寝顔1_すわり寝.webp,0912,クワッス,通常,1,すわり寝,IMG_1839.png,,加工済み・実装後確認,,"(165, 533, 433, 764)",一次切り抜き,未照合,画像/クワッス/クワッス_寝顔1_すわり寝.webp,088fadc5b12a1ff2d596a27be6db49181d8eafa30382aecbca758f9e841bfa5c,0,0,0,寝顔中心・上下直線・左右16%曲線・枠外透過,864,一次一覧確認で確定なし（細部は実装後確認）,検出なし
クワッス_寝顔2_かみととのえ寝.webp,クワッス/クワッス_寝顔2_かみととのえ寝.webp,0912,クワッス,通常,2,かみととのえ寝,IMG_1839.png,,加工済み・実装後確認,,"(156, 987, 433, 1229)",一次切り抜き,未照合,画像/クワッス/クワッス_寝顔2_かみととのえ寝.webp,088fadc5b12a1ff2d596a27be6db49181d8eafa30382aecbca758f9e841bfa5c,0,0,0,寝顔中心・上下直線・左右16%曲線・枠外透過,865,一次一覧確認で確定なし（細部は実装後確認）,検出なし
クワッス_寝顔3_ぼさぼさ寝.webp,クワッス/クワッス_寝顔3_ぼさぼさ寝.webp,0912,クワッス,通常,3,ぼさぼさ寝,IMG_1839.png,,加工済み・実装後確認,,"(165, 1447, 433, 1682)",一次切り抜き,未照合,画像/クワッス/クワッス_寝顔3_ぼさぼさ寝.webp,088fadc5b12a1ff2d596a27be6db49181d8eafa30382aecbca758f9e841bfa5c,0,0,0,寝顔中心・上下直線・左右16%曲線・枠外透過,866,一次一覧確認で確定なし（細部は実装後確認）,検出なし
クワッス_寝顔4_おなかのうえ寝.webp,クワッス/クワッス_寝顔4_おなかのうえ寝.webp,0912,クワッス,通常,4,おなかのうえ寝,IMG_1839.png,カビゴンは元画像に見える範囲のみ。再生ボタンの重なり部分は補描なし。,加工済み・実装後確認,再生ボタン残り：身体の欠損とは別,"(95, 1888, 493, 2167)",構図要確認,未照合,画像/クワッス/クワッス_寝顔4_おなかのうえ寝.webp,088fadc5b12a1ff2d596a27be6db49181d8eafa30382aecbca758f9e841bfa5c,1077,1162,0,寝顔中心・上下直線・左右16%曲線・枠外透過,867,一次一覧確認で確定なし（細部は実装後確認）,枠内に残る可能性
ウェルカモ_寝顔1_かたひざたて寝.webp,ウェルカモ/ウェルカモ_寝顔1_かたひざたて寝.webp,0913,ウェルカモ,通常,1,かたひざたて寝,IMG_1840.png,,加工済み・実装後確認,,"(167, 428, 433, 675)",撮り直し候補,未照合,画像/ウェルカモ/ウェルカモ_寝顔1_かたひざたて寝.webp,f9de7eadad02203ea79661cdffb7aa1497ce497017ff5709214057f84f50eaa8,0,0,0,寝顔中心・上下直線・左右16%曲線・枠外透過,868,一次一覧確認で確定なし（細部は実装後確認）,検出なし
ウェルカモ_寝顔2_かみととのえ寝.webp,ウェルカモ/ウェルカモ_寝顔2_かみととのえ寝.webp,0913,ウェルカモ,通常,2,かみととのえ寝,IMG_1840.png,,加工済み・実装後確認,再生ボタン残り：身体の欠損とは別,"(95, 877, 525, 1148)",撮り直し候補,未照合,画像/ウェルカモ/ウェルカモ_寝顔2_かみととのえ寝.webp,f9de7eadad02203ea79661cdffb7aa1497ce497017ff5709214057f84f50eaa8,126,1767,0,寝顔中心・上下直線・左右16%曲線・枠外透過,869,一次一覧確認で確定なし（細部は実装後確認）,枠内に残る可能性
ウェルカモ_寝顔3_みだれがみ寝.webp,ウェルカモ/ウェルカモ_寝顔3_みだれがみ寝.webp,0913,ウェルカモ,通常,3,みだれがみ寝,IMG_1840.png,,加工済み・実装後確認,再生ボタン残り：身体の欠損とは別,"(140, 1377, 465, 1589)",撮り直し候補,未照合,画像/ウェルカモ/ウェルカモ_寝顔3_みだれがみ寝.webp,f9de7eadad02203ea79661cdffb7aa1497ce497017ff5709214057f84f50eaa8,0,118,0,寝顔中心・上下直線・左右16%曲線・枠外透過,870,一次一覧確認で確定なし（細部は実装後確認）,枠内に残る可能性
ウェルカモ_寝顔4_おなかのうえ寝.webp,ウェルカモ/ウェルカモ_寝顔4_おなかのうえ寝.webp,0913,ウェルカモ,通常,4,おなかのうえ寝,IMG_1840.png,カビゴンは元画像に見える範囲のみ。再生ボタンの重なり部分は補描なし。,加工済み・実装後確認,再生ボタン残り：身体の欠損とは別,"(95, 1792, 525, 2071)",構図要確認,未照合,画像/ウェルカモ/ウェルカモ_寝顔4_おなかのうえ寝.webp,f9de7eadad02203ea79661cdffb7aa1497ce497017ff5709214057f84f50eaa8,3749,1768,0,寝顔中心・上下直線・左右16%曲線・枠外透過,871,一次一覧確認で確定なし（細部は実装後確認）,枠内に残る可能性
ウェーニバル_寝顔1_かたひざたて寝.webp,ウェーニバル/ウェーニバル_寝顔1_かたひざたて寝.webp,0914,ウェーニバル,通常,1,かたひざたて寝,IMG_1841.jpeg,,加工済み・実装後確認,再生ボタン残り：身体の欠損とは別,"(57, 295, 316, 463)",撮り直し候補,未照合,画像/ウェーニバル/ウェーニバル_寝顔1_かたひざたて寝.webp,cbbab7e210889fe445bf1c621a8e8c10b1ca2493c92a1ebcbea0ecf9111b92d1,118,1768,0,寝顔中心・上下直線・左右16%曲線・枠外透過,872,一次一覧確認で確定なし（細部は実装後確認）,枠内に残る可能性
ウェーニバル_寝顔2_きめポーズ寝.webp,ウェーニバル/ウェーニバル_寝顔2_きめポーズ寝.webp,0914,ウェーニバル,通常,2,きめポーズ寝,IMG_1841.jpeg,,加工済み・実装後確認,再生ボタン残り：身体の欠損とは別,"(57, 569, 316, 738)",撮り直し候補,未照合,画像/ウェーニバル/ウェーニバル_寝顔2_きめポーズ寝.webp,cbbab7e210889fe445bf1c621a8e8c10b1ca2493c92a1ebcbea0ecf9111b92d1,127,1768,0,寝顔中心・上下直線・左右16%曲線・枠外透過,873,一次一覧確認で確定なし（細部は実装後確認）,枠内に残る可能性
ウェーニバル_寝顔3_ゆめでダンス寝.webp,ウェーニバル/ウェーニバル_寝顔3_ゆめでダンス寝.webp,0914,ウェーニバル,通常,3,ゆめでダンス寝,IMG_1841.jpeg,,加工済み・実装後確認,再生ボタン残り：身体の欠損とは別,"(77, 856, 302, 998)",撮り直し候補,未照合,画像/ウェーニバル/ウェーニバル_寝顔3_ゆめでダンス寝.webp,cbbab7e210889fe445bf1c621a8e8c10b1ca2493c92a1ebcbea0ecf9111b92d1,0,1174,0,寝顔中心・上下直線・左右16%曲線・枠外透過,874,一次一覧確認で確定なし（細部は実装後確認）,枠内に残る可能性
ウェーニバル_寝顔4_おなかのうえ寝.webp,ウェーニバル/ウェーニバル_寝顔4_おなかのうえ寝.webp,0914,ウェーニバル,通常,4,おなかのうえ寝,IMG_1841.jpeg,カビゴンは元画像に見える範囲のみ。再生ボタンの重なり部分は補描なし。,加工済み・実装後確認,再生ボタン残り：身体の欠損とは別,"(57, 1119, 316, 1287)",構図要確認,未照合,画像/ウェーニバル/ウェーニバル_寝顔4_おなかのうえ寝.webp,cbbab7e210889fe445bf1c621a8e8c10b1ca2493c92a1ebcbea0ecf9111b92d1,650,1768,0,寝顔中心・上下直線・左右16%曲線・枠外透過,875,一次一覧確認で確定なし（細部は実装後確認）,枠内に残る可能性
パモ_寝顔1_にくきゅうこすり寝.webp,パモ/パモ_寝顔1_にくきゅうこすり寝.webp,0921,パモ,通常,1,にくきゅうこすり寝,IMG_1842.png,,加工済み・実装後確認,,"(127, 528, 433, 700)",一次切り抜き,未照合,画像/パモ/パモ_寝顔1_にくきゅうこすり寝.webp,10e66dc1bb160a3e4425f0257ac17ea204b77e50a0ffe94c7ce9520a21d8a0a1,0,0,0,寝顔中心・上下直線・左右16%曲線・枠外透過,876,一次一覧確認で確定なし（細部は実装後確認）,検出なし
パモ_寝顔2_ふんばり寝.webp,パモ/パモ_寝顔2_ふんばり寝.webp,0921,パモ,通常,2,ふんばり寝,IMG_1842.png,,加工済み・実装後確認,,"(175, 966, 432, 1179)",一次切り抜き,未照合,画像/パモ/パモ_寝顔2_ふんばり寝.webp,10e66dc1bb160a3e4425f0257ac17ea204b77e50a0ffe94c7ce9520a21d8a0a1,0,0,0,寝顔中心・上下直線・左右16%曲線・枠外透過,877,一次一覧確認で確定なし（細部は実装後確認）,検出なし
パモ_寝顔3_ほっぺすりすり寝.webp,パモ/パモ_寝顔3_ほっぺすりすり寝.webp,0921,パモ,通常,3,ほっぺすりすり寝,IMG_1842.png,,加工済み・実装後確認,,"(151, 1401, 433, 1639)",一次切り抜き,未照合,画像/パモ/パモ_寝顔3_ほっぺすりすり寝.webp,10e66dc1bb160a3e4425f0257ac17ea204b77e50a0ffe94c7ce9520a21d8a0a1,0,0,0,寝顔中心・上下直線・左右16%曲線・枠外透過,878,一次一覧確認で確定なし（細部は実装後確認）,検出なし
パモット_寝顔1_まるまり寝.webp,パモット/パモット_寝顔1_まるまり寝.webp,0922,パモット,通常,1,まるまり寝,IMG_1843.png,,加工済み・実装後確認,,"(117, 535, 457, 715)",一次切り抜き,未照合,画像/パモット/パモット_寝顔1_まるまり寝.webp,c1804a540aedef06b4958d34a28c9dd45d30c97acf49388eb729e990420a3f55,0,0,0,寝顔中心・上下直線・左右16%曲線・枠外透過,879,一次一覧確認で確定なし（細部は実装後確認）,検出なし
パモット_寝顔2_ゆめでかまえ寝.webp,パモット/パモット_寝顔2_ゆめでかまえ寝.webp,0922,パモット,通常,2,ゆめでかまえ寝,IMG_1843.png,,加工済み・実装後確認,,"(151, 958, 433, 1206)",撮り直し候補,未照合,画像/パモット/パモット_寝顔2_ゆめでかまえ寝.webp,c1804a540aedef06b4958d34a28c9dd45d30c97acf49388eb729e990420a3f55,0,0,0,寝顔中心・上下直線・左右16%曲線・枠外透過,880,一次一覧確認で確定なし（細部は実装後確認）,検出なし
パモット_寝顔3_ほうでん寝.webp,パモット/パモット_寝顔3_ほうでん寝.webp,0922,パモット,通常,3,ほうでん寝,IMG_1843.png,,加工済み・実装後確認,,"(157, 1411, 433, 1663)",撮り直し候補,未照合,画像/パモット/パモット_寝顔3_ほうでん寝.webp,c1804a540aedef06b4958d34a28c9dd45d30c97acf49388eb729e990420a3f55,0,0,0,寝顔中心・上下直線・左右16%曲線・枠外透過,881,一次一覧確認で確定なし（細部は実装後確認）,検出なし
パモット_寝顔4_おなかのうえ寝.webp,パモット/パモット_寝顔4_おなかのうえ寝.webp,0922,パモット,通常,4,おなかのうえ寝,IMG_1843.png,カビゴンは元画像に見える範囲のみ。再生ボタンの重なり部分は補描なし。,加工済み・実装後確認,再生ボタン残り：身体の欠損とは別,"(95, 1860, 525, 2140)",構図要確認,未照合,画像/パモット/パモット_寝顔4_おなかのうえ寝.webp,c1804a540aedef06b4958d34a28c9dd45d30c97acf49388eb729e990420a3f55,3849,1768,0,寝顔中心・上下直線・左右16%曲線・枠外透過,882,一次一覧確認で確定なし（細部は実装後確認）,枠内に残る可能性
パーモット_寝顔1_まるまり寝.webp,パーモット/パーモット_寝顔1_まるまり寝.webp,0923,パーモット,通常,1,まるまり寝,IMG_1844.png,,加工済み・実装後確認,,"(111, 570, 480, 746)",撮り直し候補,未照合,画像/パーモット/パーモット_寝顔1_まるまり寝.webp,affdede8a7301edc493863da9a9d4b041009b9343b71ab356404d0e9e1cec4c8,0,0,0,寝顔中心・上下直線・左右16%曲線・枠外透過,883,一次一覧確認で確定なし（細部は実装後確認）,検出なし
パーモット_寝顔2_ゆめでてあて寝.webp,パーモット/パーモット_寝顔2_ゆめでてあて寝.webp,0923,パーモット,通常,2,ゆめでてあて寝,IMG_1844.png,,加工済み・実装後確認,再生ボタン残り：身体の欠損とは別,"(95, 983, 525, 1256)",撮り直し候補,未照合,画像/パーモット/パーモット_寝顔2_ゆめでてあて寝.webp,affdede8a7301edc493863da9a9d4b041009b9343b71ab356404d0e9e1cec4c8,126,1768,0,寝顔中心・上下直線・左右16%曲線・枠外透過,884,一次一覧確認で確定なし（細部は実装後確認）,枠内に残る可能性
パーモット_寝顔3_ほうでん寝.webp,パーモット/パーモット_寝顔3_ほうでん寝.webp,0923,パーモット,通常,3,ほうでん寝,IMG_1844.png,,加工済み・実装後確認,,"(141, 1441, 457, 1704)",撮り直し候補,未照合,画像/パーモット/パーモット_寝顔3_ほうでん寝.webp,affdede8a7301edc493863da9a9d4b041009b9343b71ab356404d0e9e1cec4c8,0,18,0,寝顔中心・上下直線・左右16%曲線・枠外透過,885,一次一覧確認で確定なし（細部は実装後確認）,検出なし
パーモット_寝顔4_おなかのうえ寝.webp,パーモット/パーモット_寝顔4_おなかのうえ寝.webp,0923,パーモット,通常,4,おなかのうえ寝,IMG_1844.png,カビゴンは元画像に見える範囲のみ。再生ボタンの重なり部分は補描なし。,加工済み・実装後確認,再生ボタン残り：身体の欠損とは別,"(95, 1898, 525, 2177)",構図要確認,未照合,画像/パーモット/パーモット_寝顔4_おなかのうえ寝.webp,affdede8a7301edc493863da9a9d4b041009b9343b71ab356404d0e9e1cec4c8,4101,1768,0,寝顔中心・上下直線・左右16%曲線・枠外透過,886,一次一覧確認で確定なし（細部は実装後確認）,枠内に残る可能性
カヌチャン_寝顔1_ハンマーだき寝.webp,カヌチャン/カヌチャン_寝顔1_ハンマーだき寝.webp,0957,カヌチャン,通常,1,ハンマーだき寝,IMG_1845.png,,加工済み・実装後確認,,"(138, 570, 452, 756)",一次切り抜き,未照合,画像/カヌチャン/カヌチャン_寝顔1_ハンマーだき寝.webp,e009812517672cd16396f4f15bdb4c94fda096f39656aff287c692a0760152f3,0,0,0,寝顔中心・上下直線・左右16%曲線・枠外透過,887,一次一覧確認で確定なし（細部は実装後確認）,検出なし
カヌチャン_寝顔2_おおあくび寝.webp,カヌチャン/カヌチャン_寝顔2_おおあくび寝.webp,0957,カヌチャン,通常,2,おおあくび寝,IMG_1845.png,,加工済み・実装後確認,,"(148, 999, 433, 1259)",撮り直し候補,未照合,画像/カヌチャン/カヌチャン_寝顔2_おおあくび寝.webp,e009812517672cd16396f4f15bdb4c94fda096f39656aff287c692a0760152f3,0,0,0,寝顔中心・上下直線・左右16%曲線・枠外透過,888,一次一覧確認で確定なし（細部は実装後確認）,検出なし
カヌチャン_寝顔3_ハンマーにぎにぎ寝.webp,カヌチャン/カヌチャン_寝顔3_ハンマーにぎにぎ寝.webp,0957,カヌチャン,通常,3,ハンマーにぎにぎ寝,IMG_1845.png,,加工済み・実装後確認,,"(156, 1475, 433, 1707)",一次切り抜き,未照合,画像/カヌチャン/カヌチャン_寝顔3_ハンマーにぎにぎ寝.webp,e009812517672cd16396f4f15bdb4c94fda096f39656aff287c692a0760152f3,0,0,0,寝顔中心・上下直線・左右16%曲線・枠外透過,889,一次一覧確認で確定なし（細部は実装後確認）,検出なし
カヌチャン_寝顔4_おなかのうえ寝.webp,カヌチャン/カヌチャン_寝顔4_おなかのうえ寝.webp,0957,カヌチャン,通常,4,おなかのうえ寝,IMG_1845.png,カビゴンは元画像に見える範囲のみ。再生ボタンの重なり部分は補描なし。,加工済み・実装後確認,再生ボタン残り：身体の欠損とは別,"(95, 1901, 525, 2181)",構図要確認,未照合,画像/カヌチャン/カヌチャン_寝顔4_おなかのうえ寝.webp,e009812517672cd16396f4f15bdb4c94fda096f39656aff287c692a0760152f3,603,1768,0,寝顔中心・上下直線・左右16%曲線・枠外透過,890,一次一覧確認で確定なし（細部は実装後確認）,枠内に残る可能性
ナカヌチャン_寝顔1_ほおづえ寝.webp,ナカヌチャン/ナカヌチャン_寝顔1_ほおづえ寝.webp,0958,ナカヌチャン,通常,1,ほおづえ寝,IMG_1846.png,,加工済み・実装後確認,再生ボタン残り：身体の欠損とは別,"(130, 480, 462, 742)",撮り直し候補,未照合,画像/ナカヌチャン/ナカヌチャン_寝顔1_ほおづえ寝.webp,28636e1e0cbfbdb488002efe4c7c66b286edacc7884d574e366ba82ea8d9eed2,0,127,0,寝顔中心・上下直線・左右16%曲線・枠外透過,891,一次一覧確認で確定なし（細部は実装後確認）,枠内に残る可能性
ナカヌチャン_寝顔2_もちあがらない寝.webp,ナカヌチャン/ナカヌチャン_寝顔2_もちあがらない寝.webp,0958,ナカヌチャン,通常,2,もちあがらない寝,IMG_1846.png,,加工済み・実装後確認,,"(132, 929, 433, 1206)",撮り直し候補,未照合,画像/ナカヌチャン/ナカヌチャン_寝顔2_もちあがらない寝.webp,28636e1e0cbfbdb488002efe4c7c66b286edacc7884d574e366ba82ea8d9eed2,0,0,0,寝顔中心・上下直線・左右16%曲線・枠外透過,892,一次一覧確認で確定なし（細部は実装後確認）,検出なし
ナカヌチャン_寝顔3_ハンマーまくら寝.webp,ナカヌチャン/ナカヌチャン_寝顔3_ハンマーまくら寝.webp,0958,ナカヌチャン,通常,3,ハンマーまくら寝,IMG_1846.png,,加工済み・実装後確認,再生ボタン残り：身体の欠損とは別,"(105, 1392, 498, 1659)",撮り直し候補,未照合,画像/ナカヌチャン/ナカヌチャン_寝顔3_ハンマーまくら寝.webp,28636e1e0cbfbdb488002efe4c7c66b286edacc7884d574e366ba82ea8d9eed2,0,1266,0,寝顔中心・上下直線・左右16%曲線・枠外透過,893,一次一覧確認で確定なし（細部は実装後確認）,枠内に残る可能性
ナカヌチャン_寝顔4_おなかのうえ寝.webp,ナカヌチャン/ナカヌチャン_寝顔4_おなかのうえ寝.webp,0958,ナカヌチャン,通常,4,おなかのうえ寝,IMG_1882.png,カビゴンは元画像に見える範囲のみ。再生ボタンの重なり部分は補描なし。,加工済み・実装後確認,,"(91, 571, 1089, 1357)",構図要確認,未照合,画像/ナカヌチャン/ナカヌチャン_寝顔4_おなかのうえ寝.webp,8904864cf6cba5ee39b65777cbee58e179829cfecf7c9b7ff6a244d95c1d30b5,,0,0,寝顔中心・上下直線・左右16%曲線・枠外透過,894,一次一覧確認で確定なし（細部は実装後確認）,検出なし
デカヌチャン_寝顔1_ハンマーのうえ寝.webp,デカヌチャン/デカヌチャン_寝顔1_ハンマーのうえ寝.webp,0959,デカヌチャン,通常,1,ハンマーのうえ寝,IMG_1847.png,,加工済み・実装後確認,再生ボタン残り：身体の欠損とは別,"(102, 716, 492, 974)",撮り直し候補,未照合,画像/デカヌチャン/デカヌチャン_寝顔1_ハンマーのうえ寝.webp,42d3a3bd75ef802a312b0c8dcc8b71d83df42ec8be8027c463b45b45650152a7,0,955,0,寝顔中心・上下直線・左右16%曲線・枠外透過,895,一次一覧確認で確定なし（細部は実装後確認）,枠内に残る可能性
デカヌチャン_寝顔2_ハンマーかつぎ寝.webp,デカヌチャン/デカヌチャン_寝顔2_ハンマーかつぎ寝.webp,0959,デカヌチャン,通常,2,ハンマーかつぎ寝,IMG_1847.png,,加工済み・実装後確認,,"(145, 1167, 433, 1446)",撮り直し候補,未照合,画像/デカヌチャン/デカヌチャン_寝顔2_ハンマーかつぎ寝.webp,42d3a3bd75ef802a312b0c8dcc8b71d83df42ec8be8027c463b45b45650152a7,0,0,0,寝顔中心・上下直線・左右16%曲線・枠外透過,896,一次一覧確認で確定なし（細部は実装後確認）,検出なし
デカヌチャン_寝顔3_ハンマーだきつき寝.webp,デカヌチャン/デカヌチャン_寝顔3_ハンマーだきつき寝.webp,0959,デカヌチャン,通常,3,ハンマーだきつき寝,IMG_1847.png,,加工済み・実装後確認,再生ボタン残り：身体の欠損とは別,"(117, 1632, 482, 1891)",撮り直し候補,未照合,画像/デカヌチャン/デカヌチャン_寝顔3_ハンマーだきつき寝.webp,42d3a3bd75ef802a312b0c8dcc8b71d83df42ec8be8027c463b45b45650152a7,0,706,0,寝顔中心・上下直線・左右16%曲線・枠外透過,897,一次一覧確認で確定なし（細部は実装後確認）,枠内に残る可能性
アルクジラ_寝顔1_ばんざい寝.webp,アルクジラ/アルクジラ_寝顔1_ばんざい寝.webp,0974,アルクジラ,通常,1,ばんざい寝,IMG_1848.png,,加工済み・実装後確認,再生ボタン残り：身体の欠損とは別,"(177, 467, 475, 715)",撮り直し候補,未照合,画像/アルクジラ/アルクジラ_寝顔1_ばんざい寝.webp,19145164b025ac1d3847a22be0a8b1a98f1662510b0b9bf5214fbd4730bcbdf9,0,654,0,寝顔中心・上下直線・左右16%曲線・枠外透過,898,一次一覧確認で確定なし（細部は実装後確認）,枠内に残る可能性
アルクジラ_寝顔2_よたよた寝.webp,アルクジラ/アルクジラ_寝顔2_よたよた寝.webp,0974,アルクジラ,通常,2,よたよた寝,IMG_1848.png,,加工済み・実装後確認,再生ボタン残り：身体の欠損とは別,"(132, 917, 462, 1173)",撮り直し候補,未照合,画像/アルクジラ/アルクジラ_寝顔2_よたよた寝.webp,19145164b025ac1d3847a22be0a8b1a98f1662510b0b9bf5214fbd4730bcbdf9,0,169,0,寝顔中心・上下直線・左右16%曲線・枠外透過,899,一次一覧確認で確定なし（細部は実装後確認）,枠内に残る可能性
アルクジラ_寝顔3_ぐずり寝.webp,アルクジラ/アルクジラ_寝顔3_ぐずり寝.webp,0974,アルクジラ,通常,3,ぐずり寝,IMG_1848.png,,加工済み・実装後確認,再生ボタン残り：身体の欠損とは別,"(127, 1384, 477, 1627)",撮り直し候補,未照合,画像/アルクジラ/アルクジラ_寝顔3_ぐずり寝.webp,19145164b025ac1d3847a22be0a8b1a98f1662510b0b9bf5214fbd4730bcbdf9,0,609,0,寝顔中心・上下直線・左右16%曲線・枠外透過,900,一次一覧確認で確定なし（細部は実装後確認）,枠内に残る可能性
ハルクジラ_寝顔1_ゆめですべり寝.webp,ハルクジラ/ハルクジラ_寝顔1_ゆめですべり寝.webp,0975,ハルクジラ,通常,1,ゆめですべり寝,IMG_1849.png,,加工済み・実装後確認,再生ボタン残り：身体の欠損とは別,"(112, 712, 514, 983)",撮り直し候補,未照合,画像/ハルクジラ/ハルクジラ_寝顔1_ゆめですべり寝.webp,5846fb550f27a8dc157d0037eeb3dc91aca69675ba1c53617b617fe36475db6b,0,1719,0,寝顔中心・上下直線・左右16%曲線・枠外透過,901,一次一覧確認で確定なし（細部は実装後確認）,枠内に残る可能性
ハルクジラ_寝顔3_エコロケーション寝.webp,ハルクジラ/ハルクジラ_寝顔3_エコロケーション寝.webp,0975,ハルクジラ,通常,3,エコロケーション寝,IMG_1849.png,,加工済み・実装後確認,再生ボタン残り：身体の欠損とは別,"(131, 1629, 513, 1903)",撮り直し候補,未照合,画像/ハルクジラ/ハルクジラ_寝顔3_エコロケーション寝.webp,5846fb550f27a8dc157d0037eeb3dc91aca69675ba1c53617b617fe36475db6b,0,1752,0,寝顔中心・上下直線・左右16%曲線・枠外透過,902,一次一覧確認で確定なし（細部は実装後確認）,枠内に残る可能性
ドオー_寝顔1_おおぐちあけ寝.webp,ドオー/ドオー_寝顔1_おおぐちあけ寝.webp,0980,ドオー,通常,1,おおぐちあけ寝,IMG_1850.png,,加工済み・実装後確認,,"(137, 488, 453, 727)",撮り直し候補,未照合,画像/ドオー/ドオー_寝顔1_おおぐちあけ寝.webp,10bd95f491e90715b78b70a97547eccd443816c9ff93cdf868d409defb05953f,0,0,0,寝顔中心・上下直線・左右16%曲線・枠外透過,903,一次一覧確認で確定なし（細部は実装後確認）,検出なし
ドオー_寝顔2_ぺったり寝.webp,ドオー/ドオー_寝顔2_ぺったり寝.webp,0980,ドオー,通常,2,ぺったり寝,IMG_1850.png,,加工済み・実装後確認,,"(135, 942, 449, 1185)",撮り直し候補,未照合,画像/ドオー/ドオー_寝顔2_ぺったり寝.webp,10bd95f491e90715b78b70a97547eccd443816c9ff93cdf868d409defb05953f,0,0,0,寝顔中心・上下直線・左右16%曲線・枠外透過,904,一次一覧確認で確定なし（細部は実装後確認）,検出なし
ドオー_寝顔3_どろにうまり寝.webp,ドオー/ドオー_寝顔3_どろにうまり寝.webp,0980,ドオー,通常,3,どろにうまり寝,IMG_1850.png,,加工済み・実装後確認,再生ボタン残り：身体の欠損とは別,"(95, 1380, 525, 1659)",撮り直し候補,未照合,画像/ドオー/ドオー_寝顔3_どろにうまり寝.webp,10bd95f491e90715b78b70a97547eccd443816c9ff93cdf868d409defb05953f,126,1768,0,寝顔中心・上下直線・左右16%曲線・枠外透過,905,一次一覧確認で確定なし（細部は実装後確認）,枠内に残る可能性
ドオー_寝顔4_おなかのうえ寝.webp,ドオー/ドオー_寝顔4_おなかのうえ寝.webp,0980,ドオー,通常,4,おなかのうえ寝,IMG_1850.png,カビゴンは元画像に見える範囲のみ。再生ボタンの重なり部分は補描なし。,加工済み・実装後確認,再生ボタン残り：身体の欠損とは別,"(95, 1836, 525, 2116)",構図要確認,未照合,画像/ドオー/ドオー_寝顔4_おなかのうえ寝.webp,10bd95f491e90715b78b70a97547eccd443816c9ff93cdf868d409defb05953f,3843,1768,0,寝顔中心・上下直線・左右16%曲線・枠外透過,906,一次一覧確認で確定なし（細部は実装後確認）,枠内に残る可能性
